account_key,cancel_date,days_to_cancel,join_date,cancel_year,cancel_month,cancel_day,join_year,join_month,join_day
3.0,2015-03-10,120,2014-11-10,0.0,0.0,0.0,0.0,0.0,0.0
5.0,2015-04-16,99,2015-01-07,0.0,0.0,0.0,0.0,0.0,0.0
15.0,2015-08-11,211,2015-01-12,0.0,0.0,0.0,0.0,0.0,0.0
18.0,2015-02-17,99,2014-11-10,0.0,0.0,0.0,0.0,0.0,0.0
19.0,2015-07-13,98,2015-04-06,0.0,0.0,0.0,0.0,0.0,0.0
24.0,2015-06-10,189,2014-12-03,0.0,0.0,0.0,0.0,0.0,0.0
25.0,2015-02-18,99,2014-11-11,0.0,0.0,0.0,0.0,0.0,0.0
31.0,2015-03-10,120,2014-11-10,0.0,0.0,0.0,0.0,0.0,0.0
34.0,2015-02-03,79,2014-11-16,0.0,0.0,0.0,0.0,0.0,0.0
42.0,2015-05-11,68,2015-03-04,0.0,0.0,0.0,0.0,0.0,0.0
43.0,2015-03-30,112,2014-12-08,0.0,0.0,0.0,0.0,0.0,0.0
44.0,2015-03-10,120,2014-11-10,0.0,0.0,0.0,0.0,0.0,0.0
45.0,2015-03-10,120,2014-11-10,0.0,0.0,0.0,0.0,0.0,0.0
51.0,2015-06-17,219,2014-11-10,0.0,0.0,0.0,0.0,0.0,0.0
52.0,2015-03-14,97,2014-12-07,0.0,0.0,0.0,0.0,0.0,0.0
53.0,2014-12-21,37,2014-11-14,0.0,0.0,0.0,0.0,0.0,0.0
57.0,2015-02-18,99,2014-11-11,0.0,0.0,0.0,0.0,0.0,0.0
60.0,2015-04-01,142,2014-11-10,0.0,0.0,0.0,0.0,0.0,0.0
62.0,2015-07-15,219,2014-12-08,0.0,0.0,0.0,0.0,0.0,0.0
64.0,2015-04-13,128,2014-12-06,0.0,0.0,0.0,0.0,0.0,0.0
65.0,2015-02-23,99,2014-11-16,0.0,0.0,0.0,0.0,0.0,0.0
67.0,2015-03-14,66,2015-01-07,0.0,0.0,0.0,0.0,0.0,0.0
69.0,2015-05-24,188,2014-11-17,0.0,0.0,0.0,0.0,0.0,0.0
71.0,2015-02-18,42,2015-01-07,0.0,0.0,0.0,0.0,0.0,0.0
72.0,2015-05-17,188,2014-11-10,0.0,0.0,0.0,0.0,0.0,0.0
74.0,2015-04-23,159,2014-11-15,0.0,0.0,0.0,0.0,0.0,0.0
76.0,2015-01-15,62,2014-11-14,0.0,0.0,0.0,0.0,0.0,0.0
78.0,2015-04-01,114,2014-12-08,0.0,0.0,0.0,0.0,0.0,0.0
79.0,2015-07-16,219,2014-12-09,0.0,0.0,0.0,0.0,0.0,0.0
85.0,2015-03-27,136,2014-11-11,0.0,0.0,0.0,0.0,0.0,0.0
88.0,2015-04-01,137,2014-11-15,0.0,0.0,0.0,0.0,0.0,0.0
90.0,2015-04-01,142,2014-11-10,0.0,0.0,0.0,0.0,0.0,0.0
91.0,2015-03-10,120,2014-11-10,0.0,0.0,0.0,0.0,0.0,0.0
92.0,2015-07-19,249,2014-11-12,0.0,0.0,0.0,0.0,0.0,0.0
93.0,2015-04-14,97,2015-01-07,0.0,0.0,0.0,0.0,0.0,0.0
97.0,2015-04-08,62,2015-02-05,0.0,0.0,0.0,0.0,0.0,0.0
98.0,2015-07-09,98,2015-04-02,0.0,0.0,0.0,0.0,0.0,0.0
99.0,2015-08-20,219,2015-01-13,0.0,0.0,0.0,0.0,0.0,0.0
101.0,2015-04-20,159,2014-11-12,0.0,0.0,0.0,0.0,0.0,0.0
105.0,2015-05-14,37,2015-04-07,0.0,0.0,0.0,0.0,0.0,0.0
106.0,2015-03-10,119,2014-11-11,0.0,0.0,0.0,0.0,0.0,0.0
108.0,2015-05-14,127,2015-01-07,0.0,0.0,0.0,0.0,0.0,0.0
110.0,2015-05-10,158,2014-12-03,0.0,0.0,0.0,0.0,0.0,0.0
111.0,2015-03-01,84,2014-12-07,0.0,0.0,0.0,0.0,0.0,0.0
113.0,2015-07-11,129,2015-03-04,0.0,0.0,0.0,0.0,0.0,0.0
119.0,2015-04-08,126,2014-12-03,0.0,0.0,0.0,0.0,0.0,0.0
123.0,2015-04-17,158,2014-11-10,0.0,0.0,0.0,0.0,0.0,0.0
130.0,2015-06-17,219,2014-11-10,0.0,0.0,0.0,0.0,0.0,0.0
132.0,2015-06-11,99,2015-03-04,0.0,0.0,0.0,0.0,0.0,0.0
134.0,2015-06-12,127,2015-02-05,0.0,0.0,0.0,0.0,0.0,0.0
136.0,2015-04-08,62,2015-02-05,0.0,0.0,0.0,0.0,0.0,0.0
138.0,2015-04-08,57,2015-02-10,0.0,0.0,0.0,0.0,0.0,0.0
140.0,2015-01-14,65,2014-11-10,0.0,0.0,0.0,0.0,0.0,0.0
141.0,2015-05-14,68,2015-03-07,0.0,0.0,0.0,0.0,0.0,0.0
142.0,2015-08-03,203,2015-01-12,0.0,0.0,0.0,0.0,0.0,0.0
143.0,2015-06-16,127,2015-02-09,0.0,0.0,0.0,0.0,0.0,0.0
147.0,2015-02-03,62,2014-12-03,0.0,0.0,0.0,0.0,0.0,0.0
148.0,2015-04-18,158,2014-11-11,0.0,0.0,0.0,0.0,0.0,0.0
150.0,2015-05-17,188,2014-11-10,0.0,0.0,0.0,0.0,0.0,0.0
151.0,2015-04-02,81,2015-01-11,0.0,0.0,0.0,0.0,0.0,0.0
153.0,2015-07-14,219,2014-12-07,0.0,0.0,0.0,0.0,0.0,0.0
157.0,2015-07-17,249,2014-11-10,0.0,0.0,0.0,0.0,0.0,0.0
159.0,2015-02-12,65,2014-12-09,0.0,0.0,0.0,0.0,0.0,0.0
160.0,2015-02-18,99,2014-11-11,0.0,0.0,0.0,0.0,0.0,0.0
161.0,2015-05-19,188,2014-11-12,0.0,0.0,0.0,0.0,0.0,0.0
165.0,2015-03-17,127,2014-11-10,0.0,0.0,0.0,0.0,0.0,0.0
168.0,2015-04-08,86,2015-01-12,0.0,0.0,0.0,0.0,0.0,0.0
169.0,2015-08-12,246,2014-12-09,0.0,0.0,0.0,0.0,0.0,0.0
170.0,2015-08-16,219,2015-01-09,0.0,0.0,0.0,0.0,0.0,0.0
171.0,2015-06-15,99,2015-03-08,0.0,0.0,0.0,0.0,0.0,0.0
174.0,2015-03-10,97,2014-12-03,0.0,0.0,0.0,0.0,0.0,0.0
178.0,2015-05-09,173,2014-11-17,0.0,0.0,0.0,0.0,0.0,0.0
179.0,2015-03-17,127,2014-11-10,0.0,0.0,0.0,0.0,0.0,0.0
180.0,2015-04-08,86,2015-01-12,0.0,0.0,0.0,0.0,0.0,0.0
181.0,2015-03-10,117,2014-11-13,0.0,0.0,0.0,0.0,0.0,0.0
185.0,2015-04-01,140,2014-11-12,0.0,0.0,0.0,0.0,0.0,0.0
187.0,2015-04-19,158,2014-11-12,0.0,0.0,0.0,0.0,0.0,0.0
190.0,2015-04-08,56,2015-02-11,0.0,0.0,0.0,0.0,0.0,0.0
191.0,2015-03-10,114,2014-11-16,0.0,0.0,0.0,0.0,0.0,0.0
193.0,2015-04-01,114,2014-12-08,0.0,0.0,0.0,0.0,0.0,0.0
197.0,2015-06-14,158,2015-01-07,0.0,0.0,0.0,0.0,0.0,0.0
203.0,2015-07-19,246,2014-11-15,0.0,0.0,0.0,0.0,0.0,0.0
208.0,2015-06-15,99,2015-03-08,0.0,0.0,0.0,0.0,0.0,0.0
217.0,2015-03-10,116,2014-11-14,0.0,0.0,0.0,0.0,0.0,0.0
220.0,2015-05-29,52,2015-04-07,0.0,0.0,0.0,0.0,0.0,0.0
221.0,2015-02-10,69,2014-12-03,0.0,0.0,0.0,0.0,0.0,0.0
227.0,2014-12-19,37,2014-11-12,0.0,0.0,0.0,0.0,0.0,0.0
229.0,2015-06-14,158,2015-01-07,0.0,0.0,0.0,0.0,0.0,0.0
243.0,2015-04-15,150,2014-11-16,0.0,0.0,0.0,0.0,0.0,0.0
251.0,2015-04-08,61,2015-02-06,0.0,0.0,0.0,0.0,0.0,0.0
253.0,2015-01-14,59,2014-11-16,0.0,0.0,0.0,0.0,0.0,0.0
256.0,2015-06-10,189,2014-12-03,0.0,0.0,0.0,0.0,0.0,0.0
258.0,2015-07-17,249,2014-11-10,0.0,0.0,0.0,0.0,0.0,0.0
259.0,2015-07-14,131,2015-03-05,0.0,0.0,0.0,0.0,0.0,0.0
261.0,2015-02-23,99,2014-11-16,0.0,0.0,0.0,0.0,0.0,0.0
263.0,2015-07-08,179,2015-01-10,0.0,0.0,0.0,0.0,0.0,0.0
264.0,2015-02-25,84,2014-12-03,0.0,0.0,0.0,0.0,0.0,0.0
265.0,2015-01-11,38,2014-12-04,0.0,0.0,0.0,0.0,0.0,0.0
268.0,2015-08-10,273,2014-11-10,0.0,0.0,0.0,0.0,0.0,0.0
270.0,2015-05-31,142,2015-01-09,0.0,0.0,0.0,0.0,0.0,0.0
272.0,2015-05-15,127,2015-01-08,0.0,0.0,0.0,0.0,0.0,0.0
279.0,2015-04-08,62,2015-02-05,0.0,0.0,0.0,0.0,0.0,0.0
284.0,2015-04-08,58,2015-02-09,0.0,0.0,0.0,0.0,0.0,0.0
285.0,2015-03-10,62,2015-01-07,0.0,0.0,0.0,0.0,0.0,0.0
289.0,2015-07-14,98,2015-04-07,0.0,0.0,0.0,0.0,0.0,0.0
293.0,2015-08-17,99,2015-05-10,0.0,0.0,0.0,0.0,0.0,0.0
306.0,2015-04-08,59,2015-02-08,0.0,0.0,0.0,0.0,0.0,0.0
315.0,2015-05-17,188,2014-11-10,0.0,0.0,0.0,0.0,0.0,0.0
316.0,2015-06-13,189,2014-12-06,0.0,0.0,0.0,0.0,0.0,0.0
321.0,2015-07-07,234,2014-11-15,0.0,0.0,0.0,0.0,0.0,0.0
322.0,2015-03-10,120,2014-11-10,0.0,0.0,0.0,0.0,0.0,0.0
323.0,2015-04-17,158,2014-11-10,0.0,0.0,0.0,0.0,0.0,0.0
329.0,2015-04-08,149,2014-11-10,0.0,0.0,0.0,0.0,0.0,0.0
334.0,2015-03-10,114,2014-11-16,0.0,0.0,0.0,0.0,0.0,0.0
335.0,2015-05-19,188,2014-11-12,0.0,0.0,0.0,0.0,0.0,0.0
338.0,2015-02-22,99,2014-11-15,0.0,0.0,0.0,0.0,0.0,0.0
339.0,2015-06-17,219,2014-11-10,0.0,0.0,0.0,0.0,0.0,0.0
343.0,2015-03-14,97,2014-12-07,0.0,0.0,0.0,0.0,0.0,0.0
347.0,2015-03-14,97,2014-12-07,0.0,0.0,0.0,0.0,0.0,0.0
348.0,2015-02-27,22,2015-02-05,0.0,0.0,0.0,0.0,0.0,0.0
361.0,2015-06-20,38,2015-05-13,0.0,0.0,0.0,0.0,0.0,0.0
362.0,2015-04-16,97,2015-01-09,0.0,0.0,0.0,0.0,0.0,0.0
366.0,2015-04-17,158,2014-11-10,0.0,0.0,0.0,0.0,0.0,0.0
367.0,2015-04-02,142,2014-11-11,0.0,0.0,0.0,0.0,0.0,0.0
378.0,2015-04-17,158,2014-11-10,0.0,0.0,0.0,0.0,0.0,0.0
386.0,2015-06-13,151,2015-01-13,0.0,0.0,0.0,0.0,0.0,0.0
388.0,2015-02-03,57,2014-12-08,0.0,0.0,0.0,0.0,0.0,0.0
394.0,2015-04-17,158,2014-11-10,0.0,0.0,0.0,0.0,0.0,0.0
397.0,2015-04-01,118,2014-12-04,0.0,0.0,0.0,0.0,0.0,0.0
402.0,2015-03-10,57,2015-01-12,0.0,0.0,0.0,0.0,0.0,0.0
404.0,2015-08-17,132,2015-04-07,0.0,0.0,0.0,0.0,0.0,0.0
407.0,2015-08-13,99,2015-05-06,0.0,0.0,0.0,0.0,0.0,0.0
408.0,2015-04-17,158,2014-11-10,0.0,0.0,0.0,0.0,0.0,0.0
410.0,2015-08-19,99,2015-05-12,0.0,0.0,0.0,0.0,0.0,0.0
411.0,2015-06-15,189,2014-12-08,0.0,0.0,0.0,0.0,0.0,0.0
412.0,2015-04-01,142,2014-11-10,0.0,0.0,0.0,0.0,0.0,0.0
413.0,2015-05-13,96,2015-02-06,0.0,0.0,0.0,0.0,0.0,0.0
415.0,2015-03-10,114,2014-11-16,0.0,0.0,0.0,0.0,0.0,0.0
416.0,2015-07-15,154,2015-02-11,0.0,0.0,0.0,0.0,0.0,0.0
418.0,2015-07-18,188,2015-01-11,0.0,0.0,0.0,0.0,0.0,0.0
419.0,2015-08-08,264,2014-11-17,0.0,0.0,0.0,0.0,0.0,0.0
423.0,2015-04-08,58,2015-02-09,0.0,0.0,0.0,0.0,0.0,0.0
426.0,2015-08-14,135,2015-04-01,0.0,0.0,0.0,0.0,0.0,0.0
427.0,2015-06-16,158,2015-01-09,0.0,0.0,0.0,0.0,0.0,0.0
429.0,2015-06-17,219,2014-11-10,0.0,0.0,0.0,0.0,0.0,0.0
431.0,2015-03-17,127,2014-11-10,0.0,0.0,0.0,0.0,0.0,0.0
434.0,2015-06-03,142,2015-01-12,0.0,0.0,0.0,0.0,0.0,0.0
439.0,2015-03-10,120,2014-11-10,0.0,0.0,0.0,0.0,0.0,0.0
440.0,2015-02-18,99,2014-11-11,0.0,0.0,0.0,0.0,0.0,0.0
441.0,2015-06-19,219,2014-11-12,0.0,0.0,0.0,0.0,0.0,0.0
442.0,2015-04-27,110,2015-01-07,0.0,0.0,0.0,0.0,0.0,0.0
444.0,2015-04-08,125,2014-12-04,0.0,0.0,0.0,0.0,0.0,0.0
447.0,2015-06-04,41,2015-04-24,0.0,0.0,0.0,0.0,0.0,0.0
458.0,2015-04-06,147,2014-11-10,0.0,0.0,0.0,0.0,0.0,0.0
460.0,2015-05-05,118,2015-01-07,0.0,0.0,0.0,0.0,0.0,0.0
465.0,2015-08-12,188,2015-02-05,0.0,0.0,0.0,0.0,0.0,0.0
467.0,2015-07-02,173,2015-01-10,0.0,0.0,0.0,0.0,0.0,0.0
473.0,2015-04-15,128,2014-12-08,0.0,0.0,0.0,0.0,0.0,0.0
474.0,2015-03-16,97,2014-12-09,0.0,0.0,0.0,0.0,0.0,0.0
477.0,2015-07-11,129,2015-03-04,0.0,0.0,0.0,0.0,0.0,0.0
480.0,2015-04-01,142,2014-11-10,0.0,0.0,0.0,0.0,0.0,0.0
483.0,2015-04-20,161,2014-11-10,0.0,0.0,0.0,0.0,0.0,0.0
499.0,2015-05-13,177,2014-11-17,0.0,0.0,0.0,0.0,0.0,0.0
500.0,2015-02-03,83,2014-11-12,0.0,0.0,0.0,0.0,0.0,0.0
504.0,2015-06-17,219,2014-11-10,0.0,0.0,0.0,0.0,0.0,0.0
505.0,2015-05-14,68,2015-03-07,0.0,0.0,0.0,0.0,0.0,0.0
507.0,2015-03-10,60,2015-01-09,0.0,0.0,0.0,0.0,0.0,0.0
512.0,2015-03-17,127,2014-11-10,0.0,0.0,0.0,0.0,0.0,0.0
514.0,2015-06-11,189,2014-12-04,0.0,0.0,0.0,0.0,0.0,0.0
520.0,2015-03-17,127,2014-11-10,0.0,0.0,0.0,0.0,0.0,0.0
521.0,2015-07-16,157,2015-02-09,0.0,0.0,0.0,0.0,0.0,0.0
523.0,2015-03-10,97,2014-12-03,0.0,0.0,0.0,0.0,0.0,0.0
524.0,2015-02-03,59,2014-12-06,0.0,0.0,0.0,0.0,0.0,0.0
525.0,2015-07-17,249,2014-11-10,0.0,0.0,0.0,0.0,0.0,0.0
528.0,2015-08-10,129,2015-04-03,0.0,0.0,0.0,0.0,0.0,0.0
529.0,2015-02-03,57,2014-12-08,0.0,0.0,0.0,0.0,0.0,0.0
532.0,2015-06-19,158,2015-01-12,0.0,0.0,0.0,0.0,0.0,0.0
534.0,2015-04-19,97,2015-01-12,0.0,0.0,0.0,0.0,0.0,0.0
541.0,2015-06-19,219,2014-11-12,0.0,0.0,0.0,0.0,0.0,0.0
544.0,2015-05-17,188,2014-11-10,0.0,0.0,0.0,0.0,0.0,0.0
547.0,2015-08-16,250,2014-12-09,0.0,0.0,0.0,0.0,0.0,0.0
549.0,2015-06-10,189,2014-12-03,0.0,0.0,0.0,0.0,0.0,0.0
550.0,2015-07-04,236,2014-11-10,0.0,0.0,0.0,0.0,0.0,0.0
557.0,2015-03-10,92,2014-12-08,0.0,0.0,0.0,0.0,0.0,0.0
558.0,2015-04-01,119,2014-12-03,0.0,0.0,0.0,0.0,0.0,0.0
563.0,2015-07-10,219,2014-12-03,0.0,0.0,0.0,0.0,0.0,0.0
564.0,2015-04-08,59,2015-02-08,0.0,0.0,0.0,0.0,0.0,0.0
569.0,2015-08-09,68,2015-06-02,0.0,0.0,0.0,0.0,0.0,0.0
571.0,2015-04-01,114,2014-12-08,0.0,0.0,0.0,0.0,0.0,0.0
576.0,2015-02-17,99,2014-11-10,0.0,0.0,0.0,0.0,0.0,0.0
577.0,2015-07-12,242,2014-11-12,0.0,0.0,0.0,0.0,0.0,0.0
580.0,2015-07-17,249,2014-11-10,0.0,0.0,0.0,0.0,0.0,0.0
583.0,2015-05-15,158,2014-12-08,0.0,0.0,0.0,0.0,0.0,0.0
584.0,2015-03-10,120,2014-11-10,0.0,0.0,0.0,0.0,0.0,0.0
587.0,2015-04-17,158,2014-11-10,0.0,0.0,0.0,0.0,0.0,0.0
589.0,2015-04-08,62,2015-02-05,0.0,0.0,0.0,0.0,0.0,0.0
590.0,2015-03-10,97,2014-12-03,0.0,0.0,0.0,0.0,0.0,0.0
591.0,2015-04-01,140,2014-11-12,0.0,0.0,0.0,0.0,0.0,0.0
597.0,2015-07-19,188,2015-01-12,0.0,0.0,0.0,0.0,0.0,0.0
599.0,2015-01-22,71,2014-11-12,0.0,0.0,0.0,0.0,0.0,0.0
601.0,2015-03-10,120,2014-11-10,0.0,0.0,0.0,0.0,0.0,0.0
602.0,2015-08-13,188,2015-02-06,0.0,0.0,0.0,0.0,0.0,0.0
606.0,2015-06-15,68,2015-04-08,0.0,0.0,0.0,0.0,0.0,0.0
610.0,2015-03-14,66,2015-01-07,0.0,0.0,0.0,0.0,0.0,0.0
611.0,2015-01-15,38,2014-12-08,0.0,0.0,0.0,0.0,0.0,0.0
612.0,2015-03-17,127,2014-11-10,0.0,0.0,0.0,0.0,0.0,0.0
618.0,2015-04-12,128,2014-12-05,0.0,0.0,0.0,0.0,0.0,0.0
622.0,2015-06-15,158,2015-01-08,0.0,0.0,0.0,0.0,0.0,0.0
623.0,2015-04-15,129,2014-12-07,0.0,0.0,0.0,0.0,0.0,0.0
624.0,2015-06-26,114,2015-03-04,0.0,0.0,0.0,0.0,0.0,0.0
626.0,2015-05-11,182,2014-11-10,0.0,0.0,0.0,0.0,0.0,0.0
630.0,2015-03-18,127,2014-11-11,0.0,0.0,0.0,0.0,0.0,0.0
631.0,2015-07-15,224,2014-12-03,0.0,0.0,0.0,0.0,0.0,0.0
634.0,2015-06-16,189,2014-12-09,0.0,0.0,0.0,0.0,0.0,0.0
636.0,2015-08-12,184,2015-02-09,0.0,0.0,0.0,0.0,0.0,0.0
637.0,2015-08-13,250,2014-12-06,0.0,0.0,0.0,0.0,0.0,0.0
639.0,2015-03-20,127,2014-11-13,0.0,0.0,0.0,0.0,0.0,0.0
640.0,2015-04-01,140,2014-11-12,0.0,0.0,0.0,0.0,0.0,0.0
641.0,2015-06-14,187,2014-12-09,0.0,0.0,0.0,0.0,0.0,0.0
643.0,2015-04-18,136,2014-12-03,0.0,0.0,0.0,0.0,0.0,0.0
645.0,2015-05-16,96,2015-02-09,0.0,0.0,0.0,0.0,0.0,0.0
649.0,2015-03-17,127,2014-11-10,0.0,0.0,0.0,0.0,0.0,0.0
650.0,2015-08-11,250,2014-12-04,0.0,0.0,0.0,0.0,0.0,0.0
651.0,2015-06-13,68,2015-04-06,0.0,0.0,0.0,0.0,0.0,0.0
655.0,2015-01-20,71,2014-11-10,0.0,0.0,0.0,0.0,0.0,0.0
657.0,2015-03-20,66,2015-01-13,0.0,0.0,0.0,0.0,0.0,0.0
660.0,2015-01-10,38,2014-12-03,0.0,0.0,0.0,0.0,0.0,0.0
661.0,2015-06-19,38,2015-05-12,0.0,0.0,0.0,0.0,0.0,0.0
663.0,2015-06-15,13,2015-06-02,0.0,0.0,0.0,0.0,0.0,0.0
666.0,2015-04-16,66,2015-02-09,0.0,0.0,0.0,0.0,0.0,0.0
667.0,2015-01-16,38,2014-12-09,0.0,0.0,0.0,0.0,0.0,0.0
668.0,2015-01-20,42,2014-12-09,0.0,0.0,0.0,0.0,0.0,0.0
669.0,2015-07-19,68,2015-05-12,0.0,0.0,0.0,0.0,0.0,0.0
670.0,2015-04-15,97,2015-01-08,0.0,0.0,0.0,0.0,0.0,0.0
671.0,2015-02-03,56,2014-12-09,0.0,0.0,0.0,0.0,0.0,0.0
678.0,2015-02-15,38,2015-01-08,0.0,0.0,0.0,0.0,0.0,0.0
681.0,2015-06-15,75,2015-04-01,0.0,0.0,0.0,0.0,0.0,0.0
682.0,2015-05-15,159,2014-12-07,0.0,0.0,0.0,0.0,0.0,0.0
690.0,2015-04-08,62,2015-02-05,0.0,0.0,0.0,0.0,0.0,0.0
692.0,2015-02-24,13,2015-02-11,0.0,0.0,0.0,0.0,0.0,0.0
693.0,2015-01-23,69,2014-11-15,0.0,0.0,0.0,0.0,0.0,0.0
696.0,2015-01-20,71,2014-11-10,0.0,0.0,0.0,0.0,0.0,0.0
697.0,2015-01-15,38,2014-12-08,0.0,0.0,0.0,0.0,0.0,0.0
698.0,2015-02-15,38,2015-01-08,0.0,0.0,0.0,0.0,0.0,0.0
702.0,2015-03-10,117,2014-11-13,0.0,0.0,0.0,0.0,0.0,0.0
704.0,2015-07-13,68,2015-05-06,0.0,0.0,0.0,0.0,0.0,0.0
705.0,2015-04-28,141,2014-12-08,0.0,0.0,0.0,0.0,0.0,0.0
706.0,2015-07-14,98,2015-04-07,0.0,0.0,0.0,0.0,0.0,0.0
709.0,2015-03-15,35,2015-02-08,0.0,0.0,0.0,0.0,0.0,0.0
710.0,2015-02-15,69,2014-12-08,0.0,0.0,0.0,0.0,0.0,0.0
712.0,2015-03-20,127,2014-11-13,0.0,0.0,0.0,0.0,0.0,0.0
713.0,2015-07-04,53,2015-05-12,0.0,0.0,0.0,0.0,0.0,0.0
714.0,2015-07-12,62,2015-05-11,0.0,0.0,0.0,0.0,0.0,0.0
718.0,2015-06-19,42,2015-05-08,0.0,0.0,0.0,0.0,0.0,0.0
719.0,2014-11-25,8,2014-11-17,0.0,0.0,0.0,0.0,0.0,0.0
720.0,2015-04-11,38,2015-03-04,0.0,0.0,0.0,0.0,0.0,0.0
721.0,2015-07-15,36,2015-06-09,0.0,0.0,0.0,0.0,0.0,0.0
722.0,2015-05-19,127,2015-01-12,0.0,0.0,0.0,0.0,0.0,0.0
726.0,2015-05-15,37,2015-04-08,0.0,0.0,0.0,0.0,0.0,0.0
729.0,2015-04-25,22,2015-04-03,0.0,0.0,0.0,0.0,0.0,0.0
730.0,2015-01-30,22,2015-01-08,0.0,0.0,0.0,0.0,0.0,0.0
732.0,2015-05-19,127,2015-01-12,0.0,0.0,0.0,0.0,0.0,0.0
735.0,2015-06-09,56,2015-04-14,0.0,0.0,0.0,0.0,0.0,0.0
736.0,2015-03-11,97,2014-12-04,0.0,0.0,0.0,0.0,0.0,0.0
743.0,2015-01-16,38,2014-12-09,0.0,0.0,0.0,0.0,0.0,0.0
744.0,2014-12-21,37,2014-11-14,0.0,0.0,0.0,0.0,0.0,0.0
746.0,2015-03-12,35,2015-02-05,0.0,0.0,0.0,0.0,0.0,0.0
752.0,2014-11-19,9,2014-11-10,0.0,0.0,0.0,0.0,0.0,0.0
753.0,2015-04-12,38,2015-03-05,0.0,0.0,0.0,0.0,0.0,0.0
756.0,2015-01-15,64,2014-11-12,0.0,0.0,0.0,0.0,0.0,0.0
757.0,2015-02-18,38,2015-01-11,0.0,0.0,0.0,0.0,0.0,0.0
759.0,2015-04-15,128,2014-12-08,0.0,0.0,0.0,0.0,0.0,0.0
761.0,2015-02-18,38,2015-01-11,0.0,0.0,0.0,0.0,0.0,0.0
762.0,2015-07-15,37,2015-06-08,0.0,0.0,0.0,0.0,0.0,0.0
769.0,2015-04-25,22,2015-04-03,0.0,0.0,0.0,0.0,0.0,0.0
776.0,2015-02-03,57,2014-12-08,0.0,0.0,0.0,0.0,0.0,0.0
777.0,2015-08-15,68,2015-06-08,0.0,0.0,0.0,0.0,0.0,0.0
778.0,2014-12-29,22,2014-12-07,0.0,0.0,0.0,0.0,0.0,0.0
779.0,2015-06-18,39,2015-05-10,0.0,0.0,0.0,0.0,0.0,0.0
780.0,2015-02-18,38,2015-01-11,0.0,0.0,0.0,0.0,0.0,0.0
785.0,2015-05-19,127,2015-01-12,0.0,0.0,0.0,0.0,0.0,0.0
786.0,2015-05-09,37,2015-04-02,0.0,0.0,0.0,0.0,0.0,0.0
787.0,2014-12-23,37,2014-11-16,0.0,0.0,0.0,0.0,0.0,0.0
792.0,2015-06-16,127,2015-02-09,0.0,0.0,0.0,0.0,0.0,0.0
793.0,2015-04-17,66,2015-02-10,0.0,0.0,0.0,0.0,0.0,0.0
796.0,2015-04-16,9,2015-04-07,0.0,0.0,0.0,0.0,0.0,0.0
800.0,2015-05-11,180,2014-11-12,0.0,0.0,0.0,0.0,0.0,0.0
801.0,2015-02-03,57,2014-12-08,0.0,0.0,0.0,0.0,0.0,0.0
804.0,2015-07-16,37,2015-06-09,0.0,0.0,0.0,0.0,0.0,0.0
808.0,2014-12-30,22,2014-12-08,0.0,0.0,0.0,0.0,0.0,0.0
811.0,2015-06-13,38,2015-05-06,0.0,0.0,0.0,0.0,0.0,0.0
822.0,2015-01-15,59,2014-11-17,0.0,0.0,0.0,0.0,0.0,0.0
823.0,2015-05-17,96,2015-02-10,0.0,0.0,0.0,0.0,0.0,0.0
824.0,2015-03-04,54,2015-01-09,0.0,0.0,0.0,0.0,0.0,0.0
825.0,2015-06-16,41,2015-05-06,0.0,0.0,0.0,0.0,0.0,0.0
828.0,2015-04-16,38,2015-03-09,0.0,0.0,0.0,0.0,0.0,0.0
829.0,2014-12-22,38,2014-11-14,0.0,0.0,0.0,0.0,0.0,0.0
831.0,2015-01-10,38,2014-12-03,0.0,0.0,0.0,0.0,0.0,0.0
833.0,2015-03-03,22,2015-02-09,0.0,0.0,0.0,0.0,0.0,0.0
835.0,2015-01-10,38,2014-12-03,0.0,0.0,0.0,0.0,0.0,0.0
836.0,2015-01-16,38,2014-12-09,0.0,0.0,0.0,0.0,0.0,0.0
839.0,2015-01-15,63,2014-11-13,0.0,0.0,0.0,0.0,0.0,0.0
844.0,2015-05-12,35,2015-04-07,0.0,0.0,0.0,0.0,0.0,0.0
846.0,2015-06-19,38,2015-05-12,0.0,0.0,0.0,0.0,0.0,0.0
848.0,2015-08-14,161,2015-03-06,0.0,0.0,0.0,0.0,0.0,0.0
855.0,2014-12-21,37,2014-11-14,0.0,0.0,0.0,0.0,0.0,0.0
856.0,2015-08-09,22,2015-07-18,0.0,0.0,0.0,0.0,0.0,0.0
857.0,2015-04-08,61,2015-02-06,0.0,0.0,0.0,0.0,0.0,0.0
858.0,2015-07-19,68,2015-05-12,0.0,0.0,0.0,0.0,0.0,0.0
859.0,2015-02-18,95,2014-11-15,0.0,0.0,0.0,0.0,0.0,0.0
864.0,2014-11-19,9,2014-11-10,0.0,0.0,0.0,0.0,0.0,0.0
866.0,2015-01-14,38,2014-12-07,0.0,0.0,0.0,0.0,0.0,0.0
867.0,2014-12-31,22,2014-12-09,0.0,0.0,0.0,0.0,0.0,0.0
868.0,2014-12-08,22,2014-11-16,0.0,0.0,0.0,0.0,0.0,0.0
873.0,2015-01-30,22,2015-01-08,0.0,0.0,0.0,0.0,0.0,0.0
877.0,2015-06-04,22,2015-05-13,0.0,0.0,0.0,0.0,0.0,0.0
882.0,2014-12-17,37,2014-11-10,0.0,0.0,0.0,0.0,0.0,0.0
895.0,2014-11-19,8,2014-11-11,0.0,0.0,0.0,0.0,0.0,0.0
896.0,2015-04-08,121,2014-12-08,0.0,0.0,0.0,0.0,0.0,0.0
897.0,2015-07-15,37,2015-06-08,0.0,0.0,0.0,0.0,0.0,0.0
900.0,2015-02-17,38,2015-01-10,0.0,0.0,0.0,0.0,0.0,0.0
905.0,2015-03-15,66,2015-01-08,0.0,0.0,0.0,0.0,0.0,0.0
906.0,2015-03-10,113,2014-11-17,0.0,0.0,0.0,0.0,0.0,0.0
909.0,2014-12-28,23,2014-12-05,0.0,0.0,0.0,0.0,0.0,0.0
912.0,2015-08-13,68,2015-06-06,0.0,0.0,0.0,0.0,0.0,0.0
913.0,2015-02-17,99,2014-11-10,0.0,0.0,0.0,0.0,0.0,0.0
914.0,2015-07-17,106,2015-04-02,0.0,0.0,0.0,0.0,0.0,0.0
916.0,2015-04-15,66,2015-02-08,0.0,0.0,0.0,0.0,0.0,0.0
918.0,2015-05-28,52,2015-04-06,0.0,0.0,0.0,0.0,0.0,0.0
919.0,2015-03-17,127,2014-11-10,0.0,0.0,0.0,0.0,0.0,0.0
923.0,2015-03-10,114,2014-11-16,0.0,0.0,0.0,0.0,0.0,0.0
927.0,2015-07-20,75,2015-05-06,0.0,0.0,0.0,0.0,0.0,0.0
932.0,2015-01-16,38,2014-12-09,0.0,0.0,0.0,0.0,0.0,0.0
934.0,2015-02-18,38,2015-01-11,0.0,0.0,0.0,0.0,0.0,0.0
937.0,2015-06-13,38,2015-05-06,0.0,0.0,0.0,0.0,0.0,0.0
938.0,2015-01-16,63,2014-11-14,0.0,0.0,0.0,0.0,0.0,0.0
941.0,2015-04-01,22,2015-03-10,0.0,0.0,0.0,0.0,0.0,0.0
948.0,2015-06-22,47,2015-05-06,0.0,0.0,0.0,0.0,0.0,0.0
952.0,2015-03-18,35,2015-02-11,0.0,0.0,0.0,0.0,0.0,0.0
954.0,2015-04-02,143,2014-11-10,0.0,0.0,0.0,0.0,0.0,0.0
955.0,2015-08-18,99,2015-05-11,0.0,0.0,0.0,0.0,0.0,0.0
956.0,2015-08-15,68,2015-06-08,0.0,0.0,0.0,0.0,0.0,0.0
958.0,2015-06-07,95,2015-03-04,0.0,0.0,0.0,0.0,0.0,0.0
962.0,2015-02-06,64,2014-12-04,0.0,0.0,0.0,0.0,0.0,0.0
965.0,2015-04-17,97,2015-01-10,0.0,0.0,0.0,0.0,0.0,0.0
966.0,2015-03-10,62,2015-01-07,0.0,0.0,0.0,0.0,0.0,0.0
969.0,2014-12-22,38,2014-11-14,0.0,0.0,0.0,0.0,0.0,0.0
970.0,2015-07-23,76,2015-05-08,0.0,0.0,0.0,0.0,0.0,0.0
972.0,2015-03-22,127,2014-11-15,0.0,0.0,0.0,0.0,0.0,0.0
976.0,2015-01-11,38,2014-12-04,0.0,0.0,0.0,0.0,0.0,0.0
983.0,2015-01-23,68,2014-11-16,0.0,0.0,0.0,0.0,0.0,0.0
984.0,2015-03-12,35,2015-02-05,0.0,0.0,0.0,0.0,0.0,0.0
985.0,2015-04-18,38,2015-03-11,0.0,0.0,0.0,0.0,0.0,0.0
988.0,2015-07-20,68,2015-05-13,0.0,0.0,0.0,0.0,0.0,0.0
989.0,2015-06-19,158,2015-01-12,0.0,0.0,0.0,0.0,0.0,0.0
1007.0,2015-07-23,72,2015-05-12,0.0,0.0,0.0,0.0,0.0,0.0
1009.0,2015-02-12,69,2014-12-05,0.0,0.0,0.0,0.0,0.0,0.0
1011.0,2015-05-15,185,2014-11-11,0.0,0.0,0.0,0.0,0.0,0.0
1013.0,2015-04-11,128,2014-12-04,0.0,0.0,0.0,0.0,0.0,0.0
1015.0,2015-02-03,62,2014-12-03,0.0,0.0,0.0,0.0,0.0,0.0
1019.0,2015-01-18,68,2014-11-11,0.0,0.0,0.0,0.0,0.0,0.0
1022.0,2015-06-14,38,2015-05-07,0.0,0.0,0.0,0.0,0.0,0.0
1029.0,2015-07-04,53,2015-05-12,0.0,0.0,0.0,0.0,0.0,0.0
1030.0,2015-07-18,68,2015-05-11,0.0,0.0,0.0,0.0,0.0,0.0
1033.0,2015-08-13,188,2015-02-06,0.0,0.0,0.0,0.0,0.0,0.0
1035.0,2015-02-09,88,2014-11-13,0.0,0.0,0.0,0.0,0.0,0.0
1038.0,2015-04-26,22,2015-04-04,0.0,0.0,0.0,0.0,0.0,0.0
1039.0,2015-08-16,28,2015-07-19,0.0,0.0,0.0,0.0,0.0,0.0
1040.0,2015-06-19,220,2014-11-11,0.0,0.0,0.0,0.0,0.0,0.0
1042.0,2015-06-19,133,2015-02-06,0.0,0.0,0.0,0.0,0.0,0.0
1049.0,2015-03-04,22,2015-02-10,0.0,0.0,0.0,0.0,0.0,0.0
1052.0,2015-07-19,68,2015-05-12,0.0,0.0,0.0,0.0,0.0,0.0
1053.0,2015-03-18,66,2015-01-11,0.0,0.0,0.0,0.0,0.0,0.0
1054.0,2015-08-14,129,2015-04-07,0.0,0.0,0.0,0.0,0.0,0.0
1055.0,2015-07-15,68,2015-05-08,0.0,0.0,0.0,0.0,0.0,0.0
1058.0,2015-03-10,120,2014-11-10,0.0,0.0,0.0,0.0,0.0,0.0
1060.0,2015-02-18,38,2015-01-11,0.0,0.0,0.0,0.0,0.0,0.0
1062.0,2015-06-17,38,2015-05-10,0.0,0.0,0.0,0.0,0.0,0.0
1066.0,2015-05-02,53,2015-03-10,0.0,0.0,0.0,0.0,0.0,0.0
1071.0,2015-03-17,127,2014-11-10,0.0,0.0,0.0,0.0,0.0,0.0
1074.0,2015-04-18,97,2015-01-11,0.0,0.0,0.0,0.0,0.0,0.0
1075.0,2015-08-16,68,2015-06-09,0.0,0.0,0.0,0.0,0.0,0.0
1077.0,2015-01-30,53,2014-12-08,0.0,0.0,0.0,0.0,0.0,0.0
1082.0,2015-04-13,38,2015-03-06,0.0,0.0,0.0,0.0,0.0,0.0
1088.0,2015-04-25,22,2015-04-03,0.0,0.0,0.0,0.0,0.0,0.0
1089.0,2015-05-13,37,2015-04-06,0.0,0.0,0.0,0.0,0.0,0.0
1090.0,2014-11-26,15,2014-11-11,0.0,0.0,0.0,0.0,0.0,0.0
1094.0,2014-12-17,37,2014-11-10,0.0,0.0,0.0,0.0,0.0,0.0
1095.0,2015-08-13,247,2014-12-09,0.0,0.0,0.0,0.0,0.0,0.0
1099.0,2015-07-18,68,2015-05-11,0.0,0.0,0.0,0.0,0.0,0.0
1102.0,2015-06-15,158,2015-01-08,0.0,0.0,0.0,0.0,0.0,0.0
1103.0,2015-07-20,188,2015-01-13,0.0,0.0,0.0,0.0,0.0,0.0
1107.0,2014-11-19,8,2014-11-11,0.0,0.0,0.0,0.0,0.0,0.0
1111.0,2015-04-18,158,2014-11-11,0.0,0.0,0.0,0.0,0.0,0.0
1115.0,2015-05-15,37,2015-04-08,0.0,0.0,0.0,0.0,0.0,0.0
1117.0,2015-01-15,65,2014-11-11,0.0,0.0,0.0,0.0,0.0,0.0
1118.0,2014-12-24,42,2014-11-12,0.0,0.0,0.0,0.0,0.0,0.0
1119.0,2015-08-16,158,2015-03-11,0.0,0.0,0.0,0.0,0.0,0.0
1121.0,2015-02-18,99,2014-11-11,0.0,0.0,0.0,0.0,0.0,0.0
1123.0,2015-05-10,37,2015-04-03,0.0,0.0,0.0,0.0,0.0,0.0
1124.0,2015-04-08,120,2014-12-09,0.0,0.0,0.0,0.0,0.0,0.0
1128.0,2015-06-18,99,2015-03-11,0.0,0.0,0.0,0.0,0.0,0.0
1129.0,2015-03-07,24,2015-02-11,0.0,0.0,0.0,0.0,0.0,0.0
1130.0,2015-01-25,53,2014-12-03,0.0,0.0,0.0,0.0,0.0,0.0
1139.0,2015-02-18,99,2014-11-11,0.0,0.0,0.0,0.0,0.0,0.0
1140.0,2015-02-17,38,2015-01-10,0.0,0.0,0.0,0.0,0.0,0.0
1142.0,2015-07-17,249,2014-11-10,0.0,0.0,0.0,0.0,0.0,0.0
1146.0,2014-12-23,37,2014-11-16,0.0,0.0,0.0,0.0,0.0,0.0
1152.0,2015-07-22,229,2014-12-05,0.0,0.0,0.0,0.0,0.0,0.0
1153.0,2015-03-13,35,2015-02-06,0.0,0.0,0.0,0.0,0.0,0.0
1160.0,2015-01-12,38,2014-12-05,0.0,0.0,0.0,0.0,0.0,0.0
1161.0,2014-12-20,37,2014-11-13,0.0,0.0,0.0,0.0,0.0,0.0
1163.0,2015-06-13,38,2015-05-06,0.0,0.0,0.0,0.0,0.0,0.0
1167.0,2015-01-10,38,2014-12-03,0.0,0.0,0.0,0.0,0.0,0.0
1170.0,2015-07-12,98,2015-04-05,0.0,0.0,0.0,0.0,0.0,0.0
1174.0,2015-02-17,99,2014-11-10,0.0,0.0,0.0,0.0,0.0,0.0
1175.0,2015-06-09,68,2015-04-02,0.0,0.0,0.0,0.0,0.0,0.0
1178.0,2015-08-07,22,2015-07-16,0.0,0.0,0.0,0.0,0.0,0.0
1183.0,2015-08-08,89,2015-05-11,0.0,0.0,0.0,0.0,0.0,0.0
1188.0,2015-03-17,35,2015-02-10,0.0,0.0,0.0,0.0,0.0,0.0
1189.0,2015-05-14,37,2015-04-07,0.0,0.0,0.0,0.0,0.0,0.0
1194.0,2015-07-08,119,2015-03-11,0.0,0.0,0.0,0.0,0.0,0.0
1198.0,2015-04-11,59,2015-02-11,0.0,0.0,0.0,0.0,0.0,0.0
1199.0,2015-01-15,38,2014-12-08,0.0,0.0,0.0,0.0,0.0,0.0
1200.0,2015-04-11,38,2015-03-04,0.0,0.0,0.0,0.0,0.0,0.0
1201.0,2015-01-14,38,2014-12-07,0.0,0.0,0.0,0.0,0.0,0.0
1202.0,2015-06-14,38,2015-05-07,0.0,0.0,0.0,0.0,0.0,0.0
1204.0,2014-12-17,37,2014-11-10,0.0,0.0,0.0,0.0,0.0,0.0
1205.0,2015-08-05,19,2015-07-17,0.0,0.0,0.0,0.0,0.0,0.0
1207.0,2015-02-28,22,2015-02-06,0.0,0.0,0.0,0.0,0.0,0.0
1208.0,2015-03-13,36,2015-02-05,0.0,0.0,0.0,0.0,0.0,0.0
1210.0,2015-03-14,35,2015-02-07,0.0,0.0,0.0,0.0,0.0,0.0
1211.0,2015-01-15,62,2014-11-14,0.0,0.0,0.0,0.0,0.0,0.0
1212.0,2015-07-27,198,2015-01-10,0.0,0.0,0.0,0.0,0.0,0.0
1214.0,2015-01-15,66,2014-11-10,0.0,0.0,0.0,0.0,0.0,0.0
1215.0,2015-07-18,68,2015-05-11,0.0,0.0,0.0,0.0,0.0,0.0
1217.0,2015-07-28,52,2015-06-06,0.0,0.0,0.0,0.0,0.0,0.0
1220.0,2014-12-17,37,2014-11-10,0.0,0.0,0.0,0.0,0.0,0.0
1226.0,2015-05-12,96,2015-02-05,0.0,0.0,0.0,0.0,0.0,0.0
1236.0,2015-02-03,60,2014-12-05,0.0,0.0,0.0,0.0,0.0,0.0
1242.0,2015-03-10,57,2015-01-12,0.0,0.0,0.0,0.0,0.0,0.0
1243.0,2014-11-18,8,2014-11-10,0.0,0.0,0.0,0.0,0.0,0.0
1244.0,2015-08-17,280,2014-11-10,0.0,0.0,0.0,0.0,0.0,0.0
1247.0,2015-04-12,38,2015-03-05,0.0,0.0,0.0,0.0,0.0,0.0
1248.0,2015-05-13,37,2015-04-06,0.0,0.0,0.0,0.0,0.0,0.0
1249.0,2015-07-18,68,2015-05-11,0.0,0.0,0.0,0.0,0.0,0.0
1253.0,2015-01-20,71,2014-11-10,0.0,0.0,0.0,0.0,0.0,0.0
1254.0,2015-03-17,66,2015-01-10,0.0,0.0,0.0,0.0,0.0,0.0
1259.0,2015-03-10,56,2015-01-13,0.0,0.0,0.0,0.0,0.0,0.0
1260.0,2015-05-18,68,2015-03-11,0.0,0.0,0.0,0.0,0.0,0.0
1264.0,2015-06-09,68,2015-04-02,0.0,0.0,0.0,0.0,0.0,0.0
1266.0,2015-06-16,9,2015-06-07,0.0,0.0,0.0,0.0,0.0,0.0
1268.0,2015-05-28,52,2015-04-06,0.0,0.0,0.0,0.0,0.0,0.0
1277.0,2015-01-22,69,2014-11-14,0.0,0.0,0.0,0.0,0.0,0.0
1285.0,2015-05-14,37,2015-04-07,0.0,0.0,0.0,0.0,0.0,0.0
1287.0,2015-05-20,127,2015-01-13,0.0,0.0,0.0,0.0,0.0,0.0
1289.0,2015-02-03,61,2014-12-04,0.0,0.0,0.0,0.0,0.0,0.0
1292.0,2015-05-14,127,2015-01-07,0.0,0.0,0.0,0.0,0.0,0.0
1294.0,2015-04-09,30,2015-03-10,0.0,0.0,0.0,0.0,0.0,0.0
1295.0,2015-07-22,225,2014-12-09,0.0,0.0,0.0,0.0,0.0,0.0
1296.0,2015-04-15,9,2015-04-06,0.0,0.0,0.0,0.0,0.0,0.0
1297.0,2015-03-09,32,2015-02-05,0.0,0.0,0.0,0.0,0.0,0.0
1299.0,2015-04-08,62,2015-02-05,0.0,0.0,0.0,0.0,0.0,0.0
1303.0,2015-04-21,158,2014-11-14,0.0,0.0,0.0,0.0,0.0,0.0
1305.0,2015-06-19,38,2015-05-12,0.0,0.0,0.0,0.0,0.0,0.0
