,Unnamed: 0,account_key,visits,total_delta,max_delta,avg_delta,total_minutes_spent,avg_minutes_spent,avg_courses_per_visit
0,0,0,88,229.0,45.0,2.60227272727,7605.37141067,86.4246751212,1.22727272727
1,1,1,36,112.0,27.0,3.11111111111,4296.24447584,119.340124329,1.44444444444
2,2,2,29,53.0,9.0,1.8275862069,2977.43004467,102.67000154,1.34482758621
3,3,3,50,272.0,40.0,5.44,4422.01891883,88.4403783767,1.18
4,4,4,35,88.0,24.0,2.51428571429,3722.64885017,106.361395719,1.14285714286
5,5,5,68,87.0,7.0,1.27941176471,4908.93327833,72.1901952696,1.05882352941
6,6,6,45,82.0,5.0,1.82222222222,4106.341951,91.2520433556,1.22222222222
7,7,7,28,86.0,14.0,3.07142857143,2196.93742617,78.4620509346,1.28571428571
8,8,8,61,108.0,22.0,1.77049180328,4620.63367533,75.7480930383,1.16393442623
9,9,9,68,211.0,15.0,3.10294117647,6931.997476,101.941139353,1.16176470588
10,10,10,100,280.0,20.0,2.8,6786.52283067,67.8652283067,1.23
11,11,11,7,36.0,14.0,5.14285714286,601.089187499,85.8698839285,1.0
12,12,12,93,246.0,20.0,2.64516129032,10586.6641202,113.835098066,1.61290322581
13,13,13,21,46.0,6.0,2.19047619048,1977.09014267,94.1471496508,1.42857142857
14,14,14,24,72.0,25.0,3.0,2171.3060355,90.4710848125,1.58333333333
15,15,15,65,196.0,47.0,3.01538461538,9278.58212683,142.747417336,1.35384615385
16,16,16,23,105.0,15.0,4.5652173913,1446.93941433,62.9104093189,1.21739130435
17,17,17,33,103.0,16.0,3.12121212121,2620.40635883,79.406253298,1.21212121212
18,18,18,27,83.0,32.0,3.07407407407,1966.81418533,72.8449698272,1.14814814815
19,19,19,31,85.0,22.0,2.74193548387,2011.20928533,64.8777188817,1.16129032258
20,20,20,40,93.0,12.0,2.325,2324.01646967,58.1004117417,1.175
21,21,21,21,41.0,8.0,1.95238095238,2212.98379267,105.380180603,1.2380952381
22,22,22,36,142.0,27.0,3.94444444444,2659.48344417,73.8745401157,1.25
23,23,23,108,259.0,46.0,2.39814814815,10414.6450887,96.4318989691,1.42592592593
24,24,24,77,174.0,12.0,2.25974025974,8112.84732367,105.361653554,1.20779220779
25,25,25,61,242.0,105.0,3.96721311475,4840.0342895,79.344824418,1.14754098361
26,26,26,43,114.0,27.0,2.6511627907,2963.45045933,68.9174525426,1.09302325581
27,27,27,38,107.0,33.0,2.81578947368,5136.5036265,135.171148066,1.15789473684
28,28,28,74,222.0,20.0,3.0,7448.36471567,100.653577239,1.12162162162
29,29,29,26,42.0,6.0,1.61538461538,2272.69812617,87.4114663911,1.61538461538
30,30,30,30,191.0,28.0,6.36666666667,3839.79723767,127.993241256,1.2
31,31,31,43,240.0,71.0,5.58139534884,3433.4410845,79.8474670814,1.20930232558
32,32,32,63,225.0,34.0,3.57142857143,3767.431458,59.8004993333,1.20634920635
33,33,33,115,225.0,18.0,1.95652173913,7899.2967115,68.6895366217,1.12173913043
34,34,34,43,240.0,41.0,5.58139534884,3640.80496367,84.6698828759,1.16279069767
35,35,35,90,199.0,21.0,2.21111111111,6720.71605133,74.6746227926,1.35555555556
36,36,36,24,63.0,16.0,2.625,2481.7975725,103.408232188,1.45833333333
37,37,37,163,271.0,12.0,1.66257668712,13244.5474955,81.2548926104,1.26993865031
38,38,38,119,277.0,21.0,2.32773109244,13585.6948617,114.165503039,1.24369747899
39,39,39,22,41.0,6.0,1.86363636364,2317.45499433,105.338863379,1.36363636364
40,40,40,16,21.0,4.0,1.3125,1580.75539033,98.7972118958,1.6875
41,41,41,36,106.0,12.0,2.94444444444,2909.27357033,80.8131547315,1.11111111111
42,42,42,47,169.0,22.0,3.59574468085,2713.79184133,57.7402519432,1.10638297872
43,43,43,19,71.0,18.0,3.73684210526,1665.94785033,87.6814658071,1.26315789474
44,44,44,48,266.0,29.0,5.54166666667,4270.82292883,88.975477684,1.20833333333
45,45,45,94,274.0,32.0,2.91489361702,8970.5040605,95.4308942607,1.25531914894
46,46,46,47,226.0,38.0,4.8085106383,5946.21927367,126.515303695,1.17021276596
47,47,47,16,35.0,10.0,2.1875,1672.784723,104.549045187,1.3125
48,48,48,22,42.0,13.0,1.90909090909,2388.95593567,108.588906167,1.31818181818
49,49,49,6,35.0,29.0,5.83333333333,852.713890333,142.118981722,1.33333333333
50,50,50,84,169.0,12.0,2.0119047619,6793.81546484,80.8787555338,1.54761904762
51,51,51,22,166.0,43.0,7.54545454545,2280.18744317,103.64488378,1.27272727273
52,52,52,36,96.0,13.0,2.66666666667,3033.07170333,84.2519917592,1.22222222222
53,53,53,43,286.0,166.0,6.6511627907,3108.25461067,72.2849909457,1.20930232558
54,54,54,50,145.0,12.0,2.9,3343.42344583,66.8684689167,1.24
55,55,55,63,89.0,5.0,1.4126984127,5155.45760383,81.8326603783,1.15873015873
56,56,56,71,203.0,23.0,2.85915492958,4578.04094216,64.4794498896,1.19718309859
57,57,57,107,278.0,81.0,2.59813084112,7767.6390675,72.5947576402,1.46728971963
58,58,58,74,110.0,18.0,1.48648648649,7994.1832655,108.029503588,1.10810810811
59,59,59,34,110.0,13.0,3.23529411765,2215.9697115,65.17557975,1.05882352941
60,60,60,18,159.0,54.0,8.83333333333,2105.5609665,116.97560925,1.66666666667
61,61,61,39,106.0,25.0,2.71794871795,2223.49861017,57.0127848761,1.20512820513
62,62,62,25,164.0,51.0,6.56,3349.6551915,133.98620766,1.24
63,63,63,32,77.0,8.0,2.40625,3277.74629234,102.429571635,1.40625
64,64,64,10,86.0,50.0,8.6,1248.94283633,124.894283633,1.3
65,65,65,20,57.0,11.0,2.85,2332.5057725,116.625288625,1.55
66,66,66,66,193.0,20.0,2.92424242424,5368.30291183,81.3379229066,1.07575757576
67,67,67,40,56.0,3.0,1.4,3584.73059767,89.6182649416,1.075
68,68,68,34,69.0,9.0,2.02941176471,3838.55803583,112.89876576,1.29411764706
69,69,69,50,172.0,59.0,3.44,4505.7318815,90.11463763,1.12
70,70,70,31,168.0,49.0,5.41935483871,1791.10702,57.7776458065,1.03225806452
71,71,71,15,186.0,90.0,12.4,841.617888833,56.1078592555,1.2
72,72,72,49,174.0,29.0,3.55102040816,3900.4042965,79.6000876836,1.34693877551
73,73,73,20,77.0,25.0,3.85,1511.87873483,75.5939367417,1.35
74,74,74,68,151.0,13.0,2.22058823529,5954.07018983,87.5598557328,1.07352941176
75,75,75,32,120.0,27.0,3.75,2525.19604617,78.9123764427,1.125
76,76,76,53,248.0,60.0,4.67924528302,5481.1841935,103.418569689,1.30188679245
77,77,77,76,232.0,24.0,3.05263157895,7655.52858799,100.730639316,1.61842105263
78,78,78,77,240.0,53.0,3.11688311688,8899.2514565,115.57469424,1.12987012987
79,79,79,59,218.0,31.0,3.69491525424,4072.59596617,69.027050274,1.28813559322
80,80,80,26,77.0,21.0,2.96153846154,2026.58957533,77.9457528974,1.46153846154
81,81,81,66,289.0,62.0,4.37878787879,5290.00133183,80.1515353308,1.12121212121
82,82,82,44,168.0,19.0,3.81818181818,2402.57982867,54.6040870152,1.18181818182
83,83,83,32,82.0,18.0,2.5625,3385.88928517,105.809040161,1.46875
84,84,84,36,110.0,17.0,3.05555555556,4129.50169333,114.70838037,1.22222222222
85,85,85,80,134.0,18.0,1.675,8524.56509,106.557063625,1.3375
86,86,86,24,100.0,22.0,4.16666666667,3042.56062133,126.773359222,1.16666666667
87,87,87,74,218.0,22.0,2.94594594595,6706.21081866,90.6244705225,1.16216216216
88,88,88,40,228.0,34.0,5.7,3580.37281617,89.5093204042,1.075
89,89,89,47,108.0,16.0,2.29787234043,3972.983336,84.5315603404,1.57446808511
90,90,90,87,286.0,21.0,3.28735632184,4617.9056445,53.0793752241,1.12643678161
91,91,91,76,289.0,42.0,3.80263157895,4973.74530067,65.444017114,1.31578947368
92,92,92,63,240.0,30.0,3.80952380952,7024.01015733,111.49222472,1.19047619048
93,93,93,39,75.0,7.0,1.92307692308,4573.38863083,117.26637515,1.41025641026
94,94,94,39,79.0,12.0,2.02564102564,2631.85734483,67.4835216624,1.12820512821
95,95,96,90,275.0,33.0,3.05555555556,7459.37292567,82.8819213963,1.18888888889
96,96,97,73,192.0,25.0,2.6301369863,5429.59231967,74.3779769817,1.2602739726
97,97,98,35,83.0,9.0,2.37142857143,2203.92551767,62.9693005048,1.11428571429
98,98,99,75,196.0,15.0,2.61333333333,6379.897771,85.0653036133,1.21333333333
99,99,100,82,194.0,20.0,2.36585365854,8853.209014,107.965963585,1.19512195122
100,100,101,64,130.0,8.0,2.03125,6692.86828767,104.576066995,1.375
101,101,102,84,287.0,38.0,3.41666666667,7397.75690967,88.0685346389,1.28571428571
102,102,103,100,223.0,29.0,2.23,8058.79234883,80.5879234883,1.27
103,103,104,88,138.0,10.0,1.56818181818,12213.7537222,138.792655934,1.55681818182
104,104,105,18,27.0,7.0,1.5,1856.17357683,103.120754269,1.27777777778
105,105,106,54,278.0,78.0,5.14814814815,3785.55290033,70.1028314877,1.18518518519
106,106,107,21,95.0,22.0,4.52380952381,1314.06468183,62.5745086587,1.28571428571
107,107,108,70,121.0,9.0,1.72857142857,10613.097256,151.615675086,1.48571428571
108,108,109,46,110.0,9.0,2.39130434783,3468.21784617,75.3960401341,1.19565217391
109,109,110,45,138.0,41.0,3.06666666667,6670.742742,148.2387276,1.62222222222
110,110,111,14,66.0,24.0,4.71428571429,1644.441262,117.460090143,1.07142857143
111,111,112,24,107.0,40.0,4.45833333333,1301.40410283,54.2251709514,1.41666666667
112,112,113,70,128.0,13.0,1.82857142857,5210.09648367,74.4299497666,1.34285714286
113,113,114,25,278.0,179.0,11.12,1418.6110465,56.74444186,1.28
114,114,115,86,218.0,14.0,2.53488372093,4394.55905517,51.0995238973,1.27906976744
115,115,116,40,112.0,53.0,2.8,4535.45275917,113.386318979,1.25
116,116,117,42,141.0,12.0,3.35714285714,3851.891357,91.7116989762,1.2619047619
117,117,118,50,141.0,30.0,2.82,3684.53720666,73.6907441333,1.06
118,118,119,167,262.0,11.0,1.56886227545,10404.2004942,62.3006017615,1.21556886228
119,119,120,16,82.0,48.0,5.125,1234.8720455,77.1795028437,1.1875
120,120,121,27,79.0,18.0,2.92592592593,1288.52931067,47.7233078024,1.14814814815
121,121,122,18,39.0,13.0,2.16666666667,1227.26388833,68.1813271296,1.22222222222
122,122,123,15,103.0,39.0,6.86666666667,1425.7993765,95.0532917667,1.33333333333
123,123,124,21,86.0,21.0,4.09523809524,1421.73101433,67.701476873,1.2380952381
124,124,125,92,225.0,25.0,2.44565217391,9971.9101235,108.390327429,1.30434782609
125,125,126,60,273.0,55.0,4.55,4617.591793,76.9598632167,1.16666666667
126,126,127,19,38.0,8.0,2.0,1941.575153,102.188165947,1.52631578947
127,127,128,35,54.0,5.0,1.54285714286,6661.16118017,190.318890862,1.4
128,128,129,28,94.0,21.0,3.35714285714,3164.574891,113.020531821,1.17857142857
129,129,130,71,140.0,10.0,1.97183098592,5807.21230333,81.7917225822,1.0985915493
130,130,131,54,240.0,35.0,4.44444444444,4849.77978233,89.8107367099,1.24074074074
131,131,132,47,75.0,10.0,1.59574468085,9108.36234333,193.794943475,1.46808510638
132,132,133,43,80.0,8.0,1.86046511628,2151.5826065,50.0368048023,1.25581395349
133,133,134,31,90.0,44.0,2.90322580645,4278.58509667,138.018874086,1.16129032258
134,134,135,97,272.0,12.0,2.80412371134,5921.48454917,61.0462324656,1.22680412371
135,135,136,56,202.0,15.0,3.60714285714,3593.354551,64.1670455536,1.03571428571
136,136,137,76,245.0,34.0,3.22368421053,6081.392079,80.018316829,1.05263157895
137,137,138,36,134.0,23.0,3.72222222222,2217.216961,61.5893600277,1.16666666667
138,138,139,52,168.0,37.0,3.23076923077,7939.29179634,152.678688391,1.38461538462
139,139,140,171,289.0,32.0,1.69005847953,25114.2245857,146.866810442,1.14035087719
140,140,141,30,61.0,14.0,2.03333333333,3000.4434575,100.014781917,1.1
141,141,142,81,227.0,42.0,2.8024691358,6720.14544484,82.9647585782,1.22222222222
142,142,143,53,121.0,20.0,2.28301886792,4534.794304,85.5621566792,1.18867924528
143,143,144,50,151.0,26.0,3.02,3601.54660867,72.0309321733,1.08
144,144,145,91,273.0,36.0,3.0,7668.9699955,84.2743955549,1.16483516484
145,145,146,30,114.0,21.0,3.8,1795.5396385,59.8513212833,1.2
146,146,147,38,252.0,114.0,6.63157894737,2320.36929067,61.0623497544,1.39473684211
147,147,148,33,81.0,9.0,2.45454545455,2916.95020083,88.3924303283,1.33333333333
148,148,149,46,110.0,47.0,2.39130434783,7414.40094067,161.182629145,1.23913043478
149,149,150,83,178.0,16.0,2.14457831325,8106.94394733,97.6740234619,1.19277108434
150,150,151,25,47.0,12.0,1.88,1849.185935,73.9674374001,1.32
151,151,152,54,227.0,61.0,4.2037037037,4073.95988233,75.4437015246,1.11111111111
152,152,153,79,202.0,18.0,2.55696202532,7346.37718766,92.9921162995,1.16455696203
153,153,154,48,109.0,18.0,2.27083333333,3309.15776867,68.9407868472,1.10416666667
154,154,155,71,245.0,19.0,3.45070422535,6034.03692983,84.9864356315,1.14084507042
155,155,156,78,252.0,49.0,3.23076923077,4228.98477467,54.2177535214,1.26923076923
156,156,157,93,176.0,15.0,1.89247311828,4965.21100667,53.3893656631,1.10752688172
157,157,158,52,134.0,10.0,2.57692307692,3919.44304617,75.373904734,1.19230769231
158,158,159,34,247.0,58.0,7.26470588235,2343.62131983,68.9300388186,1.08823529412
159,159,160,46,90.0,15.0,1.95652173913,3239.51959433,70.4243390073,1.15217391304
160,160,161,72,176.0,14.0,2.44444444444,4920.49930667,68.3402681481,1.26388888889
161,161,162,54,107.0,12.0,1.98148148148,5769.73826633,106.847004932,1.12962962963
162,162,163,18,28.0,7.0,1.55555555556,5962.88498416,331.271388009,2.27777777778
163,163,164,33,41.0,4.0,1.24242424242,4028.94603683,122.089273843,1.57575757576
164,164,165,31,60.0,9.0,1.93548387097,4456.41454633,143.755307946,1.16129032258
165,165,166,77,251.0,52.0,3.25974025974,6505.252873,84.4838035455,1.11688311688
166,166,167,14,47.0,14.0,3.35714285714,635.7523955,45.4108853929,1.07142857143
167,167,168,75,227.0,44.0,3.02666666667,7437.04316417,99.1605755222,1.08
168,168,169,95,242.0,57.0,2.54736842105,7646.89082,80.493587579,1.47368421053
169,169,170,71,197.0,31.0,2.77464788732,8201.0715035,115.508049345,1.25352112676
170,170,171,78,93.0,6.0,1.19230769231,14168.6811838,181.649758767,1.42307692308
171,171,172,55,169.0,38.0,3.07272727273,4437.92859217,80.6896107667,1.18181818182
172,172,173,32,111.0,18.0,3.46875,3337.38873967,104.293398115,1.3125
173,173,174,30,73.0,6.0,2.43333333333,2304.61514833,76.8205049444,1.1
174,174,175,46,108.0,34.0,2.34782608696,7602.74839934,165.277139116,1.23913043478
175,175,176,13,34.0,10.0,2.61538461538,1861.23643383,143.172033372,1.38461538462
176,176,177,17,138.0,81.0,8.11764705882,1747.47737933,102.79278702,1.23529411765
177,177,178,21,90.0,25.0,4.28571428571,1584.29986367,75.4428506508,1.71428571429
178,178,179,57,102.0,20.0,1.78947368421,5411.93116367,94.9461607661,1.36842105263
179,179,180,50,215.0,29.0,4.3,3847.959569,76.95919138,1.12
180,180,181,60,285.0,77.0,4.75,5454.71780667,90.9119634444,1.16666666667
181,181,182,32,110.0,29.0,3.4375,3422.92032317,106.966260099,1.25
182,182,183,56,110.0,14.0,1.96428571429,6865.23158183,122.593421104,1.16071428571
183,183,184,23,96.0,20.0,4.17391304348,2140.772559,93.0770677826,1.21739130435
184,184,185,72,287.0,59.0,3.98611111111,5725.8601085,79.5258348402,1.09722222222
185,185,186,133,280.0,27.0,2.10526315789,9759.06657567,73.3764404185,1.09022556391
186,186,187,71,133.0,17.0,1.87323943662,6687.34940317,94.1880197629,1.56338028169
187,187,188,62,235.0,38.0,3.79032258065,8158.8925255,131.595040734,1.24193548387
188,188,189,30,101.0,44.0,3.36666666667,4174.803956,139.160131867,1.46666666667
189,189,190,53,136.0,19.0,2.56603773585,3921.77618917,73.9957771541,1.09433962264
190,190,191,132,261.0,15.0,1.97727272727,8854.54270833,67.0798690025,1.16666666667
191,191,192,25,68.0,8.0,2.72,1386.7443185,55.46977274,1.16
192,192,193,116,240.0,21.0,2.06896551724,11468.1646092,98.8634880101,1.1724137931
193,193,194,127,288.0,33.0,2.26771653543,8004.33909917,63.0262921194,1.05511811024
194,194,195,89,189.0,27.0,2.12359550562,9579.82316084,107.638462481,1.52808988764
195,195,196,55,84.0,10.0,1.52727272727,4163.34365783,75.6971574152,1.09090909091
196,196,197,54,134.0,34.0,2.48148148148,3572.25947717,66.1529532809,1.2037037037
197,197,198,163,272.0,21.0,1.66871165644,18914.6198558,116.040612612,1.20858895706
198,198,199,47,89.0,11.0,1.89361702128,5743.39926234,122.199984305,1.34042553191
199,199,200,74,101.0,8.0,1.36486486486,3782.9376405,51.1207789257,1.37837837838
200,200,202,64,248.0,22.0,3.875,6897.51483617,107.773669315,1.25
201,201,203,45,244.0,177.0,5.42222222222,4641.98139334,103.155142074,1.37777777778
202,202,204,143,282.0,29.0,1.97202797203,10906.5358822,76.2694816935,1.07692307692
203,203,205,61,131.0,14.0,2.14754098361,5605.95402617,91.9008856749,1.2131147541
204,204,206,97,290.0,21.0,2.98969072165,7061.7910095,72.8019691701,1.16494845361
205,205,207,95,227.0,14.0,2.38947368421,7849.9656995,82.6312178895,1.11578947368
206,206,208,44,98.0,8.0,2.22727272727,4122.58694433,93.6951578257,1.22727272727
207,207,209,65,243.0,19.0,3.73846153846,8776.3274,135.020421538,1.23076923077
208,208,210,58,135.0,13.0,2.3275862069,6462.0057865,111.413892871,1.13793103448
209,209,211,58,111.0,13.0,1.91379310345,5649.13647883,97.3989048074,1.29310344828
210,210,212,8,94.0,37.0,11.75,506.131985833,63.2664982291,1.375
211,211,213,30,44.0,4.0,1.46666666667,3096.29275683,103.209758561,1.23333333333
212,212,214,102,210.0,15.0,2.05882352941,9280.978021,90.9899805981,1.1862745098
213,213,215,23,126.0,57.0,5.47826086957,2230.92253917,96.9966321377,1.21739130435
214,214,216,41,80.0,7.0,1.9512195122,2767.24968933,67.4938948618,1.19512195122
215,215,217,90,259.0,25.0,2.87777777778,5272.18593917,58.5798437685,1.11111111111
216,216,218,32,50.0,6.0,1.5625,5473.60442816,171.05013838,1.40625
217,217,219,23,71.0,26.0,3.08695652174,1217.196357,52.9215807391,1.21739130435
218,218,220,75,141.0,5.0,1.88,4681.08063183,62.4144084244,1.12
219,219,221,36,64.0,7.0,1.77777777778,1378.94325917,38.3039794213,1.13888888889
220,220,222,60,260.0,41.0,4.33333333333,6338.79138333,105.646523056,1.2
221,221,223,53,182.0,29.0,3.43396226415,4249.22355584,80.1740293554,1.35849056604
222,222,224,89,257.0,23.0,2.88764044944,7081.360792,79.5658515955,1.05617977528
223,223,225,125,274.0,40.0,2.192,6505.38354267,52.0430683413,1.072
224,224,226,37,76.0,6.0,2.05405405405,3774.42493633,102.011484766,1.37837837838
225,225,227,31,254.0,126.0,8.1935483871,2524.11239683,81.422980543,1.38709677419
226,226,228,51,100.0,15.0,1.96078431373,4259.0012745,83.5098289118,1.23529411765
227,227,229,58,152.0,22.0,2.62068965517,7546.54185533,130.112790609,1.36206896552
228,228,230,87,261.0,52.0,3.0,5655.96708383,65.0111159061,1.18390804598
229,229,231,46,281.0,45.0,6.10869565217,3143.21190383,68.3306935616,1.17391304348
230,230,232,68,227.0,29.0,3.33823529412,8125.30475866,119.489775863,1.20588235294
231,231,233,36,164.0,30.0,4.55555555556,3589.0808305,99.6966897361,1.16666666667
232,232,234,113,289.0,22.0,2.55752212389,11198.2683977,99.0997203333,1.37168141593
233,233,235,27,73.0,22.0,2.7037037037,3161.02259783,117.074911031,1.11111111111
234,234,236,26,102.0,25.0,3.92307692308,1749.7404895,67.2977111347,1.23076923077
235,235,237,27,58.0,25.0,2.14814814815,3311.945624,122.664652741,1.07407407407
236,236,238,18,44.0,18.0,2.44444444444,1329.89345067,73.8829694815,1.27777777778
237,237,239,64,174.0,13.0,2.71875,6908.56091717,107.946264331,1.0625
238,238,240,35,84.0,11.0,2.4,2299.300507,65.6943002,1.05714285714
239,239,241,53,260.0,86.0,4.90566037736,2660.31175817,50.1945614748,1.07547169811
240,240,242,55,104.0,10.0,1.89090909091,4130.81392533,75.1057077333,1.25454545455
241,241,243,24,57.0,17.0,2.375,5342.36379283,222.598491368,1.20833333333
242,242,244,58,266.0,27.0,4.58620689655,4226.6875255,72.8739228535,1.03448275862
243,243,245,69,277.0,20.0,4.01449275362,7462.18812,108.147653913,1.28985507246
244,244,246,45,124.0,15.0,2.75555555556,3560.50016184,79.1222258186,1.04444444444
245,245,248,12,73.0,28.0,6.08333333333,1285.64418583,107.137015486,1.25
246,246,249,18,58.0,19.0,3.22222222222,2274.58853433,126.366029685,1.22222222222
247,247,250,65,213.0,22.0,3.27692307692,5102.07364733,78.4934407282,1.18461538462
248,248,251,94,201.0,11.0,2.13829787234,7821.06799583,83.2028510195,1.05319148936
249,249,252,31,106.0,21.0,3.41935483871,2353.67254817,75.9249209086,1.12903225806
250,250,253,43,182.0,43.0,4.23255813953,4822.56341433,112.152637543,1.3023255814
251,251,254,123,284.0,25.0,2.30894308943,10077.7592787,81.9330022656,1.13821138211
252,252,255,71,105.0,11.0,1.47887323944,7191.02260483,101.282008519,1.14084507042
253,253,256,38,90.0,20.0,2.36842105263,5740.98665183,151.078596101,1.5
254,254,257,113,283.0,18.0,2.50442477876,6153.03846317,54.4516678156,1.10619469027
255,255,258,84,221.0,19.0,2.63095238095,5970.0300235,71.0717859941,1.10714285714
256,256,259,59,125.0,27.0,2.1186440678,5312.71146717,90.0459570706,1.27118644068
257,257,260,44,104.0,16.0,2.36363636364,2275.70085067,51.7204738788,1.20454545455
258,258,261,19,62.0,16.0,3.26315789474,1807.20001083,95.1157900438,1.10526315789
259,259,262,17,93.0,14.0,5.47058823529,593.769134833,34.9275961667,1.05882352941
260,260,263,57,225.0,48.0,3.94736842105,5048.55311717,88.5711073187,1.21052631579
261,261,264,54,83.0,14.0,1.53703703704,5203.812661,96.3669011296,1.64814814815
262,262,265,18,37.0,8.0,2.05555555556,1725.84557783,95.8803098797,1.22222222222
263,263,266,46,82.0,8.0,1.78260869565,5034.18530216,109.438810917,1.45652173913
264,264,267,7,82.0,63.0,11.7142857143,381.970133166,54.5671618809,1.28571428571
265,265,268,24,262.0,142.0,10.9166666667,2077.08554967,86.5452312361,1.375
266,266,269,38,146.0,24.0,3.84210526316,5290.1937865,139.215625961,1.31578947368
267,267,270,42,107.0,20.0,2.54761904762,5115.3675885,121.794466393,1.38095238095
268,268,271,9,45.0,26.0,5.0,934.384754333,103.820528259,2.11111111111
269,269,272,77,112.0,13.0,1.45454545455,4581.8468885,59.5045050454,1.33766233766
270,270,273,129,286.0,19.0,2.21705426357,9061.79531283,70.2464752933,1.17829457364
271,271,274,66,112.0,13.0,1.69696969697,10095.6308107,152.964103192,1.24242424242
272,272,275,90,255.0,21.0,2.83333333333,7380.84273533,82.0093637259,1.18888888889
273,273,276,31,105.0,13.0,3.38709677419,2246.72049983,72.4748548334,1.29032258065
274,274,277,133,276.0,21.0,2.07518796992,18553.0804115,139.496845199,1.30827067669
275,275,278,66,234.0,22.0,3.54545454545,6614.5374185,100.220263917,1.13636363636
276,276,279,42,188.0,40.0,4.47619047619,3699.6958535,88.0879965119,1.16666666667
277,277,280,108,271.0,29.0,2.50925925926,6252.45590283,57.8931102114,1.12037037037
278,278,281,64,273.0,31.0,4.265625,6628.89137717,103.576427768,1.296875
279,279,282,69,282.0,49.0,4.08695652174,8239.34606417,119.410812524,1.26086956522
280,280,283,91,283.0,22.0,3.10989010989,7577.93725584,83.2740357784,1.13186813187
281,281,284,19,176.0,66.0,9.26315789474,1532.583877,80.6623093158,1.31578947368
282,282,285,45,232.0,27.0,5.15555555556,4398.6287675,97.7473059444,1.17777777778
283,283,286,13,26.0,4.0,2.0,1902.4867875,146.3451375,1.46153846154
284,284,287,53,108.0,13.0,2.03773584906,3714.69615533,70.0886067044,1.24528301887
285,285,288,73,227.0,33.0,3.1095890411,7960.891134,109.053303205,1.34246575342
286,286,289,36,93.0,10.0,2.58333333333,4081.01431183,113.361508662,1.13888888889
287,287,290,18,39.0,8.0,2.16666666667,2532.83972217,140.713317898,1.22222222222
288,288,291,27,133.0,27.0,4.92592592593,2425.089341,89.8181237407,1.14814814815
289,289,292,119,261.0,17.0,2.19327731092,7462.57004433,62.7106726415,1.12605042017
290,290,293,47,94.0,9.0,2.0,3156.3697085,67.1568023085,1.14893617021
291,291,294,38,84.0,17.0,2.21052631579,2155.343466,56.7195648947,1.18421052632
292,292,295,34,145.0,59.0,4.26470588235,2609.14497133,76.7395579804,1.44117647059
293,293,296,23,54.0,10.0,2.34782608696,1144.170108,49.7465264348,1.17391304348
294,294,297,54,206.0,45.0,3.81481481481,5276.1877215,97.7071800278,1.12962962963
295,295,298,52,110.0,10.0,2.11538461538,3049.0290325,58.6351737019,1.09615384615
296,296,299,18,91.0,40.0,5.05555555556,1249.19289083,69.3996050463,1.05555555556
297,297,300,84,263.0,30.0,3.13095238095,6163.52201217,73.3752620496,1.17857142857
298,298,301,43,185.0,67.0,4.3023255814,4973.15597233,115.654790054,1.3488372093
299,299,302,16,70.0,13.0,4.375,954.865085501,59.6790678438,1.1875
300,300,303,76,104.0,11.0,1.36842105263,12724.7841742,167.431370713,1.51315789474
301,301,304,40,96.0,28.0,2.4,3826.36075233,95.6590188083,1.025
302,302,305,79,170.0,20.0,2.15189873418,5211.50024116,65.9683574831,1.24050632911
303,303,306,51,138.0,17.0,2.70588235294,5571.929795,109.253525392,1.25490196078
304,304,307,46,162.0,20.0,3.52173913043,6507.04627367,141.457527688,1.17391304348
305,305,308,86,270.0,14.0,3.13953488372,7358.6321315,85.5654899012,1.1511627907
306,306,309,71,286.0,31.0,4.02816901408,4000.0931625,56.3393403169,1.22535211268
307,307,310,19,51.0,15.0,2.68421052632,2724.14134317,143.375860167,1.26315789474
308,308,311,38,256.0,47.0,6.73684210526,2202.228589,57.9533839211,1.13157894737
309,309,312,62,257.0,89.0,4.14516129032,4450.3718585,71.7801912661,1.25806451613
310,310,313,78,197.0,34.0,2.52564102564,5097.32732333,65.3503502991,1.23076923077
311,311,314,55,106.0,14.0,1.92727272727,7590.00703367,138.000127885,1.54545454545
312,312,315,69,155.0,16.0,2.24637681159,7236.7733915,104.88077379,1.15942028986
313,313,316,76,188.0,38.0,2.47368421053,10058.8663465,132.353504559,1.19736842105
314,314,317,25,33.0,6.0,1.32,5590.91882684,223.636753073,2.48
315,315,318,33,82.0,13.0,2.48484848485,2072.14345083,62.7922257829,1.27272727273
316,316,319,24,238.0,62.0,9.91666666667,1138.74041533,47.4475173056,1.625
317,317,320,20,99.0,34.0,4.95,2452.72876067,122.636438033,1.05
318,318,321,45,264.0,33.0,5.86666666667,1830.79294167,40.6842875926,1.42222222222
319,319,322,26,287.0,115.0,11.0384615385,1917.66684183,73.7564169936,1.07692307692
320,320,323,68,150.0,19.0,2.20588235294,7211.48160034,106.051200005,1.35294117647
321,321,324,34,48.0,4.0,1.41176470588,3884.940326,114.262950765,1.85294117647
322,322,325,16,35.0,7.0,2.1875,1593.17906167,99.5736913542,1.25
323,323,326,39,49.0,5.0,1.25641025641,5600.7891725,143.609978782,1.4358974359
324,324,327,21,204.0,127.0,9.71428571429,2142.54238333,102.025827778,1.28571428571
325,325,328,102,282.0,25.0,2.76470588235,9391.44154633,92.0729563366,1.35294117647
326,326,329,88,260.0,29.0,2.95454545455,7560.67527933,85.9167645379,1.17045454545
327,327,330,61,104.0,12.0,1.70491803279,3397.6428215,55.6990626476,1.2131147541
328,328,331,35,95.0,15.0,2.71428571429,3454.54794133,98.7013697524,1.4
329,329,332,10,15.0,4.0,1.5,593.03958,59.303958,1.1
330,330,333,76,143.0,12.0,1.88157894737,6295.63977617,82.8373654759,1.18421052632
331,331,334,17,277.0,88.0,16.2941176471,1906.39335467,112.140785569,1.35294117647
332,332,335,55,166.0,19.0,3.01818181818,5253.27025083,95.5140045606,1.10909090909
333,333,336,96,281.0,36.0,2.92708333333,9816.18911317,102.251969929,1.39583333333
334,334,337,31,99.0,27.0,3.1935483871,2667.27995033,86.0412887204,1.1935483871
335,335,338,35,233.0,98.0,6.65714285714,2253.69168867,64.3911911048,1.25714285714
336,336,339,73,177.0,21.0,2.42465753425,5264.0126845,72.1097628014,1.04109589041
337,337,340,41,147.0,47.0,3.58536585366,2962.0250075,72.244512378,1.24390243902
338,338,341,43,109.0,19.0,2.53488372093,2351.45686033,54.6850432636,1.25581395349
339,339,342,78,232.0,42.0,2.97435897436,8679.32710517,111.273424425,1.24358974359
340,340,343,30,91.0,10.0,3.03333333333,2800.5575295,93.35191765,1.03333333333
341,341,344,75,200.0,27.0,2.66666666667,4473.3477645,59.64463686,1.12
342,342,345,78,232.0,33.0,2.97435897436,4427.68956333,56.765250812,1.08974358974
343,343,346,79,259.0,25.0,3.27848101266,8506.60257133,107.678513561,1.25316455696
344,344,347,87,262.0,23.0,3.01149425287,7573.42357883,87.0508457337,1.1724137931
345,345,348,37,200.0,49.0,5.40540540541,2447.9214525,66.1600392567,1.32432432432
346,346,349,38,133.0,39.0,3.5,4412.98837967,116.131273149,1.21052631579
347,347,350,131,224.0,11.0,1.70992366412,11839.409953,90.3771752137,1.25954198473
348,348,351,34,149.0,36.0,4.38235294118,2465.44366417,72.5130489461,1.08823529412
349,349,352,65,188.0,23.0,2.89230769231,7222.88350117,111.121284633,1.2
350,350,353,19,90.0,20.0,4.73684210526,1436.447704,75.6025107368,1.15789473684
351,351,354,118,262.0,15.0,2.22033898305,7699.0017025,65.2457771398,1.17796610169
352,352,355,9,12.0,4.0,1.33333333333,1996.44423633,221.82713737,2.0
353,353,356,51,221.0,44.0,4.33333333333,3946.07757733,77.3740701438,1.11764705882
354,354,357,66,205.0,26.0,3.10606060606,7264.50663533,110.068282354,1.24242424242
355,355,358,48,173.0,28.0,3.60416666667,3973.596254,82.7832552916,1.22916666667
356,356,359,28,42.0,6.0,1.5,5821.0617765,207.895063446,1.75
357,357,360,53,110.0,10.0,2.07547169811,4496.40814333,84.8378894968,1.18867924528
358,358,361,19,27.0,5.0,1.42105263158,3007.99212734,158.315375123,1.36842105263
359,359,362,28,95.0,27.0,3.39285714286,1254.1561025,44.791289375,1.5
360,360,363,64,121.0,11.0,1.890625,5100.60636183,79.6969744036,1.140625
361,361,364,92,256.0,35.0,2.78260869565,6003.2619995,65.2528478206,1.09782608696
362,362,365,22,103.0,31.0,4.68181818182,1115.731099,50.7150499546,1.27272727273
363,363,366,57,156.0,41.0,2.73684210526,6348.71042983,111.380884734,1.33333333333
364,364,367,71,126.0,12.0,1.77464788732,3450.20014567,48.5943682488,1.07042253521
365,365,368,126,263.0,52.0,2.0873015873,9155.020089,72.6588895953,1.15873015873
366,366,369,136,277.0,20.0,2.03676470588,16101.3200368,118.392059094,1.17647058824
367,367,370,3,56.0,55.0,18.6666666667,238.744857833,79.5816192777,1.0
368,368,371,40,222.0,28.0,5.55,4805.16024417,120.129006104,1.35
369,369,372,42,167.0,24.0,3.97619047619,3425.8336395,81.5674676072,1.2380952381
370,370,373,75,217.0,18.0,2.89333333333,9659.70062,128.796008267,1.30666666667
371,371,374,65,201.0,29.0,3.09230769231,5353.40908883,82.3601398282,1.23076923077
372,372,375,42,154.0,21.0,3.66666666667,5500.6064485,130.966820202,1.28571428571
373,373,376,49,102.0,9.0,2.08163265306,4746.45257683,96.866379119,1.24489795918
374,374,377,29,198.0,56.0,6.8275862069,2781.98520567,95.9305243333,1.27586206897
375,375,378,30,95.0,16.0,3.16666666667,1295.89287983,43.1964293278,1.1
376,376,379,66,115.0,10.0,1.74242424242,10099.1605553,153.017584172,1.30303030303
377,377,380,99,253.0,20.0,2.55555555556,7944.64095883,80.2488985741,1.15151515152
378,378,381,50,167.0,37.0,3.34,6692.60596767,133.852119353,1.18
379,379,382,16,72.0,16.0,4.5,1361.32572533,85.0828578333,1.0
380,380,383,76,230.0,21.0,3.02631578947,5108.46674183,67.2166676557,1.07894736842
381,381,384,11,45.0,35.0,4.09090909091,1463.1322555,133.012023227,1.09090909091
382,382,385,52,104.0,7.0,2.0,5208.25086967,100.158670571,1.17307692308
383,383,386,33,120.0,24.0,3.63636363636,2432.01208717,73.6973359747,1.12121212121
384,384,387,8,54.0,26.0,6.75,524.998293834,65.6247867292,1.125
385,385,388,49,192.0,37.0,3.91836734694,5136.74238483,104.831477242,1.20408163265
386,386,389,128,279.0,18.0,2.1796875,7257.37713117,56.6982588372,1.1953125
387,387,390,120,286.0,22.0,2.38333333333,6645.4592085,55.3788267375,1.28333333333
388,388,391,116,185.0,11.0,1.59482758621,9177.42060917,79.1156949066,1.06896551724
389,389,392,38,133.0,32.0,3.5,3667.8003935,96.5210629868,1.34210526316
390,390,393,4,19.0,11.0,4.75,64.4567388334,16.1141847083,1.0
391,391,394,101,157.0,11.0,1.55445544554,14082.507566,139.43076798,1.19801980198
392,392,395,34,138.0,22.0,4.05882352941,3157.20992717,92.8591155049,1.29411764706
393,393,396,8,76.0,26.0,9.5,473.623182167,59.2028977708,1.25
394,394,397,111,229.0,23.0,2.06306306306,8810.53771517,79.3742136501,1.28828828829
395,395,398,50,105.0,8.0,2.1,5861.7576555,117.23515311,1.12
396,396,399,30,107.0,15.0,3.56666666667,2923.67569583,97.4558565278,1.46666666667
397,397,400,39,98.0,16.0,2.51282051282,3194.0892715,81.8997249103,1.15384615385
398,398,401,23,99.0,43.0,4.30434782609,2010.35680083,87.4068174275,1.08695652174
399,399,402,25,191.0,69.0,7.64,1929.9458375,77.1978335,1.28
400,400,403,22,42.0,13.0,1.90909090909,2023.79721567,91.9907825303,1.36363636364
401,401,404,43,106.0,21.0,2.46511627907,4496.57343633,104.571475264,1.37209302326
402,402,405,23,45.0,13.0,1.95652173913,3049.52535667,132.588058985,1.30434782609
403,403,406,18,57.0,16.0,3.16666666667,931.882684166,51.7712602315,1.22222222222
404,404,407,24,69.0,20.0,2.875,1794.52468233,74.7718617639,1.33333333333
405,405,408,51,146.0,29.0,2.86274509804,2032.9375015,39.8615196373,1.05882352941
406,406,409,42,168.0,22.0,4.0,4283.280764,101.982875333,1.2619047619
407,407,410,36,54.0,7.0,1.5,4429.15065633,123.031962676,1.16666666667
408,408,411,20,145.0,52.0,7.25,1385.71554517,69.2857772583,1.05
409,409,412,60,286.0,90.0,4.76666666667,7408.829848,123.480497467,1.21666666667
410,410,413,20,83.0,30.0,4.15,1977.29713483,98.8648567416,1.1
411,411,414,32,80.0,13.0,2.5,2327.20472233,72.7251475729,1.21875
412,412,415,49,237.0,26.0,4.83673469388,5269.63927667,107.543658708,1.24489795918
413,413,416,58,147.0,53.0,2.53448275862,3584.6754605,61.804749319,1.22413793103
414,414,417,6,12.0,6.0,2.0,150.564385167,25.0940641944,1.16666666667
415,415,418,55,167.0,26.0,3.03636363636,5806.41311167,105.571147485,1.07272727273
416,416,419,52,261.0,63.0,5.01923076923,3129.94020933,60.1911578718,1.09615384615
417,417,420,46,281.0,88.0,6.10869565217,3264.93010367,70.9767413841,1.23913043478
418,418,421,25,224.0,28.0,8.96,5572.10121417,222.884048567,1.4
419,419,422,30,109.0,17.0,3.63333333333,2232.96685617,74.4322285388,1.33333333333
420,420,423,25,175.0,36.0,7.0,2090.8915805,83.6356632199,1.2
421,421,424,38,105.0,20.0,2.76315789474,3403.33086467,89.5613385439,1.39473684211
422,422,425,61,123.0,7.0,2.01639344262,4622.26068283,75.7747652924,1.32786885246
423,423,426,37,85.0,12.0,2.2972972973,4627.176971,125.058837054,1.64864864865
424,424,427,107,152.0,12.0,1.42056074766,14536.0901588,135.851309896,1.23364485981
425,425,428,168,287.0,13.0,1.70833333333,18262.0679933,108.702785675,1.18452380952
426,426,429,41,209.0,35.0,5.09756097561,2933.30818417,71.5441020528,1.48780487805
427,427,430,23,34.0,5.0,1.47826086957,2528.746492,109.945499652,1.39130434783
428,428,431,44,87.0,13.0,1.97727272727,7084.64186583,161.01458786,1.36363636364
429,429,432,93,160.0,9.0,1.72043010753,10257.3014362,110.29356383,1.21505376344
430,430,433,26,110.0,40.0,4.23076923077,2978.9152445,114.57366325,1.30769230769
431,431,434,28,64.0,11.0,2.28571428571,2048.46544567,73.1594802024,1.21428571429
432,432,435,88,195.0,13.0,2.21590909091,5345.34900583,60.742602339,1.09090909091
433,433,436,75,197.0,20.0,2.62666666667,7357.086852,98.09449136,1.46666666667
434,434,437,28,121.0,28.0,4.32142857143,2024.74886133,72.3124593333,1.32142857143
435,435,438,22,40.0,6.0,1.81818181818,2813.56743567,127.889428894,1.27272727273
436,436,439,146,271.0,20.0,1.85616438356,10212.7471643,69.9503230434,1.28767123288
437,437,440,41,94.0,15.0,2.29268292683,4198.13926867,102.393640699,1.07317073171
438,438,441,60,218.0,116.0,3.63333333333,6281.20279617,104.686713269,1.16666666667
439,439,442,41,224.0,56.0,5.46341463415,5403.59967267,131.795113967,1.68292682927
440,440,443,89,283.0,27.0,3.1797752809,6332.02268467,71.1463222996,1.21348314607
441,441,444,39,236.0,73.0,6.05128205128,2840.98670683,72.8458129957,1.35897435897
442,442,445,23,97.0,19.0,4.21739130435,1911.41019683,83.1047911667,1.17391304348
443,443,446,57,224.0,50.0,3.9298245614,3686.3029185,64.6719810263,1.14035087719
444,444,447,3,11.0,7.0,3.66666666667,492.177831833,164.059277278,1.66666666667
445,445,448,59,289.0,27.0,4.89830508475,1270.39152083,21.5320596751,1.38983050847
446,446,449,46,146.0,42.0,3.17391304348,3726.83098617,81.0180649166,1.0652173913
447,447,450,87,253.0,40.0,2.90804597701,8395.27122367,96.497370387,1.2183908046
448,448,451,26,112.0,14.0,4.30769230769,3014.25076317,115.93272166,1.23076923077
449,449,452,48,83.0,17.0,1.72916666667,8527.64574733,177.659286403,1.47916666667
450,450,453,47,169.0,65.0,3.59574468085,7585.8434715,161.400924926,1.48936170213
451,451,454,29,98.0,17.0,3.37931034483,1717.05893367,59.2089287471,1.20689655172
452,452,455,64,139.0,25.0,2.171875,6781.25180783,105.957059497,1.421875
453,453,456,40,77.0,13.0,1.925,4632.51095417,115.812773854,1.525
454,454,457,69,164.0,18.0,2.3768115942,5593.18851167,81.0607030676,1.20289855072
455,455,458,28,167.0,46.0,5.96428571429,1713.76190617,61.205782363,1.35714285714
456,456,459,25,51.0,8.0,2.04,2591.35876467,103.654350587,1.36
457,457,460,134,228.0,19.0,1.70149253731,10786.7285225,80.4979740485,1.23134328358
458,458,461,94,261.0,21.0,2.77659574468,7613.69316384,80.9967357855,1.1170212766
459,459,462,10,41.0,13.0,4.1,1079.61253783,107.961253783,2.0
460,460,463,48,198.0,29.0,4.125,4134.79391267,86.1415398472,1.5
461,461,464,60,142.0,14.0,2.36666666667,5649.20355267,94.1533925445,1.21666666667
462,462,465,77,168.0,20.0,2.18181818182,6881.14947933,89.3655776537,1.1038961039
463,463,466,45,106.0,7.0,2.35555555556,3583.4402225,79.6320049445,1.15555555556
464,464,467,54,127.0,28.0,2.35185185185,5013.54060733,92.8433445802,1.11111111111
465,465,468,35,103.0,26.0,2.94285714286,5067.57242367,144.787783533,1.31428571429
466,466,469,73,226.0,21.0,3.09589041096,6314.0297865,86.4935587192,1.19178082192
467,467,471,44,94.0,12.0,2.13636363636,6566.75798567,149.244499674,1.34090909091
468,468,472,40,218.0,116.0,5.45,4189.77803283,104.744450821,1.225
469,469,473,22,110.0,27.0,5.0,1839.7921245,83.62691475,1.22727272727
470,470,474,30,67.0,11.0,2.23333333333,4460.962636,148.698754533,1.6
471,471,475,48,110.0,22.0,2.29166666667,4724.52706567,98.4276472014,1.39583333333
472,472,476,18,111.0,49.0,6.16666666667,1271.867672,70.6593151111,1.5
473,473,477,33,121.0,36.0,3.66666666667,4333.56708383,131.320214662,1.30303030303
474,474,478,24,62.0,21.0,2.58333333333,3460.53865833,144.189110764,1.5
475,475,479,23,93.0,38.0,4.04347826087,1760.68450967,76.5515004203,1.13043478261
476,476,480,25,118.0,40.0,4.72,2618.72042733,104.748817093,1.32
477,477,481,33,88.0,14.0,2.66666666667,3706.92283233,112.330994919,1.30303030303
478,478,482,35,144.0,28.0,4.11428571429,2199.11292233,62.831797781,1.2
479,479,483,106,156.0,6.0,1.47169811321,10264.3969888,96.8339338569,1.39622641509
480,480,484,65,112.0,14.0,1.72307692308,9203.59595067,141.593783856,1.36923076923
481,481,485,60,141.0,26.0,2.35,4620.79775517,77.0132959194,1.35
482,482,486,68,216.0,32.0,3.17647058824,6030.264588,88.6803615882,1.08823529412
483,483,487,27,102.0,21.0,3.77777777778,1665.644374,61.6905323704,1.2962962963
484,484,488,61,261.0,57.0,4.27868852459,5998.51159883,98.3362557186,1.16393442623
485,485,489,41,71.0,6.0,1.73170731707,5150.64939,125.625594878,1.58536585366
486,486,490,31,97.0,19.0,3.12903225806,2611.1315565,84.2300502097,1.06451612903
487,487,491,64,97.0,7.0,1.515625,6238.7022635,97.4797228672,1.328125
488,488,492,33,112.0,24.0,3.39393939394,4730.84681783,143.35899448,1.24242424242
489,489,493,62,200.0,49.0,3.22580645161,2812.23345917,45.3586041801,1.1935483871
490,490,494,63,289.0,90.0,4.5873015873,6248.07185817,99.1757437804,1.25396825397
491,491,495,44,282.0,64.0,6.40909090909,4400.83059533,100.018877167,1.18181818182
492,492,496,49,85.0,18.0,1.73469387755,3593.255545,73.3317458163,1.20408163265
493,493,497,46,102.0,13.0,2.21739130435,3167.73187233,68.8637363551,1.08695652174
494,494,498,24,48.0,7.0,2.0,2374.484384,98.9368493333,1.5
495,495,499,11,65.0,48.0,5.90909090909,844.913471334,76.8103155758,1.18181818182
496,496,500,54,284.0,35.0,5.25925925926,5141.6624275,95.2159708797,1.2037037037
497,497,501,16,108.0,33.0,6.75,2041.31618883,127.582261802,1.3125
498,498,502,123,283.0,25.0,2.30081300813,5962.63062683,48.4766717629,1.10569105691
499,499,503,20,83.0,20.0,4.15,1410.73521467,70.5367607334,1.25
500,500,504,41,197.0,78.0,4.80487804878,4726.00950283,115.268524459,1.24390243902
501,501,505,20,59.0,17.0,2.95,1867.290597,93.36452985,1.15
502,502,506,87,249.0,55.0,2.86206896552,9931.27841283,114.152625435,1.29885057471
503,503,507,51,195.0,25.0,3.82352941176,2824.49964367,55.3823459542,1.1568627451
504,504,508,82,176.0,12.0,2.14634146341,9161.25395117,111.722609161,1.19512195122
505,505,509,66,171.0,15.0,2.59090909091,5400.0390255,81.8187731136,1.40909090909
506,506,510,80,179.0,17.0,2.2375,8675.83435734,108.447929467,1.125
507,507,511,33,94.0,14.0,2.84848484848,2146.219813,65.0369640303,1.30303030303
508,508,512,32,103.0,36.0,3.21875,2108.0657805,65.8770556406,1.21875
509,509,513,39,88.0,7.0,2.25641025641,3017.75526733,77.378340188,1.17948717949
510,510,514,77,265.0,108.0,3.44155844156,3708.67494467,48.164609671,1.1038961039
511,511,515,26,159.0,27.0,6.11538461538,1059.63732233,40.7552816282,1.07692307692
512,512,516,60,261.0,153.0,4.35,3456.96881033,57.6161468389,1.25
513,513,517,47,157.0,26.0,3.34042553191,5867.9071195,124.849087649,1.27659574468
514,514,518,15,53.0,28.0,3.53333333333,2158.3707695,143.891384633,1.13333333333
515,515,519,15,56.0,14.0,3.73333333333,2566.53496933,171.102331289,1.93333333333
516,516,520,42,115.0,15.0,2.7380952381,2496.85803467,59.4490008254,1.2619047619
517,517,521,45,143.0,12.0,3.17777777778,5616.5721485,124.812714411,1.24444444444
518,518,522,73,288.0,28.0,3.94520547945,4598.6920225,62.9957811301,1.24657534247
519,519,523,58,263.0,35.0,4.53448275862,3804.77782817,65.599617727,1.13793103448
520,520,524,24,259.0,91.0,10.7916666667,1181.917776,49.246574,1.08333333333
521,521,525,64,224.0,30.0,3.5,5241.86042083,81.9040690755,1.109375
522,522,526,27,33.0,4.0,1.22222222222,2781.74484767,103.027586951,1.40740740741
523,523,527,38,193.0,31.0,5.07894736842,3090.95174133,81.3408352982,1.28947368421
524,524,528,37,111.0,22.0,3.0,3212.16205383,86.8151906441,1.18918918919
525,525,529,74,222.0,41.0,3.0,3740.0890575,50.5417440203,1.09459459459
526,526,530,94,229.0,21.0,2.43617021277,9736.343762,103.578125128,1.3085106383
527,527,531,27,47.0,5.0,1.74074074074,2809.13342933,104.041978864,1.2962962963
528,528,532,97,147.0,7.0,1.51546391753,12209.7380992,125.873588651,1.27835051546
529,529,533,51,108.0,13.0,2.11764705882,2312.17180083,45.3367019771,1.43137254902
530,530,534,18,63.0,17.0,3.5,1650.77404733,91.7096692963,1.11111111111
531,531,535,36,144.0,40.0,4.0,3621.89837567,100.608288213,1.13888888889
532,532,536,15,74.0,24.0,4.93333333333,706.653771667,47.1102514445,1.33333333333
533,533,537,28,210.0,57.0,7.5,3151.05043933,112.53751569,1.28571428571
534,534,538,19,65.0,23.0,3.42105263158,2880.36879833,151.598357807,1.26315789474
535,535,539,75,228.0,31.0,3.04,5686.299702,75.81732936,1.13333333333
536,536,540,43,111.0,27.0,2.58139534884,3458.92956083,80.440222345,1.27906976744
537,537,541,56,209.0,28.0,3.73214285714,6511.91124166,116.284129315,1.44642857143
538,538,542,36,48.0,4.0,1.33333333333,3548.2008185,98.5611338472,1.36111111111
539,539,543,80,148.0,6.0,1.85,6365.68019883,79.5710024854,1.1125
540,540,544,61,172.0,24.0,2.81967213115,5952.19338133,97.5769406776,1.31147540984
541,541,545,49,90.0,6.0,1.83673469388,3474.54867133,70.9091565578,1.14285714286
542,542,546,135,264.0,28.0,1.95555555556,20320.0056998,150.518560739,1.11111111111
543,543,547,31,206.0,56.0,6.64516129032,2590.62346617,83.5684989087,1.22580645161
544,544,548,15,33.0,7.0,2.2,1012.5021945,67.5001463,1.46666666667
545,545,549,25,143.0,34.0,5.72,1770.54048133,70.8216192533,1.12
546,546,550,80,205.0,35.0,2.5625,5234.28921817,65.4286152271,1.225
547,547,551,27,104.0,36.0,3.85185185185,1884.87275533,69.8101020493,1.0
548,548,552,10,13.0,3.0,1.3,1558.33173417,155.833173417,1.3
549,549,553,77,265.0,113.0,3.44155844156,9585.9424045,124.4927585,1.16883116883
550,550,554,36,80.0,13.0,2.22222222222,4102.9571205,113.971031125,1.22222222222
551,551,555,31,115.0,36.0,3.70967741935,1682.45267683,54.2726669946,1.35483870968
552,552,556,67,106.0,8.0,1.58208955224,3757.45858617,56.0814714353,1.17910447761
553,553,557,123,246.0,33.0,2.0,10978.4150308,89.2554067547,1.11382113821
554,554,558,80,249.0,20.0,3.1125,10125.15257,126.564407125,1.3
555,555,559,59,91.0,5.0,1.54237288136,5042.15102067,85.460186791,1.28813559322
556,556,560,87,252.0,52.0,2.89655172414,6505.62044517,74.7772464962,1.11494252874
557,557,561,74,186.0,32.0,2.51351351351,6693.957268,90.458882,1.09459459459
558,558,562,77,243.0,24.0,3.15584415584,7336.20603366,95.2754030346,1.19480519481
559,559,563,80,195.0,20.0,2.4375,9500.33344083,118.75416801,1.2
560,560,564,60,199.0,35.0,3.31666666667,4101.852601,68.3642100167,1.16666666667
561,561,565,19,64.0,29.0,3.36842105263,2298.61212333,120.979585439,1.31578947368
562,562,566,49,101.0,14.0,2.0612244898,4633.841362,94.5681910612,1.12244897959
563,563,567,72,217.0,27.0,3.01388888889,4427.69887433,61.4958176991,1.11111111111
564,564,568,98,290.0,20.0,2.95918367347,8188.40998817,83.5552039609,1.16326530612
565,565,569,27,55.0,12.0,2.03703703704,4555.16169816,168.709692525,1.44444444444
566,566,570,126,251.0,24.0,1.99206349206,7615.55192683,60.4408883082,1.12698412698
567,567,571,38,112.0,24.0,2.94736842105,2526.45588333,66.4856811404,1.07894736842
568,568,572,24,87.0,17.0,3.625,1944.81527933,81.0339699723,1.16666666667
569,569,573,34,58.0,16.0,1.70588235294,4114.380565,121.011193088,1.32352941176
570,570,574,9,61.0,19.0,6.77777777778,680.311932333,75.5902147037,1.11111111111
571,571,575,18,39.0,12.0,2.16666666667,2283.66554817,126.870308231,1.5
572,572,576,31,73.0,27.0,2.35483870968,3884.66584917,125.311801586,1.09677419355
573,573,577,75,200.0,36.0,2.66666666667,5180.57402833,69.0743203778,1.17333333333
574,574,578,46,129.0,11.0,2.80434782609,3599.83383483,78.257257279,1.10869565217
575,575,579,78,282.0,37.0,3.61538461538,5440.748702,69.7531884872,1.10256410256
576,576,580,66,127.0,11.0,1.92424242424,6632.54987217,100.493179881,1.48484848485
577,577,581,25,209.0,92.0,8.36,3221.04830367,128.841932147,1.44
578,578,582,37,255.0,70.0,6.89189189189,5870.12438083,158.652010293,1.18918918919
579,579,583,40,120.0,17.0,3.0,3620.50633,90.51265825,1.225
580,580,584,40,289.0,148.0,7.225,3829.84163167,95.7460407916,1.15
581,581,585,67,138.0,19.0,2.05970149254,7284.33153533,108.721366199,1.35820895522
582,582,586,54,121.0,22.0,2.24074074074,5080.8579955,94.0899628796,1.16666666667
583,583,587,74,288.0,64.0,3.89189189189,3759.36772333,50.8022665315,1.12162162162
584,584,588,50,97.0,9.0,1.94,3241.6003565,64.83200713,1.08
585,585,589,59,196.0,36.0,3.32203389831,2625.9861595,44.5082399915,1.18644067797
586,586,590,79,266.0,78.0,3.36708860759,5316.704173,67.3000528228,1.10126582278
587,587,591,36,261.0,98.0,7.25,2397.14780717,66.587439088,1.47222222222
588,588,592,117,223.0,31.0,1.90598290598,9724.62764783,83.1164756225,1.12820512821
589,589,593,49,134.0,13.0,2.73469387755,5345.0215265,109.082071969,1.14285714286
590,590,594,31,196.0,28.0,6.32258064516,3478.13353383,112.19785593,1.32258064516
591,591,595,86,287.0,33.0,3.33720930233,6431.39157567,74.7836229729,1.1511627907
592,592,596,55,98.0,8.0,1.78181818182,3176.9158585,57.7621065182,1.09090909091
593,593,597,72,170.0,18.0,2.36111111111,9965.00275883,138.402816095,1.33333333333
594,594,598,49,167.0,32.0,3.40816326531,4986.3807395,101.762872235,1.14285714286
595,595,599,39,281.0,87.0,7.20512820513,2128.09108733,54.5664381367,1.15384615385
596,596,600,25,139.0,25.0,5.56,2048.19460383,81.9277841533,1.56
597,597,601,15,198.0,86.0,13.2,1041.76704783,69.4511365222,1.26666666667
598,598,602,40,160.0,35.0,4.0,2268.2586265,56.7064656625,1.15
599,599,603,84,183.0,14.0,2.17857142857,7051.8095415,83.9501135893,1.19047619048
600,600,604,63,178.0,15.0,2.8253968254,6035.6191625,95.8034787698,1.65079365079
601,601,605,25,135.0,55.0,5.4,1882.67842067,75.3071368266,1.32
602,602,606,34,60.0,8.0,1.76470588235,2658.88034,78.2023629412,1.23529411765
603,603,607,102,169.0,12.0,1.6568627451,7675.26882583,75.2477335866,1.23529411765
604,604,608,24,80.0,16.0,3.33333333333,2236.38229867,93.1825957778,1.33333333333
605,605,609,18,121.0,41.0,6.72222222222,1207.83981217,67.102211787,1.11111111111
606,606,610,34,63.0,11.0,1.85294117647,3845.47837866,113.102305255,1.61764705882
607,607,611,20,35.0,7.0,1.75,1590.14254467,79.5071272334,1.45
608,608,612,37,122.0,50.0,3.2972972973,3433.73448133,92.8036346306,1.27027027027
609,609,613,68,264.0,19.0,3.88235294118,5831.577879,85.7584982206,1.11764705882
610,610,614,54,173.0,35.0,3.2037037037,4127.34973433,76.4324024877,1.40740740741
611,611,615,58,151.0,21.0,2.60344827586,6233.7660985,107.478725836,1.18965517241
612,612,616,31,64.0,7.0,2.06451612903,2162.2433915,69.7497868226,1.48387096774
613,613,617,158,280.0,24.0,1.77215189873,13165.7935658,83.3278073787,1.09493670886
614,614,618,25,111.0,18.0,4.44,2021.59989983,80.8639959933,1.2
615,615,619,57,81.0,7.0,1.42105263158,10962.9272792,192.332057529,1.29824561404
616,616,620,43,121.0,22.0,2.81395348837,4968.15502716,115.538489004,1.62790697674
617,617,621,23,73.0,17.0,3.17391304348,2377.301458,103.360932956,1.39130434783
618,618,622,89,155.0,7.0,1.74157303371,6059.076152,68.0795073259,1.26966292135
619,619,623,47,126.0,31.0,2.68085106383,3490.0978615,74.2574013085,1.17021276596
620,620,624,45,102.0,32.0,2.26666666667,5373.0605515,119.401345589,1.31111111111
621,621,625,55,122.0,16.0,2.21818181818,4254.32360917,77.3513383485,1.12727272727
622,622,626,7,132.0,109.0,18.8571428571,196.945571667,28.1350816667,1.0
623,623,627,35,159.0,88.0,4.54285714286,4609.93585483,131.712452995,1.54285714286
624,624,628,34,78.0,13.0,2.29411764706,4547.66557017,133.754869711,1.44117647059
625,625,629,10,52.0,21.0,5.2,1142.51956867,114.251956867,1.3
626,626,630,53,104.0,21.0,1.96226415094,3532.39042933,66.6488760252,1.2641509434
627,627,631,48,216.0,154.0,4.5,3400.55472417,70.8448900868,1.08333333333
628,628,632,44,140.0,29.0,3.18181818182,7812.85664767,177.564923811,1.15909090909
629,629,633,21,39.0,11.0,1.85714285714,3362.91235934,160.138683778,1.7619047619
630,630,634,54,188.0,21.0,3.48148148148,3171.2946875,58.7276793981,1.14814814815
631,631,635,7,99.0,76.0,14.1428571429,310.599207167,44.3713153096,1.0
632,632,636,59,108.0,14.0,1.83050847458,3496.54954917,59.2635516808,1.08474576271
633,633,637,82,249.0,42.0,3.03658536585,8254.77048167,100.667932703,1.07317073171
634,634,639,33,94.0,8.0,2.84848484848,3082.8874245,93.4208310455,1.27272727273
635,635,640,24,214.0,111.0,8.91666666667,3322.4536945,138.435570604,1.125
636,636,641,25,169.0,114.0,6.76,1228.34456617,49.1337826467,1.12
637,637,642,66,209.0,21.0,3.16666666667,7059.249254,106.95832203,1.4696969697
638,638,643,68,265.0,38.0,3.89705882353,8975.12951466,131.987198745,1.54411764706
639,639,644,48,98.0,21.0,2.04166666667,4697.355099,97.8615645625,1.64583333333
640,640,645,47,92.0,29.0,1.95744680851,5510.625228,117.247345277,1.6170212766
641,641,646,51,75.0,13.0,1.47058823529,4836.7586045,94.8384040098,1.37254901961
642,642,647,36,110.0,18.0,3.05555555556,2587.08543217,71.8634842268,1.22222222222
643,643,648,38,104.0,18.0,2.73684210526,3290.88613017,86.6022665833,1.26315789474
644,644,649,27,94.0,24.0,3.48148148148,4008.535203,148.464266778,1.48148148148
645,645,650,53,225.0,88.0,4.24528301887,7545.33334683,142.364780129,1.54716981132
646,646,651,33,60.0,16.0,1.81818181818,5469.36890317,165.738451611,1.33333333333
647,647,652,74,170.0,20.0,2.2972972973,5655.12158067,76.4205619009,1.21621621622
648,648,653,33,48.0,4.0,1.45454545455,2988.51783583,90.5611465404,1.27272727273
649,649,655,16,24.0,4.0,1.5,1319.53319,82.470824375,1.0
650,650,656,9,64.0,23.0,7.11111111111,505.515138167,56.1683486853,1.22222222222
651,651,657,2,6.0,6.0,3.0,88.2603179999,44.130159,1.5
652,652,658,2,1.0,1.0,0.5,409.8293075,204.91465375,2.5
653,653,659,1,0.0,,0.0,2.7180905,2.7180905,1.0
654,654,660,14,35.0,16.0,2.5,1201.59468017,85.8281914405,1.14285714286
655,655,661,8,21.0,7.0,2.625,1036.93789067,129.617236333,1.25
656,656,662,1,0.0,,0.0,47.581505,47.581505,1.0
657,657,663,2,3.0,3.0,1.5,90.0844665,45.04223325,2.0
658,658,665,3,52.0,51.0,17.3333333333,54.7404079999,18.2468026666,1.0
659,659,666,24,45.0,6.0,1.875,1671.67668183,69.6531950764,1.29166666667
660,660,667,4,11.0,7.0,2.75,169.613391667,42.4033479167,1.0
661,661,668,1,0.0,,0.0,2.21111783333,2.21111783333,1.0
662,662,669,3,16.0,13.0,5.33333333333,121.515194333,40.5050647778,1.0
663,663,670,8,63.0,44.0,7.875,576.861430499,72.1076788124,1.5
664,664,671,13,35.0,8.0,2.69230769231,646.054122667,49.6964709744,1.07692307692
665,665,672,7,108.0,34.0,15.4285714286,694.360514667,99.1943592382,1.0
666,666,673,18,57.0,24.0,3.16666666667,1121.09801783,62.283223213,1.33333333333
667,667,674,9,107.0,60.0,11.8888888889,377.970612333,41.9967347037,1.33333333333
668,668,675,1,0.0,,0.0,30.164617,30.164617,1.0
669,669,676,2,22.0,22.0,11.0,19.8352348334,9.91761741669,1.0
670,670,677,1,0.0,,0.0,91.7284075,91.7284075,2.0
671,671,678,1,0.0,,0.0,100.0702155,100.0702155,2.0
672,672,679,1,0.0,,0.0,2.04971366667,2.04971366667,1.0
673,673,680,1,0.0,,0.0,26.0512206667,26.0512206667,1.0
674,674,681,1,0.0,,0.0,5.53391366667,5.53391366667,1.0
675,675,682,3,19.0,15.0,6.33333333333,28.1906206667,9.39687355556,1.0
676,676,684,2,1.0,1.0,0.5,75.3430798333,37.6715399167,1.0
677,677,685,1,0.0,,0.0,8.99530966667,8.99530966667,1.0
678,678,686,1,0.0,,0.0,9.61211033333,9.61211033333,1.0
679,679,687,2,1.0,1.0,0.5,18.8897565,9.44487825,1.0
680,680,688,1,0.0,,0.0,33.0735488333,33.0735488333,1.0
681,681,689,2,13.0,13.0,6.5,91.9569938333,45.9784969167,1.0
682,682,690,9,193.0,126.0,21.4444444444,622.322451667,69.1469390741,1.44444444444
683,683,691,1,0.0,,0.0,96.9189933333,96.9189933333,2.0
684,684,692,1,0.0,,0.0,16.604203,16.604203,2.0
685,685,693,10,46.0,20.0,4.6,1101.97665317,110.197665317,1.4
686,686,694,5,40.0,35.0,8.0,201.106818,40.2213636,1.6
687,687,695,1,0.0,,0.0,103.5762805,103.5762805,1.0
688,688,696,9,29.0,10.0,3.22222222222,1180.5467065,131.171856278,1.11111111111
689,689,697,9,34.0,10.0,3.77777777778,610.805907833,67.8673230926,1.22222222222
690,690,698,3,7.0,4.0,2.33333333333,70.9743361667,23.6581120556,1.33333333333
691,691,699,3,4.0,3.0,1.33333333333,84.1076063334,28.0358687778,1.33333333333
692,692,700,2,4.0,4.0,2.0,122.3289095,61.1644547501,1.0
693,693,701,4,3.0,1.0,0.75,916.943957167,229.235989292,1.75
694,694,702,3,24.0,22.0,8.0,116.486612833,38.8288709445,1.33333333333
695,695,703,1,0.0,,0.0,31.553383,31.553383,1.0
696,696,704,1,0.0,,0.0,67.676047,67.676047,2.0
697,697,705,1,0.0,,0.0,2.01742616667,2.01742616667,1.0
698,698,706,31,67.0,19.0,2.16129032258,4833.12063133,155.90711714,1.51612903226
699,699,708,1,0.0,,0.0,10.0693165,10.0693165,1.0
700,700,709,9,24.0,6.0,2.66666666667,355.365833333,39.4850925926,1.11111111111
701,701,710,7,57.0,40.0,8.14285714286,127.804792667,18.2578275238,1.57142857143
702,702,712,25,111.0,46.0,4.44,2779.22459967,111.168983987,1.32
703,703,713,2,1.0,1.0,0.5,139.060529,69.5302645,1.5
704,704,714,3,60.0,59.0,20.0,286.614653,95.5382176666,2.33333333333
705,705,715,28,96.0,20.0,3.42857142857,2525.66232933,90.2022260476,1.39285714286
706,706,718,12,32.0,10.0,2.66666666667,510.876915667,42.5730763056,1.33333333333
707,707,719,1,0.0,,0.0,9.4907925,9.4907925,1.0
708,708,720,12,23.0,7.0,1.91666666667,1246.4980785,103.874839875,1.08333333333
709,709,721,2,33.0,33.0,16.5,91.9339671667,45.9669835833,1.5
710,710,722,25,111.0,23.0,4.44,1666.347693,66.65390772,1.04
711,711,723,1,0.0,,0.0,104.110932,104.110932,2.0
712,712,724,1,0.0,,0.0,8.914047,8.914047,1.0
713,713,726,2,14.0,14.0,7.0,23.1702716667,11.5851358333,1.0
714,714,730,2,1.0,1.0,0.5,41.7199715,20.85998575,1.0
715,715,732,53,109.0,10.0,2.05660377358,5339.65943683,100.748291261,1.11320754717
716,716,734,1,0.0,,0.0,19.0968998333,19.0968998333,1.0
717,717,735,4,13.0,8.0,3.25,243.432878666,60.8582196666,1.25
718,718,736,23,63.0,13.0,2.73913043478,2819.42163983,122.583549558,1.21739130435
719,719,738,1,0.0,,0.0,13.5082531667,13.5082531667,1.0
720,720,740,1,0.0,,0.0,7.79158966667,7.79158966667,1.0
721,721,741,2,1.0,1.0,0.5,92.538592,46.269296,1.5
722,722,742,11,13.0,2.0,1.18181818182,732.1251825,66.5568347727,1.36363636364
723,723,743,1,0.0,,0.0,9.403506,9.403506,1.0
724,724,744,15,30.0,9.0,2.0,929.1125425,61.9408361667,1.0
725,725,746,12,19.0,4.0,1.58333333333,1341.40369417,111.783641181,1.0
726,726,747,1,0.0,,0.0,30.8821526667,30.8821526667,2.0
727,727,748,15,52.0,26.0,3.46666666667,984.504197834,65.6336131889,1.13333333333
728,728,751,2,1.0,1.0,0.5,52.1289673334,26.0644836667,1.0
729,729,752,1,0.0,,0.0,30.5951761667,30.5951761667,2.0
730,730,753,7,26.0,13.0,3.71428571429,452.853161499,64.6933087856,1.28571428571
731,731,754,4,4.0,2.0,1.0,413.3262125,103.331553125,1.0
732,732,755,12,242.0,69.0,20.1666666667,325.807842667,27.1506535556,1.16666666667
733,733,757,14,37.0,7.0,2.64285714286,1600.746279,114.339019929,1.28571428571
734,734,758,1,0.0,,0.0,2.22991233333,2.22991233333,1.0
735,735,759,3,3.0,2.0,1.0,70.2787058333,23.4262352778,1.33333333333
736,736,760,1,0.0,,0.0,51.0000158333,51.0000158333,1.0
737,737,761,13,22.0,3.0,1.69230769231,710.010134,54.6161641539,1.15384615385
738,738,762,5,7.0,4.0,1.4,271.673361833,54.3346723666,1.4
739,739,763,1,0.0,,0.0,6.2920505,6.2920505,1.0
740,740,764,2,1.0,1.0,0.5,59.3407836667,29.6703918334,1.0
741,741,765,1,0.0,,0.0,21.6762183333,21.6762183333,1.0
742,742,768,1,0.0,,0.0,69.1771198333,69.1771198333,1.0
743,743,769,1,0.0,,0.0,135.6825435,135.6825435,2.0
744,744,770,1,0.0,,0.0,10.4962635,10.4962635,1.0
745,745,771,40,232.0,150.0,5.8,2381.228974,59.53072435,1.525
746,746,772,1,0.0,,0.0,44.3639493333,44.3639493333,2.0
747,747,774,1,0.0,,0.0,5.11215066667,5.11215066667,1.0
748,748,775,1,0.0,,0.0,46.5530623333,46.5530623333,1.0
749,749,776,1,0.0,,0.0,3.91036266667,3.91036266667,1.0
750,750,777,15,50.0,19.0,3.33333333333,1089.7153115,72.6476874334,1.8
751,751,778,3,14.0,13.0,4.66666666667,75.7422431667,25.2474143889,1.0
752,752,779,1,0.0,,0.0,4.2604045,4.2604045,1.0
753,753,780,1,0.0,,0.0,27.8488876667,27.8488876667,1.0
754,754,781,4,58.0,51.0,14.5,168.214142167,42.0535355417,1.25
755,755,782,27,37.0,4.0,1.37037037037,2763.90457883,102.366836253,1.25925925926
756,756,783,2,3.0,3.0,1.5,64.3842428333,32.1921214167,1.5
757,757,784,5,8.0,5.0,1.6,206.983007833,41.3966015666,1.6
758,758,785,17,97.0,58.0,5.70588235294,1503.666069,88.4509452353,1.29411764706
759,759,786,2,1.0,1.0,0.5,23.6958715,11.84793575,1.0
760,760,787,8,22.0,8.0,2.75,625.782134,78.22276675,1.25
761,761,788,2,2.0,2.0,1.0,26.2625213334,13.1312606667,1.0
762,762,791,42,219.0,53.0,5.21428571429,4878.717861,116.159949071,1.19047619048
763,763,792,30,89.0,20.0,2.96666666667,4347.68490567,144.922830189,1.46666666667
764,764,793,12,35.0,15.0,2.91666666667,695.558197001,57.9631830834,1.08333333333
765,765,794,7,11.0,4.0,1.57142857143,312.154383667,44.593483381,1.14285714286
766,766,795,3,3.0,2.0,1.0,368.152023,122.717341,1.33333333333
767,767,798,19,23.0,2.0,1.21052631579,1300.0528085,68.4238320263,1.36842105263
768,768,800,33,49.0,8.0,1.48484848485,2075.563084,62.8958510303,1.09090909091
769,769,801,1,0.0,,0.0,23.7303255,23.7303255,1.0
770,770,804,4,19.0,17.0,4.75,85.1154015001,21.278850375,1.25
771,771,805,3,7.0,6.0,2.33333333333,115.462415667,38.4874718889,1.66666666667
772,772,806,3,4.0,3.0,1.33333333333,49.937149,16.6457163333,1.0
773,773,807,1,0.0,,0.0,7.1250905,7.1250905,1.0
774,774,808,1,0.0,,0.0,106.2993215,106.2993215,2.0
775,775,810,2,2.0,2.0,1.0,57.3305648333,28.6652824167,1.5
776,776,811,8,18.0,7.0,2.25,1602.43884467,200.304855583,1.625
777,777,812,34,49.0,5.0,1.44117647059,3681.13888433,108.268790716,1.58823529412
778,778,813,1,0.0,,0.0,105.712802667,105.712802667,2.0
779,779,814,3,2.0,1.0,0.666666666667,207.882079,69.2940263333,1.33333333333
780,780,815,2,3.0,3.0,1.5,65.05537,32.527685,1.0
781,781,818,2,1.0,1.0,0.5,91.5363141667,45.7681570833,1.0
782,782,820,1,0.0,,0.0,105.114544,105.114544,1.0
783,783,821,3,5.0,4.0,1.66666666667,106.398950667,35.4663168889,1.66666666667
784,784,822,3,237.0,234.0,79.0,96.3083129999,32.102771,1.0
785,785,823,22,92.0,46.0,4.18181818182,1589.18932083,72.2358782196,1.31818181818
786,786,824,15,44.0,25.0,2.93333333333,911.125968501,60.7417312334,1.53333333333
787,787,825,6,12.0,4.0,2.0,140.009222167,23.3348703611,1.0
788,788,827,1,0.0,,0.0,10.2700003333,10.2700003333,1.0
789,789,828,10,23.0,8.0,2.3,827.275312666,82.7275312666,1.3
790,790,829,4,32.0,16.0,8.0,271.015113667,67.7537784166,2.0
791,791,830,1,0.0,,0.0,23.4222561667,23.4222561667,1.0
792,792,831,5,18.0,8.0,3.6,243.60628,48.721256,1.0
793,793,832,1,0.0,,0.0,86.3369936667,86.3369936667,2.0
794,794,833,1,0.0,,0.0,2.38093233333,2.38093233333,1.0
795,795,834,2,9.0,9.0,4.5,38.1229506667,19.0614753333,1.0
796,796,835,1,0.0,,0.0,109.0782855,109.0782855,2.0
797,797,836,4,215.0,212.0,53.75,125.074141667,31.2685354167,1.0
798,798,838,1,0.0,,0.0,2.7269435,2.7269435,1.0
799,799,839,1,0.0,,0.0,13.587055,13.587055,1.0
800,800,842,1,0.0,,0.0,52.8500076666,52.8500076666,2.0
801,801,843,23,83.0,13.0,3.60869565217,2448.8816425,106.473114891,1.21739130435
802,802,844,7,6.0,1.0,0.857142857143,864.848216499,123.549745214,1.42857142857
803,803,845,5,6.0,3.0,1.2,612.83845,122.56769,1.6
804,804,846,11,21.0,7.0,1.90909090909,282.252570167,25.6593245606,1.09090909091
805,805,847,1,0.0,,0.0,124.803125333,124.803125333,2.0
806,806,848,1,0.0,,0.0,3.78040583333,3.78040583333,1.0
807,807,850,1,0.0,,0.0,39.991625,39.991625,2.0
808,808,851,1,0.0,,0.0,58.5606146667,58.5606146667,1.0
809,809,852,58,101.0,12.0,1.74137931034,4910.204885,84.6587049138,1.62068965517
810,810,853,7,22.0,9.0,3.14285714286,131.58359,18.7976557143,1.28571428571
811,811,854,2,1.0,1.0,0.5,64.299956,32.149978,1.0
812,812,855,7,22.0,10.0,3.14285714286,243.002107667,34.7145868095,1.42857142857
813,813,857,5,29.0,12.0,5.8,266.6450705,53.3290141001,1.2
814,814,858,29,65.0,16.0,2.24137931034,2095.47022883,72.2575940977,1.31034482759
815,815,859,2,14.0,14.0,7.0,6.59884316667,3.29942158333,1.0
816,816,860,1,0.0,,0.0,223.575494,223.575494,1.0
817,817,861,1,0.0,,0.0,9.18720066667,9.18720066667,1.0
818,818,862,5,5.0,2.0,1.0,865.994588668,173.198917734,1.8
819,819,864,1,0.0,,0.0,53.1295885,53.1295885,2.0
820,820,866,3,2.0,1.0,0.666666666667,81.0155213334,27.0051737778,1.0
821,821,868,3,9.0,8.0,3.0,22.7298266667,7.57660888889,1.0
822,822,869,1,0.0,,0.0,19.2950595,19.2950595,1.0
823,823,872,17,162.0,72.0,9.52941176471,1016.640299,59.8023705295,1.05882352941
824,824,873,1,0.0,,0.0,30.2541315,30.2541315,2.0
825,825,874,1,0.0,,0.0,49.7470893333,49.7470893333,1.0
826,826,876,3,2.0,1.0,0.666666666667,77.11208,25.7040266667,1.0
827,827,877,1,0.0,,0.0,26.5230981667,26.5230981667,1.0
828,828,880,1,0.0,,0.0,15.5930261667,15.5930261667,1.0
829,829,881,2,2.0,2.0,1.0,167.550121334,83.7750606668,2.0
830,830,882,1,0.0,,0.0,36.2620155,36.2620155,2.0
831,831,883,13,18.0,3.0,1.38461538462,1322.357348,101.719796,1.30769230769
832,832,885,12,42.0,21.0,3.5,1710.29798067,142.524831722,1.33333333333
833,833,886,3,4.0,3.0,1.33333333333,53.1755566666,17.7251855555,2.33333333333
834,834,887,8,58.0,47.0,7.25,254.926788833,31.8658486042,1.375
835,835,888,4,63.0,38.0,15.75,40.9875375,10.246884375,1.0
836,836,890,1,0.0,,0.0,15.1441191667,15.1441191667,1.0
837,837,891,1,0.0,,0.0,4.37246466666,4.37246466666,2.0
838,838,892,1,0.0,,0.0,61.0602328333,61.0602328333,2.0
839,839,893,1,0.0,,0.0,3.922379,3.922379,1.0
840,840,894,3,3.0,2.0,1.0,152.378319834,50.7927732779,1.33333333333
841,841,895,2,1.0,1.0,0.5,495.360191334,247.680095667,3.5
842,842,896,11,63.0,23.0,5.72727272727,815.932515667,74.1756832424,1.09090909091
843,843,897,1,0.0,,0.0,22.0889656667,22.0889656667,1.0
844,844,898,1,0.0,,0.0,14.9005318333,14.9005318333,2.0
845,845,900,3,116.0,115.0,38.6666666667,210.8094095,70.2698031666,1.33333333333
846,846,901,4,14.0,11.0,3.5,240.875449,60.2188622501,1.25
847,847,903,1,0.0,,0.0,15.1275331667,15.1275331667,1.0
848,848,904,2,1.0,1.0,0.5,228.829723167,114.414861583,1.5
849,849,905,10,44.0,26.0,4.4,584.912801667,58.4912801667,1.3
850,850,906,6,69.0,57.0,11.5,382.390748334,63.7317913889,1.0
851,851,908,1,0.0,,0.0,92.6088541666,92.6088541666,4.0
852,852,909,1,0.0,,0.0,63.3749175,63.3749175,1.0
853,853,910,1,0.0,,0.0,6.45888683333,6.45888683333,1.0
854,854,911,1,0.0,,0.0,44.84609,44.84609,1.0
855,855,912,4,21.0,19.0,5.25,261.380816334,65.3452040834,1.25
856,856,913,6,90.0,29.0,15.0,199.937978333,33.3229963889,1.16666666667
857,857,916,6,39.0,26.0,6.5,218.236801833,36.3728003056,1.0
858,858,917,1,0.0,,0.0,36.7759283333,36.7759283333,2.0
859,859,918,8,49.0,18.0,6.125,198.834103333,24.8542629167,1.125
860,860,919,50,86.0,11.0,1.72,6042.415852,120.84831704,1.54
861,861,920,11,121.0,70.0,11.0,744.933765167,67.7212513788,1.09090909091
862,862,921,1,0.0,,0.0,12.8969723333,12.8969723333,1.0
863,863,922,2,1.0,1.0,0.5,125.166001167,62.5830005833,1.0
864,864,923,6,157.0,133.0,26.1666666667,381.824528333,63.6374213888,1.5
865,865,924,12,15.0,5.0,1.25,1367.53709883,113.961424903,2.33333333333
866,866,925,1,0.0,,0.0,89.3414406667,89.3414406667,2.0
867,867,927,17,52.0,18.0,3.05882352941,1474.70986717,86.7476392451,1.05882352941
868,868,928,12,65.0,23.0,5.41666666667,532.686746,44.3905621667,1.16666666667
869,869,931,2,3.0,3.0,1.5,68.1424375,34.07121875,1.0
870,870,932,8,19.0,8.0,2.375,232.159858167,29.0199822709,1.125
871,871,933,1,0.0,,0.0,38.0166153334,38.0166153334,2.0
872,872,934,1,0.0,,0.0,5.03956,5.03956,1.0
873,873,935,1,0.0,,0.0,22.0394995,22.0394995,1.0
874,874,937,10,28.0,14.0,2.8,780.547337333,78.0547337333,1.1
875,875,938,16,32.0,6.0,2.0,1657.49763267,103.593602042,1.1875
876,876,940,4,4.0,2.0,1.0,296.152712833,74.0381782083,1.25
877,877,941,3,18.0,10.0,6.0,26.589628,8.86320933332,1.0
878,878,942,1,0.0,,0.0,30.978528,30.978528,2.0
879,879,943,1,0.0,,0.0,15.8825428333,15.8825428333,1.0
880,880,944,2,1.0,1.0,0.5,122.420593667,61.2102968333,1.5
881,881,945,3,2.0,1.0,0.666666666667,264.112472833,88.0374909443,1.0
882,882,946,2,1.0,1.0,0.5,131.702768833,65.8513844166,1.0
883,883,947,4,4.0,2.0,1.0,617.114766501,154.278691625,2.5
884,884,948,3,34.0,18.0,11.3333333333,116.647973833,38.8826579444,1.66666666667
885,885,949,4,5.0,2.0,1.25,232.0514145,58.0128536251,1.25
886,886,950,4,8.0,4.0,2.0,111.029789333,27.7574473333,1.0
887,887,952,5,14.0,6.0,2.8,490.279360333,98.0558720667,1.0
888,888,953,3,2.0,1.0,0.666666666667,406.912529501,135.637509834,2.0
889,889,954,5,123.0,63.0,24.6,134.317261833,26.8634523667,1.0
890,890,955,7,70.0,34.0,10.0,286.698914,40.9569877143,1.42857142857
891,891,956,1,0.0,,0.0,6.80688283333,6.80688283333,1.0
892,892,957,1,0.0,,0.0,3.37144,3.37144,1.0
893,893,958,8,15.0,5.0,1.875,1018.711849,127.338981125,1.75
894,894,959,1,0.0,,0.0,8.31163833333,8.31163833333,1.0
895,895,960,1,0.0,,0.0,26.2942026667,26.2942026667,1.0
896,896,961,1,0.0,,0.0,16.6918471667,16.6918471667,1.0
897,897,962,2,63.0,63.0,31.5,30.7922796667,15.3961398334,1.0
898,898,963,2,2.0,2.0,1.0,41.4803705,20.74018525,1.0
899,899,965,20,34.0,7.0,1.7,2032.75965783,101.637982892,1.3
900,900,966,23,165.0,43.0,7.17391304348,1083.00341783,47.0871051232,1.08695652174
901,901,967,5,4.0,1.0,0.8,449.626980166,89.9253960333,1.2
902,902,969,2,3.0,3.0,1.5,24.9669023333,12.4834511666,1.0
903,903,970,4,71.0,68.0,17.75,737.694176833,184.423544208,1.25
904,904,971,1,0.0,,0.0,93.4663278333,93.4663278333,1.0
905,905,972,29,125.0,13.0,4.31034482759,2132.20186617,73.5242022816,1.37931034483
906,906,973,3,23.0,22.0,7.66666666667,66.5084470001,22.1694823334,1.33333333333
907,907,974,1,0.0,,0.0,101.545039833,101.545039833,2.0
908,908,975,1,0.0,,0.0,3.7103945,3.7103945,1.0
909,909,976,2,35.0,35.0,17.5,73.8406445,36.92032225,1.5
910,910,977,1,0.0,,0.0,3.35443916667,3.35443916667,1.0
911,911,979,15,37.0,9.0,2.46666666667,1164.51988083,77.6346587223,1.53333333333
912,912,980,1,0.0,,0.0,20.192891,20.192891,1.0
913,913,982,1,0.0,,0.0,2.276812,2.276812,1.0
914,914,983,5,24.0,10.0,4.8,272.998678833,54.5997357667,1.2
915,915,984,11,195.0,173.0,17.7272727273,337.374748833,30.6704317121,1.27272727273
916,916,985,2,1.0,1.0,0.5,46.494977,23.2474885,1.5
917,917,986,11,12.0,2.0,1.09090909091,750.771943167,68.2519948333,1.09090909091
918,918,987,1,0.0,,0.0,63.637865,63.637865,2.0
919,919,988,2,47.0,47.0,23.5,70.9720096667,35.4860048333,1.0
920,920,989,13,72.0,19.0,5.53846153846,619.254479,47.634959923,1.0
921,921,990,3,4.0,2.0,1.33333333333,106.084012167,35.3613373889,1.66666666667
922,922,991,1,0.0,,0.0,37.5090721667,37.5090721667,2.0
923,923,992,2,36.0,36.0,18.0,89.3700133333,44.6850066666,2.0
924,924,993,1,0.0,,0.0,32.974715,32.974715,1.0
925,925,994,1,0.0,,0.0,4.65228283333,4.65228283333,1.0
926,926,995,1,0.0,,0.0,22.824815,22.824815,1.0
927,927,1000,6,22.0,17.0,3.66666666667,218.354096667,36.3923494445,1.16666666667
928,928,1001,3,31.0,30.0,10.3333333333,97.9973773334,32.6657924445,2.0
929,929,1002,31,81.0,14.0,2.61290322581,1907.74677383,61.5402185108,1.32258064516
930,930,1003,1,0.0,,0.0,91.4231275,91.4231275,2.0
931,931,1004,2,1.0,1.0,0.5,116.0312265,58.01561325,1.5
932,932,1005,1,0.0,,0.0,10.5366006667,10.5366006667,2.0
933,933,1006,3,2.0,1.0,0.666666666667,110.423125333,36.8077084445,1.33333333333
934,934,1007,1,0.0,,0.0,59.9798896667,59.9798896667,1.0
935,935,1008,1,0.0,,0.0,56.112308,56.112308,2.0
936,936,1009,7,14.0,8.0,2.0,779.449955167,111.349993595,1.42857142857
937,937,1011,15,18.0,2.0,1.2,536.995037667,35.7996691778,1.46666666667
938,938,1012,1,0.0,,0.0,54.8384126666,54.8384126666,2.0
939,939,1013,36,121.0,57.0,3.36111111111,4961.78916967,137.827476935,1.47222222222
940,940,1014,26,39.0,4.0,1.5,1730.465347,66.5563595,1.19230769231
941,941,1015,8,38.0,16.0,4.75,246.176401667,30.7720502083,1.0
942,942,1016,1,0.0,,0.0,3.79480166667,3.79480166667,1.0
943,943,1017,1,0.0,,0.0,19.716442,19.716442,1.0
944,944,1019,20,59.0,12.0,2.95,1970.96084067,98.5480420333,1.15
945,945,1020,3,4.0,3.0,1.33333333333,48.1915511666,16.0638503889,1.33333333333
946,946,1021,1,0.0,,0.0,3.057843,3.057843,1.0
947,947,1022,5,16.0,8.0,3.2,59.5985243334,11.9197048667,1.0
948,948,1023,1,0.0,,0.0,4.83853366667,4.83853366667,1.0
949,949,1024,2,1.0,1.0,0.5,243.619256334,121.809628167,2.0
950,950,1026,1,0.0,,0.0,13.029178,13.029178,1.0
951,951,1027,1,0.0,,0.0,51.0040081667,51.0040081667,1.0
952,952,1028,1,0.0,,0.0,18.8601366667,18.8601366667,1.0
953,953,1029,3,33.0,22.0,11.0,19.8037851667,6.60126172223,1.0
954,954,1030,9,54.0,16.0,6.0,360.065256667,40.0072507407,1.22222222222
955,955,1031,2,4.0,4.0,2.0,11.741084,5.870542,1.0
956,956,1032,2,1.0,1.0,0.5,13.8993051667,6.94965258335,1.0
957,957,1033,73,157.0,10.0,2.15068493151,6269.83133067,85.8881004201,1.16438356164
958,958,1034,1,0.0,,0.0,23.4161325,23.4161325,1.0
959,959,1036,1,0.0,,0.0,15.4751356667,15.4751356667,1.0
960,960,1037,2,1.0,1.0,0.5,135.410090834,67.7050454168,1.5
961,961,1039,1,0.0,,0.0,38.2928665,38.2928665,1.0
962,962,1040,13,215.0,182.0,16.5384615385,363.670237333,27.974633641,1.15384615385
963,963,1041,3,3.0,2.0,1.0,720.571817,240.190605667,1.33333333333
964,964,1042,4,112.0,104.0,28.0,150.732836667,37.6832091667,2.5
965,965,1043,1,0.0,,0.0,7.087783,7.087783,1.0
966,966,1046,2,1.0,1.0,0.5,15.2956076667,7.64780383335,1.0
967,967,1047,1,0.0,,0.0,5.28451266667,5.28451266667,1.0
968,968,1048,35,151.0,23.0,4.31428571429,2020.3182525,57.7233786429,1.17142857143
969,969,1049,1,0.0,,0.0,37.853095,37.853095,2.0
970,970,1050,1,0.0,,0.0,84.5200338333,84.5200338333,1.0
971,971,1051,1,0.0,,0.0,15.5251928333,15.5251928333,1.0
972,972,1052,4,8.0,6.0,2.0,434.326586333,108.581646583,1.25
973,973,1053,5,51.0,26.0,10.2,249.539664333,49.9079328666,1.2
974,974,1054,2,93.0,93.0,46.5,138.937357334,69.4686786669,1.5
975,975,1055,4,12.0,8.0,3.0,135.959502333,33.9898755833,1.0
976,976,1056,12,15.0,3.0,1.25,736.660932333,61.3884110278,1.0
977,977,1057,1,0.0,,0.0,9.10415,9.10415,1.0
978,978,1058,52,276.0,67.0,5.30769230769,2745.895148,52.8056759231,1.11538461538
979,979,1060,20,32.0,5.0,1.6,2744.22126716,137.211063358,1.15
980,980,1061,2,1.0,1.0,0.5,44.505795,22.2528975,1.5
981,981,1062,7,21.0,12.0,3.0,406.636718167,58.0909597381,1.42857142857
982,982,1064,1,0.0,,0.0,21.8352788333,21.8352788333,1.0
983,983,1065,3,2.0,1.0,0.666666666667,290.156919667,96.7189732222,1.33333333333
984,984,1067,1,0.0,,0.0,29.7377383333,29.7377383333,1.0
985,985,1068,1,0.0,,0.0,27.7252703333,27.7252703333,1.0
986,986,1070,21,27.0,4.0,1.28571428571,3029.59997383,144.266665421,1.14285714286
987,987,1071,2,29.0,29.0,14.5,43.6377566667,21.8188783333,1.0
988,988,1072,2,1.0,1.0,0.5,162.537113,81.2685565,1.5
989,989,1073,38,109.0,26.0,2.86842105263,3492.8292155,91.9165583026,1.10526315789
990,990,1075,10,46.0,14.0,4.6,196.633505833,19.6633505833,1.1
991,991,1076,1,0.0,,0.0,94.6577551667,94.6577551667,1.0
992,992,1077,1,0.0,,0.0,152.213267167,152.213267167,2.0
993,993,1078,1,0.0,,0.0,16.0970455,16.0970455,1.0
994,994,1080,3,17.0,9.0,5.66666666667,40.1941861667,13.3980620556,1.0
995,995,1081,5,66.0,35.0,13.2,218.730158333,43.7460316667,1.4
996,996,1082,2,4.0,4.0,2.0,51.1061375,25.55306875,1.0
997,997,1083,1,0.0,,0.0,23.5198456667,23.5198456667,2.0
998,998,1084,1,0.0,,0.0,47.2116895,47.2116895,1.0
999,999,1085,1,0.0,,0.0,21.6134593334,21.6134593334,2.0
1000,1000,1087,19,30.0,9.0,1.57894736842,1455.25232317,76.5922275351,1.26315789474
1001,1001,1089,2,7.0,7.0,3.5,102.899076667,51.4495383333,1.0
1002,1002,1090,1,0.0,,0.0,25.829762,25.829762,1.0
1003,1003,1091,1,0.0,,0.0,9.37827166667,9.37827166667,1.0
1004,1004,1093,2,2.0,2.0,1.0,38.2254540001,19.1127270001,1.5
1005,1005,1094,9,33.0,22.0,3.66666666667,640.688980168,71.1876644631,1.66666666667
1006,1006,1095,7,191.0,178.0,27.2857142857,500.206558,71.4580797143,1.14285714286
1007,1007,1096,7,26.0,12.0,3.71428571429,314.689959,44.9557084285,1.14285714286
1008,1008,1097,2,1.0,1.0,0.5,204.640041833,102.320020917,1.5
1009,1009,1098,137,276.0,18.0,2.01459854015,9675.64554883,70.6251499915,1.68613138686
1010,1010,1099,8,38.0,25.0,4.75,453.341239833,56.6676549792,1.25
1011,1011,1102,12,52.0,34.0,4.33333333333,1547.105996,128.925499667,1.25
1012,1012,1103,8,180.0,151.0,22.5,256.257399333,32.0321749166,1.625
1013,1013,1104,3,5.0,3.0,1.66666666667,37.4336688333,12.4778896111,1.0
1014,1014,1105,2,1.0,1.0,0.5,70.9095216666,35.4547608333,1.0
1015,1015,1106,2,2.0,2.0,1.0,17.3659753334,8.68298766668,1.0
1016,1016,1107,2,2.0,2.0,1.0,73.6289658334,36.8144829167,1.5
1017,1017,1108,2,2.0,2.0,1.0,44.9687753333,22.4843876667,1.0
1018,1018,1109,1,0.0,,0.0,24.4641525,24.4641525,2.0
1019,1019,1110,2,1.0,1.0,0.5,52.9038388333,26.4519194167,1.5
1020,1020,1111,29,134.0,25.0,4.62068965517,1612.46610783,55.6022795805,1.1724137931
1021,1021,1112,2,1.0,1.0,0.5,44.0479675,22.02398375,1.0
1022,1022,1113,1,0.0,,0.0,37.2096841667,37.2096841667,1.0
1023,1023,1116,2,1.0,1.0,0.5,39.3340763333,19.6670381667,1.0
1024,1024,1118,7,19.0,6.0,2.71428571429,190.870244,27.2671777143,1.0
1025,1025,1119,1,0.0,,0.0,28.7618336667,28.7618336667,2.0
1026,1026,1121,27,64.0,11.0,2.37037037037,2087.267826,77.3062157778,1.07407407407
1027,1027,1122,2,1.0,1.0,0.5,52.6562716666,26.3281358333,1.0
1028,1028,1123,5,32.0,12.0,6.4,169.284973167,33.8569946333,1.4
1029,1029,1124,1,0.0,,0.0,61.521267,61.521267,1.0
1030,1030,1126,3,2.0,1.0,0.666666666667,449.131657667,149.710552556,4.0
1031,1031,1127,1,0.0,,0.0,14.6313806667,14.6313806667,1.0
1032,1032,1128,9,65.0,36.0,7.22222222222,223.611437,24.8457152222,1.11111111111
1033,1033,1130,3,2.0,1.0,0.666666666667,278.314842167,92.7716140556,1.33333333333
1034,1034,1131,17,28.0,6.0,1.64705882353,1422.18882317,83.6581660686,1.35294117647
1035,1035,1132,1,0.0,,0.0,90.524217,90.524217,1.0
1036,1036,1133,6,5.0,1.0,0.833333333333,1032.43387333,172.072312222,2.83333333333
1037,1037,1134,1,0.0,,0.0,7.88990616667,7.88990616667,2.0
1038,1038,1135,1,0.0,,0.0,2.560646,2.560646,1.0
1039,1039,1137,1,0.0,,0.0,54.9204785,54.9204785,1.0
1040,1040,1138,1,0.0,,0.0,36.0615348333,36.0615348333,1.0
1041,1041,1139,38,95.0,11.0,2.5,3227.00680017,84.9212315834,1.18421052632
1042,1042,1140,7,18.0,7.0,2.57142857143,518.963526,74.1376465715,1.0
1043,1043,1141,1,0.0,,0.0,22.4311658333,22.4311658333,1.0
1044,1044,1142,5,65.0,56.0,13.0,128.5907525,25.7181505,1.0
1045,1045,1143,6,16.0,8.0,2.66666666667,340.144483166,56.6907471943,1.16666666667
1046,1046,1146,2,1.0,1.0,0.5,105.577248,52.788624,1.5
1047,1047,1147,1,0.0,,0.0,28.805244,28.805244,1.0
1048,1048,1149,62,145.0,15.0,2.33870967742,6944.52770517,112.008511374,1.24193548387
1049,1049,1150,14,33.0,5.0,2.35714285714,1042.54022267,74.467158762,1.28571428571
1050,1050,1151,8,37.0,9.0,4.625,583.107082833,72.8883853541,1.125
1051,1051,1152,2,1.0,1.0,0.5,179.409532,89.704766,1.0
1052,1052,1153,19,30.0,8.0,1.57894736842,1283.8013295,67.5684910263,1.05263157895
1053,1053,1154,11,133.0,31.0,12.0909090909,495.874191167,45.0794719243,1.09090909091
1054,1054,1156,2,1.0,1.0,0.5,80.1111541667,40.0555770834,1.0
1055,1055,1158,1,0.0,,0.0,4.4136665,4.4136665,1.0
1056,1056,1159,2,4.0,4.0,2.0,19.375742,9.687871,1.0
1057,1057,1160,1,0.0,,0.0,2.70408483333,2.70408483333,1.0
1058,1058,1161,1,0.0,,0.0,87.8123571667,87.8123571667,2.0
1059,1059,1162,1,0.0,,0.0,41.1012255,41.1012255,2.0
1060,1060,1163,4,8.0,5.0,2.0,83.9145498333,20.9786374583,1.0
1061,1061,1164,2,1.0,1.0,0.5,120.897407333,60.4487036666,1.0
1062,1062,1165,1,0.0,,0.0,10.5207108333,10.5207108333,1.0
1063,1063,1167,13,19.0,5.0,1.46153846154,1874.7050875,144.208083654,1.46153846154
1064,1064,1168,1,0.0,,0.0,141.632187333,141.632187333,1.0
1065,1065,1169,4,6.0,4.0,1.5,294.686975999,73.6717439998,1.5
1066,1066,1170,39,90.0,11.0,2.30769230769,2601.49038833,66.7048817521,1.07692307692
1067,1067,1173,35,110.0,15.0,3.14285714286,2884.35267667,82.4100764762,1.14285714286
1068,1068,1174,36,87.0,18.0,2.41666666667,4195.86719633,116.551866565,1.55555555556
1069,1069,1175,7,36.0,10.0,5.14285714286,516.2228205,73.7461172142,1.14285714286
1070,1070,1176,7,6.0,1.0,0.857142857143,754.579038166,107.797005452,1.14285714286
1071,1071,1177,12,140.0,42.0,11.6666666667,736.7596095,61.396634125,1.25
1072,1072,1179,1,0.0,,0.0,3.449506,3.449506,1.0
1073,1073,1180,2,2.0,2.0,1.0,139.2539565,69.6269782499,2.5
1074,1074,1181,13,137.0,102.0,10.5384615385,854.306742999,65.7159033076,1.15384615385
1075,1075,1182,8,9.0,3.0,1.125,1201.79872367,150.224840458,1.125
1076,1076,1183,38,81.0,20.0,2.13157894737,2830.2797895,74.4810470921,1.47368421053
1077,1077,1185,7,55.0,48.0,7.85714285714,1028.4750625,146.925008929,1.14285714286
1078,1078,1187,2,1.0,1.0,0.5,93.5960798333,46.7980399166,1.0
1079,1079,1188,5,13.0,6.0,2.6,437.2006245,87.4401249,1.2
1080,1080,1189,5,9.0,3.0,1.8,499.627986,99.9255972,1.0
1081,1081,1193,2,1.0,1.0,0.5,5.7820995,2.89104975,1.0
1082,1082,1194,4,26.0,13.0,6.5,343.285996333,85.8214990833,2.5
1083,1083,1196,1,0.0,,0.0,43.9546585,43.9546585,1.0
1084,1084,1197,2,1.0,1.0,0.5,49.0129116667,24.5064558333,3.0
1085,1085,1198,4,29.0,19.0,7.25,50.4559288334,12.6139822084,1.5
1086,1086,1199,1,0.0,,0.0,4.71476416667,4.71476416667,1.0
1087,1087,1200,16,35.0,14.0,2.1875,1697.46698367,106.091686479,1.4375
1088,1088,1201,18,19.0,2.0,1.05555555556,3787.56524917,210.42029162,2.11111111111
1089,1089,1202,8,37.0,15.0,4.625,451.1872725,56.3984090625,1.125
1090,1090,1204,14,14.0,2.0,1.0,724.119199833,51.7227999881,1.14285714286
1091,1091,1205,1,0.0,,0.0,18.4334421667,18.4334421667,1.0
1092,1092,1206,14,80.0,20.0,5.71428571429,1012.59263867,72.328045619,1.35714285714
1093,1093,1207,1,0.0,,0.0,26.4703245,26.4703245,1.0
1094,1094,1208,3,4.0,3.0,1.33333333333,114.066953,38.0223176667,1.33333333333
1095,1095,1209,16,47.0,8.0,2.9375,930.416522333,58.1510326458,1.4375
1096,1096,1210,10,22.0,8.0,2.2,723.310276834,72.3310276834,1.3
1097,1097,1211,14,194.0,133.0,13.8571428571,1142.23384783,81.5881319881,1.07142857143
1098,1098,1214,1,0.0,,0.0,12.822523,12.822523,1.0
1099,1099,1215,19,63.0,16.0,3.31578947368,2464.66664783,129.719297254,1.94736842105
1100,1100,1216,6,6.0,2.0,1.0,266.324872667,44.3874787778,1.33333333333
1101,1101,1217,18,68.0,21.0,3.77777777778,1651.712565,91.7618091667,1.27777777778
1102,1102,1220,3,18.0,17.0,6.0,139.252733,46.4175776667,1.33333333333
1103,1103,1221,5,6.0,3.0,1.2,396.9695865,79.3939172999,1.2
1104,1104,1223,1,0.0,,0.0,43.9630845,43.9630845,1.0
1105,1105,1224,12,37.0,13.0,3.08333333333,1267.83056567,105.652547139,1.33333333333
1106,1106,1225,1,0.0,,0.0,18.1355753333,18.1355753333,2.0
1107,1107,1226,11,60.0,32.0,5.45454545455,1129.93880667,102.721709697,1.36363636364
1108,1108,1229,1,0.0,,0.0,7.68855966667,7.68855966667,1.0
1109,1109,1231,26,49.0,5.0,1.88461538462,2042.18143933,78.5454399744,1.5
1110,1110,1232,1,0.0,,0.0,48.3124913333,48.3124913333,2.0
1111,1111,1233,1,0.0,,0.0,23.7803901666,23.7803901666,2.0
1112,1112,1235,6,12.0,4.0,2.0,316.239078666,52.706513111,1.16666666667
1113,1113,1236,3,45.0,35.0,15.0,126.3870895,42.1290298334,1.33333333333
1114,1114,1240,2,1.0,1.0,0.5,40.270831,20.1354155,1.0
1115,1115,1242,2,1.0,1.0,0.5,49.1640855,24.58204275,2.0
1116,1116,1243,2,2.0,2.0,1.0,62.9114363333,31.4557181667,1.0
1117,1117,1244,8,124.0,38.0,15.5,251.472773833,31.4340967292,1.625
1118,1118,1245,1,0.0,,0.0,8.4054255,8.4054255,1.0
1119,1119,1246,1,0.0,,0.0,84.2202295,84.2202295,4.0
1120,1120,1247,13,174.0,145.0,13.3846153846,953.413912167,73.3395317051,1.46153846154
1121,1121,1248,2,13.0,13.0,6.5,10.5973041667,5.29865208333,1.0
1122,1122,1249,11,60.0,29.0,5.45454545455,759.198276833,69.0180251667,1.72727272727
1123,1123,1250,9,50.0,15.0,5.55555555556,376.151773,41.7946414444,1.0
1124,1124,1251,3,42.0,40.0,14.0,31.7249048333,10.5749682778,1.0
1125,1125,1252,6,5.0,1.0,0.833333333333,1373.42553233,228.904255389,1.66666666667
1126,1126,1253,4,40.0,34.0,10.0,162.2350315,40.558757875,1.0
1127,1127,1254,10,64.0,38.0,6.4,669.019621,66.9019621,1.2
1128,1128,1255,3,2.0,1.0,0.666666666667,119.728027,39.9093423333,1.33333333333
1129,1129,1256,1,0.0,,0.0,77.5208078334,77.5208078334,3.0
1130,1130,1257,2,1.0,1.0,0.5,30.8061303333,15.4030651666,2.0
1131,1131,1258,1,0.0,,0.0,93.6202205,93.6202205,1.0
1132,1132,1259,32,146.0,61.0,4.5625,1314.48930533,41.0777907917,1.0625
1133,1133,1260,2,1.0,1.0,0.5,86.6588263333,43.3294131666,1.5
1134,1134,1261,2,1.0,1.0,0.5,440.767162833,220.383581416,2.0
1135,1135,1262,1,0.0,,0.0,50.1757021667,50.1757021667,1.0
1136,1136,1263,7,7.0,2.0,1.0,396.7774555,56.6824936429,1.14285714286
1137,1137,1264,2,29.0,29.0,14.5,28.873541,14.4367705,1.0
1138,1138,1268,1,0.0,,0.0,11.3308886667,11.3308886667,1.0
1139,1139,1269,1,0.0,,0.0,4.79064933333,4.79064933333,1.0
1140,1140,1271,6,5.0,1.0,0.833333333333,149.472879833,24.9121466389,1.16666666667
1141,1141,1272,2,1.0,1.0,0.5,151.446016833,75.7230084167,1.5
1142,1142,1274,7,36.0,17.0,5.14285714286,720.267863333,102.895409048,1.85714285714
1143,1143,1276,2,1.0,1.0,0.5,62.8929255,31.44646275,1.5
1144,1144,1277,8,48.0,21.0,6.0,180.6329895,22.5791236875,1.0
1145,1145,1278,3,7.0,6.0,2.33333333333,210.772899834,70.2576332779,1.33333333333
1146,1146,1279,4,4.0,2.0,1.0,459.977611,114.99440275,1.5
1147,1147,1280,1,0.0,,0.0,19.3684191667,19.3684191667,1.0
1148,1148,1281,1,0.0,,0.0,18.7442715,18.7442715,1.0
1149,1149,1282,11,63.0,41.0,5.72727272727,1495.39873533,135.945339576,1.27272727273
1150,1150,1283,1,0.0,,0.0,13.6665331667,13.6665331667,1.0
1151,1151,1285,3,30.0,28.0,10.0,190.981706167,63.6605687222,2.0
1152,1152,1286,1,0.0,,0.0,2.0991115,2.0991115,1.0
1153,1153,1287,4,20.0,18.0,5.0,49.6177220001,12.4044305,1.0
1154,1154,1288,3,2.0,1.0,0.666666666667,172.145831666,57.3819438888,2.0
1155,1155,1289,6,50.0,15.0,8.33333333333,30.7017241667,5.11695402778,1.0
1156,1156,1290,8,53.0,25.0,6.625,243.153676167,30.3942095209,1.0
1157,1157,1292,35,95.0,12.0,2.71428571429,3145.05917,89.8588334286,1.77142857143
1158,1158,1294,2,29.0,29.0,14.5,56.3369015,28.16845075,1.0
1159,1159,1295,1,0.0,,0.0,10.0520918333,10.0520918333,2.0
1160,1160,1296,2,5.0,5.0,2.5,12.2742028333,6.13710141667,1.0
1161,1161,1297,5,28.0,25.0,5.6,289.777386333,57.9554772666,1.2
1162,1162,1298,4,9.0,6.0,2.25,187.569092333,46.8922730833,1.75
1163,1163,1299,15,59.0,16.0,3.93333333333,1046.64260866,69.776173911,1.0
1164,1164,1300,2,2.0,2.0,1.0,13.3872171667,6.69360858333,1.0
1165,1165,1301,1,0.0,,0.0,6.2021255,6.2021255,1.0
1166,1166,1303,25,136.0,35.0,5.44,1283.1469575,51.3258783,1.2
1167,1167,1305,4,35.0,27.0,8.75,22.5658375,5.64145937499,1.0
