account_key,visits,total_delta,max_delta,avg_delta,total_minutes_spent,avg_minutes_spent,avg_courses_per_visit,projects_completed,completed_one_or_more
0,88,229.0,45.0,2.60227272727,7605.37141067,86.4246751212,1.22727272727,2,1
1,36,112.0,27.0,3.11111111111,4296.24447584,119.340124329,1.44444444444,2,1
2,29,53.0,9.0,1.8275862069,2977.43004467,102.67000154,1.34482758621,1,1
3,50,272.0,40.0,5.44,4422.01891883,88.4403783767,1.18,2,1
4,35,88.0,24.0,2.51428571429,3722.64885017,106.361395719,1.14285714286,2,1
5,68,87.0,7.0,1.27941176471,4908.93327833,72.1901952696,1.05882352941,1,1
6,45,82.0,5.0,1.82222222222,4106.341951,91.2520433556,1.22222222222,4,1
7,28,86.0,14.0,3.07142857143,2196.93742617,78.4620509346,1.28571428571,1,1
8,61,108.0,22.0,1.77049180328,4620.63367533,75.7480930383,1.16393442623,2,1
9,68,211.0,15.0,3.10294117647,6931.997476,101.941139353,1.16176470588,5,1
10,100,280.0,20.0,2.8,6786.52283067,67.8652283067,1.23,3,1
11,7,36.0,14.0,5.14285714286,601.089187499,85.8698839285,1.0,1,1
12,93,246.0,20.0,2.64516129032,10586.6641202,113.835098066,1.61290322581,5,1
13,21,46.0,6.0,2.19047619048,1977.09014267,94.1471496508,1.42857142857,4,1
14,24,72.0,25.0,3.0,2171.3060355,90.4710848125,1.58333333333,3,1
15,65,196.0,47.0,3.01538461538,9278.58212683,142.747417336,1.35384615385,5,1
16,23,105.0,15.0,4.5652173913,1446.93941433,62.9104093189,1.21739130435,1,1
17,33,103.0,16.0,3.12121212121,2620.40635883,79.406253298,1.21212121212,2,1
18,27,83.0,32.0,3.07407407407,1966.81418533,72.8449698272,1.14814814815,1,1
19,31,85.0,22.0,2.74193548387,2011.20928533,64.8777188817,1.16129032258,2,1
20,40,93.0,12.0,2.325,2324.01646967,58.1004117417,1.175,1,1
21,21,41.0,8.0,1.95238095238,2212.98379267,105.380180603,1.2380952381,3,1
22,36,142.0,27.0,3.94444444444,2659.48344417,73.8745401157,1.25,2,1
23,108,259.0,46.0,2.39814814815,10414.6450887,96.4318989691,1.42592592593,4,1
24,77,174.0,12.0,2.25974025974,8112.84732367,105.361653554,1.20779220779,5,1
25,61,242.0,105.0,3.96721311475,4840.0342895,79.344824418,1.14754098361,2,1
26,43,114.0,27.0,2.6511627907,2963.45045933,68.9174525426,1.09302325581,1,1
27,38,107.0,33.0,2.81578947368,5136.5036265,135.171148066,1.15789473684,1,1
28,74,222.0,20.0,3.0,7448.36471567,100.653577239,1.12162162162,2,1
29,26,42.0,6.0,1.61538461538,2272.69812617,87.4114663911,1.61538461538,3,1
30,30,191.0,28.0,6.36666666667,3839.79723767,127.993241256,1.2,3,1
31,43,240.0,71.0,5.58139534884,3433.4410845,79.8474670814,1.20930232558,2,1
32,63,225.0,34.0,3.57142857143,3767.431458,59.8004993333,1.20634920635,2,1
33,115,225.0,18.0,1.95652173913,7899.2967115,68.6895366217,1.12173913043,2,1
34,43,240.0,41.0,5.58139534884,3640.80496367,84.6698828759,1.16279069767,1,1
35,90,199.0,21.0,2.21111111111,6720.71605133,74.6746227926,1.35555555556,4,1
36,24,63.0,16.0,2.625,2481.7975725,103.408232188,1.45833333333,1,1
37,163,271.0,12.0,1.66257668712,13244.5474955,81.2548926104,1.26993865031,6,1
38,119,277.0,21.0,2.32773109244,13585.6948617,114.165503039,1.24369747899,4,1
39,22,41.0,6.0,1.86363636364,2317.45499433,105.338863379,1.36363636364,3,1
40,16,21.0,4.0,1.3125,1580.75539033,98.7972118958,1.6875,3,1
41,36,106.0,12.0,2.94444444444,2909.27357033,80.8131547315,1.11111111111,1,1
42,47,169.0,22.0,3.59574468085,2713.79184133,57.7402519432,1.10638297872,3,1
43,19,71.0,18.0,3.73684210526,1665.94785033,87.6814658071,1.26315789474,1,1
44,48,266.0,29.0,5.54166666667,4270.82292883,88.975477684,1.20833333333,3,1
45,94,274.0,32.0,2.91489361702,8970.5040605,95.4308942607,1.25531914894,3,1
46,47,226.0,38.0,4.8085106383,5946.21927367,126.515303695,1.17021276596,2,1
47,16,35.0,10.0,2.1875,1672.784723,104.549045187,1.3125,3,1
48,22,42.0,13.0,1.90909090909,2388.95593567,108.588906167,1.31818181818,3,1
49,6,35.0,29.0,5.83333333333,852.713890333,142.118981722,1.33333333333,1,1
50,84,169.0,12.0,2.0119047619,6793.81546484,80.8787555338,1.54761904762,2,1
51,22,166.0,43.0,7.54545454545,2280.18744317,103.64488378,1.27272727273,1,1
52,36,96.0,13.0,2.66666666667,3033.07170333,84.2519917592,1.22222222222,1,1
53,43,286.0,166.0,6.6511627907,3108.25461067,72.2849909457,1.20930232558,2,1
54,50,145.0,12.0,2.9,3343.42344583,66.8684689167,1.24,2,1
55,63,89.0,5.0,1.4126984127,5155.45760383,81.8326603783,1.15873015873,1,1
56,71,203.0,23.0,2.85915492958,4578.04094216,64.4794498896,1.19718309859,2,1
57,107,278.0,81.0,2.59813084112,7767.6390675,72.5947576402,1.46728971963,4,1
58,74,110.0,18.0,1.48648648649,7994.1832655,108.029503588,1.10810810811,2,1
59,34,110.0,13.0,3.23529411765,2215.9697115,65.17557975,1.05882352941,1,1
60,18,159.0,54.0,8.83333333333,2105.5609665,116.97560925,1.66666666667,1,1
61,39,106.0,25.0,2.71794871795,2223.49861017,57.0127848761,1.20512820513,3,1
62,25,164.0,51.0,6.56,3349.6551915,133.98620766,1.24,2,1
63,32,77.0,8.0,2.40625,3277.74629234,102.429571635,1.40625,3,1
64,10,86.0,50.0,8.6,1248.94283633,124.894283633,1.3,1,1
65,20,57.0,11.0,2.85,2332.5057725,116.625288625,1.55,1,1
66,66,193.0,20.0,2.92424242424,5368.30291183,81.3379229066,1.07575757576,2,1
67,40,56.0,3.0,1.4,3584.73059767,89.6182649416,1.075,1,1
68,34,69.0,9.0,2.02941176471,3838.55803583,112.89876576,1.29411764706,4,1
69,50,172.0,59.0,3.44,4505.7318815,90.11463763,1.12,1,1
70,31,168.0,49.0,5.41935483871,1791.10702,57.7776458065,1.03225806452,2,1
71,15,186.0,90.0,12.4,841.617888833,56.1078592555,1.2,2,1
72,49,174.0,29.0,3.55102040816,3900.4042965,79.6000876836,1.34693877551,3,1
73,20,77.0,25.0,3.85,1511.87873483,75.5939367417,1.35,3,1
74,68,151.0,13.0,2.22058823529,5954.07018983,87.5598557328,1.07352941176,1,1
75,32,120.0,27.0,3.75,2525.19604617,78.9123764427,1.125,1,1
76,53,248.0,60.0,4.67924528302,5481.1841935,103.418569689,1.30188679245,2,1
77,76,232.0,24.0,3.05263157895,7655.52858799,100.730639316,1.61842105263,3,1
78,77,240.0,53.0,3.11688311688,8899.2514565,115.57469424,1.12987012987,2,1
79,59,218.0,31.0,3.69491525424,4072.59596617,69.027050274,1.28813559322,3,1
80,26,77.0,21.0,2.96153846154,2026.58957533,77.9457528974,1.46153846154,3,1
81,66,289.0,62.0,4.37878787879,5290.00133183,80.1515353308,1.12121212121,4,1
82,44,168.0,19.0,3.81818181818,2402.57982867,54.6040870152,1.18181818182,1,1
83,32,82.0,18.0,2.5625,3385.88928517,105.809040161,1.46875,4,1
84,36,110.0,17.0,3.05555555556,4129.50169333,114.70838037,1.22222222222,1,1
85,80,134.0,18.0,1.675,8524.56509,106.557063625,1.3375,8,1
86,24,100.0,22.0,4.16666666667,3042.56062133,126.773359222,1.16666666667,2,1
87,74,218.0,22.0,2.94594594595,6706.21081866,90.6244705225,1.16216216216,2,1
88,40,228.0,34.0,5.7,3580.37281617,89.5093204042,1.075,1,1
89,47,108.0,16.0,2.29787234043,3972.983336,84.5315603404,1.57446808511,1,1
90,87,286.0,21.0,3.28735632184,4617.9056445,53.0793752241,1.12643678161,2,1
91,76,289.0,42.0,3.80263157895,4973.74530067,65.444017114,1.31578947368,2,1
92,63,240.0,30.0,3.80952380952,7024.01015733,111.49222472,1.19047619048,5,1
93,39,75.0,7.0,1.92307692308,4573.38863083,117.26637515,1.41025641026,2,1
94,39,79.0,12.0,2.02564102564,2631.85734483,67.4835216624,1.12820512821,1,1
96,90,275.0,33.0,3.05555555556,7459.37292567,82.8819213963,1.18888888889,2,1
97,73,192.0,25.0,2.6301369863,5429.59231967,74.3779769817,1.2602739726,2,1
98,35,83.0,9.0,2.37142857143,2203.92551767,62.9693005048,1.11428571429,1,1
99,75,196.0,15.0,2.61333333333,6379.897771,85.0653036133,1.21333333333,5,1
100,82,194.0,20.0,2.36585365854,8853.209014,107.965963585,1.19512195122,3,1
101,64,130.0,8.0,2.03125,6692.86828767,104.576066995,1.375,2,1
102,84,287.0,38.0,3.41666666667,7397.75690967,88.0685346389,1.28571428571,3,1
103,100,223.0,29.0,2.23,8058.79234883,80.5879234883,1.27,4,1
104,88,138.0,10.0,1.56818181818,12213.7537222,138.792655934,1.55681818182,2,1
105,18,27.0,7.0,1.5,1856.17357683,103.120754269,1.27777777778,1,1
106,54,278.0,78.0,5.14814814815,3785.55290033,70.1028314877,1.18518518519,3,1
107,21,95.0,22.0,4.52380952381,1314.06468183,62.5745086587,1.28571428571,1,1
108,70,121.0,9.0,1.72857142857,10613.097256,151.615675086,1.48571428571,5,1
109,46,110.0,9.0,2.39130434783,3468.21784617,75.3960401341,1.19565217391,1,1
110,45,138.0,41.0,3.06666666667,6670.742742,148.2387276,1.62222222222,5,1
111,14,66.0,24.0,4.71428571429,1644.441262,117.460090143,1.07142857143,1,1
112,24,107.0,40.0,4.45833333333,1301.40410283,54.2251709514,1.41666666667,2,1
113,70,128.0,13.0,1.82857142857,5210.09648367,74.4299497666,1.34285714286,1,1
114,25,278.0,179.0,11.12,1418.6110465,56.74444186,1.28,1,1
115,86,218.0,14.0,2.53488372093,4394.55905517,51.0995238973,1.27906976744,3,1
116,40,112.0,53.0,2.8,4535.45275917,113.386318979,1.25,2,1
117,42,141.0,12.0,3.35714285714,3851.891357,91.7116989762,1.2619047619,3,1
118,50,141.0,30.0,2.82,3684.53720666,73.6907441333,1.06,2,1
119,167,262.0,11.0,1.56886227545,10404.2004942,62.3006017615,1.21556886228,1,1
120,16,82.0,48.0,5.125,1234.8720455,77.1795028437,1.1875,1,1
121,27,79.0,18.0,2.92592592593,1288.52931067,47.7233078024,1.14814814815,1,1
122,18,39.0,13.0,2.16666666667,1227.26388833,68.1813271296,1.22222222222,3,1
123,15,103.0,39.0,6.86666666667,1425.7993765,95.0532917667,1.33333333333,1,1
124,21,86.0,21.0,4.09523809524,1421.73101433,67.701476873,1.2380952381,3,1
125,92,225.0,25.0,2.44565217391,9971.9101235,108.390327429,1.30434782609,7,1
126,60,273.0,55.0,4.55,4617.591793,76.9598632167,1.16666666667,2,1
127,19,38.0,8.0,2.0,1941.575153,102.188165947,1.52631578947,1,1
128,35,54.0,5.0,1.54285714286,6661.16118017,190.318890862,1.4,3,1
129,28,94.0,21.0,3.35714285714,3164.574891,113.020531821,1.17857142857,1,1
130,71,140.0,10.0,1.97183098592,5807.21230333,81.7917225822,1.0985915493,1,1
131,54,240.0,35.0,4.44444444444,4849.77978233,89.8107367099,1.24074074074,2,1
132,47,75.0,10.0,1.59574468085,9108.36234333,193.794943475,1.46808510638,6,1
133,43,80.0,8.0,1.86046511628,2151.5826065,50.0368048023,1.25581395349,1,1
134,31,90.0,44.0,2.90322580645,4278.58509667,138.018874086,1.16129032258,1,1
135,97,272.0,12.0,2.80412371134,5921.48454917,61.0462324656,1.22680412371,3,1
136,56,202.0,15.0,3.60714285714,3593.354551,64.1670455536,1.03571428571,2,1
137,76,245.0,34.0,3.22368421053,6081.392079,80.018316829,1.05263157895,4,1
138,36,134.0,23.0,3.72222222222,2217.216961,61.5893600277,1.16666666667,1,1
139,52,168.0,37.0,3.23076923077,7939.29179634,152.678688391,1.38461538462,5,1
140,171,289.0,32.0,1.69005847953,25114.2245857,146.866810442,1.14035087719,3,1
141,30,61.0,14.0,2.03333333333,3000.4434575,100.014781917,1.1,1,1
142,81,227.0,42.0,2.8024691358,6720.14544484,82.9647585782,1.22222222222,3,1
143,53,121.0,20.0,2.28301886792,4534.794304,85.5621566792,1.18867924528,1,1
144,50,151.0,26.0,3.02,3601.54660867,72.0309321733,1.08,3,1
145,91,273.0,36.0,3.0,7668.9699955,84.2743955549,1.16483516484,5,1
146,30,114.0,21.0,3.8,1795.5396385,59.8513212833,1.2,3,1
147,38,252.0,114.0,6.63157894737,2320.36929067,61.0623497544,1.39473684211,2,1
148,33,81.0,9.0,2.45454545455,2916.95020083,88.3924303283,1.33333333333,1,1
149,46,110.0,47.0,2.39130434783,7414.40094067,161.182629145,1.23913043478,2,1
150,83,178.0,16.0,2.14457831325,8106.94394733,97.6740234619,1.19277108434,5,1
151,25,47.0,12.0,1.88,1849.185935,73.9674374001,1.32,1,1
152,54,227.0,61.0,4.2037037037,4073.95988233,75.4437015246,1.11111111111,2,1
153,79,202.0,18.0,2.55696202532,7346.37718766,92.9921162995,1.16455696203,2,1
154,48,109.0,18.0,2.27083333333,3309.15776867,68.9407868472,1.10416666667,2,1
155,71,245.0,19.0,3.45070422535,6034.03692983,84.9864356315,1.14084507042,3,1
156,78,252.0,49.0,3.23076923077,4228.98477467,54.2177535214,1.26923076923,2,1
157,93,176.0,15.0,1.89247311828,4965.21100667,53.3893656631,1.10752688172,1,1
158,52,134.0,10.0,2.57692307692,3919.44304617,75.373904734,1.19230769231,1,1
159,34,247.0,58.0,7.26470588235,2343.62131983,68.9300388186,1.08823529412,3,1
160,46,90.0,15.0,1.95652173913,3239.51959433,70.4243390073,1.15217391304,1,1
161,72,176.0,14.0,2.44444444444,4920.49930667,68.3402681481,1.26388888889,5,1
162,54,107.0,12.0,1.98148148148,5769.73826633,106.847004932,1.12962962963,2,1
163,18,28.0,7.0,1.55555555556,5962.88498416,331.271388009,2.27777777778,5,1
164,33,41.0,4.0,1.24242424242,4028.94603683,122.089273843,1.57575757576,4,1
165,31,60.0,9.0,1.93548387097,4456.41454633,143.755307946,1.16129032258,1,1
166,77,251.0,52.0,3.25974025974,6505.252873,84.4838035455,1.11688311688,4,1
167,14,47.0,14.0,3.35714285714,635.7523955,45.4108853929,1.07142857143,1,1
168,75,227.0,44.0,3.02666666667,7437.04316417,99.1605755222,1.08,2,1
169,95,242.0,57.0,2.54736842105,7646.89082,80.493587579,1.47368421053,5,1
170,71,197.0,31.0,2.77464788732,8201.0715035,115.508049345,1.25352112676,5,1
171,78,93.0,6.0,1.19230769231,14168.6811838,181.649758767,1.42307692308,5,1
172,55,169.0,38.0,3.07272727273,4437.92859217,80.6896107667,1.18181818182,3,1
173,32,111.0,18.0,3.46875,3337.38873967,104.293398115,1.3125,1,1
174,30,73.0,6.0,2.43333333333,2304.61514833,76.8205049444,1.1,1,1
175,46,108.0,34.0,2.34782608696,7602.74839934,165.277139116,1.23913043478,5,1
176,13,34.0,10.0,2.61538461538,1861.23643383,143.172033372,1.38461538462,3,1
177,17,138.0,81.0,8.11764705882,1747.47737933,102.79278702,1.23529411765,1,1
178,21,90.0,25.0,4.28571428571,1584.29986367,75.4428506508,1.71428571429,3,1
179,57,102.0,20.0,1.78947368421,5411.93116367,94.9461607661,1.36842105263,3,1
180,50,215.0,29.0,4.3,3847.959569,76.95919138,1.12,1,1
181,60,285.0,77.0,4.75,5454.71780667,90.9119634444,1.16666666667,1,1
182,32,110.0,29.0,3.4375,3422.92032317,106.966260099,1.25,2,1
183,56,110.0,14.0,1.96428571429,6865.23158183,122.593421104,1.16071428571,2,1
184,23,96.0,20.0,4.17391304348,2140.772559,93.0770677826,1.21739130435,2,1
185,72,287.0,59.0,3.98611111111,5725.8601085,79.5258348402,1.09722222222,4,1
186,133,280.0,27.0,2.10526315789,9759.06657567,73.3764404185,1.09022556391,4,1
187,71,133.0,17.0,1.87323943662,6687.34940317,94.1880197629,1.56338028169,2,1
188,62,235.0,38.0,3.79032258065,8158.8925255,131.595040734,1.24193548387,3,1
189,30,101.0,44.0,3.36666666667,4174.803956,139.160131867,1.46666666667,2,1
190,53,136.0,19.0,2.56603773585,3921.77618917,73.9957771541,1.09433962264,1,1
191,132,261.0,15.0,1.97727272727,8854.54270833,67.0798690025,1.16666666667,3,1
192,25,68.0,8.0,2.72,1386.7443185,55.46977274,1.16,2,1
193,116,240.0,21.0,2.06896551724,11468.1646092,98.8634880101,1.1724137931,5,1
194,127,288.0,33.0,2.26771653543,8004.33909917,63.0262921194,1.05511811024,4,1
195,89,189.0,27.0,2.12359550562,9579.82316084,107.638462481,1.52808988764,4,1
196,55,84.0,10.0,1.52727272727,4163.34365783,75.6971574152,1.09090909091,2,1
197,54,134.0,34.0,2.48148148148,3572.25947717,66.1529532809,1.2037037037,2,1
198,163,272.0,21.0,1.66871165644,18914.6198558,116.040612612,1.20858895706,4,1
199,47,89.0,11.0,1.89361702128,5743.39926234,122.199984305,1.34042553191,4,1
200,74,101.0,8.0,1.36486486486,3782.9376405,51.1207789257,1.37837837838,1,1
202,64,248.0,22.0,3.875,6897.51483617,107.773669315,1.25,3,1
203,45,244.0,177.0,5.42222222222,4641.98139334,103.155142074,1.37777777778,1,1
204,143,282.0,29.0,1.97202797203,10906.5358822,76.2694816935,1.07692307692,4,1
205,61,131.0,14.0,2.14754098361,5605.95402617,91.9008856749,1.2131147541,2,1
206,97,290.0,21.0,2.98969072165,7061.7910095,72.8019691701,1.16494845361,3,1
207,95,227.0,14.0,2.38947368421,7849.9656995,82.6312178895,1.11578947368,4,1
208,44,98.0,8.0,2.22727272727,4122.58694433,93.6951578257,1.22727272727,2,1
209,65,243.0,19.0,3.73846153846,8776.3274,135.020421538,1.23076923077,3,1
210,58,135.0,13.0,2.3275862069,6462.0057865,111.413892871,1.13793103448,2,1
211,58,111.0,13.0,1.91379310345,5649.13647883,97.3989048074,1.29310344828,3,1
212,8,94.0,37.0,11.75,506.131985833,63.2664982291,1.375,1,1
213,30,44.0,4.0,1.46666666667,3096.29275683,103.209758561,1.23333333333,3,1
214,102,210.0,15.0,2.05882352941,9280.978021,90.9899805981,1.1862745098,3,1
215,23,126.0,57.0,5.47826086957,2230.92253917,96.9966321377,1.21739130435,1,1
216,41,80.0,7.0,1.9512195122,2767.24968933,67.4938948618,1.19512195122,3,1
217,90,259.0,25.0,2.87777777778,5272.18593917,58.5798437685,1.11111111111,3,1
218,32,50.0,6.0,1.5625,5473.60442816,171.05013838,1.40625,6,1
219,23,71.0,26.0,3.08695652174,1217.196357,52.9215807391,1.21739130435,1,1
220,75,141.0,5.0,1.88,4681.08063183,62.4144084244,1.12,2,1
221,36,64.0,7.0,1.77777777778,1378.94325917,38.3039794213,1.13888888889,1,1
222,60,260.0,41.0,4.33333333333,6338.79138333,105.646523056,1.2,5,1
223,53,182.0,29.0,3.43396226415,4249.22355584,80.1740293554,1.35849056604,2,1
224,89,257.0,23.0,2.88764044944,7081.360792,79.5658515955,1.05617977528,4,1
225,125,274.0,40.0,2.192,6505.38354267,52.0430683413,1.072,3,1
226,37,76.0,6.0,2.05405405405,3774.42493633,102.011484766,1.37837837838,1,1
227,31,254.0,126.0,8.1935483871,2524.11239683,81.422980543,1.38709677419,2,1
228,51,100.0,15.0,1.96078431373,4259.0012745,83.5098289118,1.23529411765,2,1
229,58,152.0,22.0,2.62068965517,7546.54185533,130.112790609,1.36206896552,5,1
230,87,261.0,52.0,3.0,5655.96708383,65.0111159061,1.18390804598,3,1
231,46,281.0,45.0,6.10869565217,3143.21190383,68.3306935616,1.17391304348,2,1
232,68,227.0,29.0,3.33823529412,8125.30475866,119.489775863,1.20588235294,3,1
233,36,164.0,30.0,4.55555555556,3589.0808305,99.6966897361,1.16666666667,1,1
234,113,289.0,22.0,2.55752212389,11198.2683977,99.0997203333,1.37168141593,3,1
235,27,73.0,22.0,2.7037037037,3161.02259783,117.074911031,1.11111111111,2,1
236,26,102.0,25.0,3.92307692308,1749.7404895,67.2977111347,1.23076923077,1,1
237,27,58.0,25.0,2.14814814815,3311.945624,122.664652741,1.07407407407,1,1
238,18,44.0,18.0,2.44444444444,1329.89345067,73.8829694815,1.27777777778,3,1
239,64,174.0,13.0,2.71875,6908.56091717,107.946264331,1.0625,4,1
240,35,84.0,11.0,2.4,2299.300507,65.6943002,1.05714285714,4,1
241,53,260.0,86.0,4.90566037736,2660.31175817,50.1945614748,1.07547169811,2,1
242,55,104.0,10.0,1.89090909091,4130.81392533,75.1057077333,1.25454545455,3,1
243,24,57.0,17.0,2.375,5342.36379283,222.598491368,1.20833333333,1,1
244,58,266.0,27.0,4.58620689655,4226.6875255,72.8739228535,1.03448275862,4,1
245,69,277.0,20.0,4.01449275362,7462.18812,108.147653913,1.28985507246,4,1
246,45,124.0,15.0,2.75555555556,3560.50016184,79.1222258186,1.04444444444,1,1
248,12,73.0,28.0,6.08333333333,1285.64418583,107.137015486,1.25,1,1
249,18,58.0,19.0,3.22222222222,2274.58853433,126.366029685,1.22222222222,1,1
250,65,213.0,22.0,3.27692307692,5102.07364733,78.4934407282,1.18461538462,3,1
251,94,201.0,11.0,2.13829787234,7821.06799583,83.2028510195,1.05319148936,1,1
252,31,106.0,21.0,3.41935483871,2353.67254817,75.9249209086,1.12903225806,3,1
253,43,182.0,43.0,4.23255813953,4822.56341433,112.152637543,1.3023255814,3,1
254,123,284.0,25.0,2.30894308943,10077.7592787,81.9330022656,1.13821138211,3,1
255,71,105.0,11.0,1.47887323944,7191.02260483,101.282008519,1.14084507042,2,1
256,38,90.0,20.0,2.36842105263,5740.98665183,151.078596101,1.5,1,1
257,113,283.0,18.0,2.50442477876,6153.03846317,54.4516678156,1.10619469027,5,1
258,84,221.0,19.0,2.63095238095,5970.0300235,71.0717859941,1.10714285714,5,1
259,59,125.0,27.0,2.1186440678,5312.71146717,90.0459570706,1.27118644068,1,1
260,44,104.0,16.0,2.36363636364,2275.70085067,51.7204738788,1.20454545455,1,1
261,19,62.0,16.0,3.26315789474,1807.20001083,95.1157900438,1.10526315789,1,1
262,17,93.0,14.0,5.47058823529,593.769134833,34.9275961667,1.05882352941,1,1
263,57,225.0,48.0,3.94736842105,5048.55311717,88.5711073187,1.21052631579,4,1
264,54,83.0,14.0,1.53703703704,5203.812661,96.3669011296,1.64814814815,1,1
265,18,37.0,8.0,2.05555555556,1725.84557783,95.8803098797,1.22222222222,1,1
266,46,82.0,8.0,1.78260869565,5034.18530216,109.438810917,1.45652173913,4,1
267,7,82.0,63.0,11.7142857143,381.970133166,54.5671618809,1.28571428571,1,1
268,24,262.0,142.0,10.9166666667,2077.08554967,86.5452312361,1.375,1,1
269,38,146.0,24.0,3.84210526316,5290.1937865,139.215625961,1.31578947368,2,1
270,42,107.0,20.0,2.54761904762,5115.3675885,121.794466393,1.38095238095,4,1
271,9,45.0,26.0,5.0,934.384754333,103.820528259,2.11111111111,3,1
272,77,112.0,13.0,1.45454545455,4581.8468885,59.5045050454,1.33766233766,5,1
273,129,286.0,19.0,2.21705426357,9061.79531283,70.2464752933,1.17829457364,2,1
274,66,112.0,13.0,1.69696969697,10095.6308107,152.964103192,1.24242424242,2,1
275,90,255.0,21.0,2.83333333333,7380.84273533,82.0093637259,1.18888888889,4,1
276,31,105.0,13.0,3.38709677419,2246.72049983,72.4748548334,1.29032258065,2,1
277,133,276.0,21.0,2.07518796992,18553.0804115,139.496845199,1.30827067669,4,1
278,66,234.0,22.0,3.54545454545,6614.5374185,100.220263917,1.13636363636,3,1
279,42,188.0,40.0,4.47619047619,3699.6958535,88.0879965119,1.16666666667,1,1
280,108,271.0,29.0,2.50925925926,6252.45590283,57.8931102114,1.12037037037,3,1
281,64,273.0,31.0,4.265625,6628.89137717,103.576427768,1.296875,4,1
282,69,282.0,49.0,4.08695652174,8239.34606417,119.410812524,1.26086956522,4,1
283,91,283.0,22.0,3.10989010989,7577.93725584,83.2740357784,1.13186813187,4,1
284,19,176.0,66.0,9.26315789474,1532.583877,80.6623093158,1.31578947368,2,1
285,45,232.0,27.0,5.15555555556,4398.6287675,97.7473059444,1.17777777778,1,1
286,13,26.0,4.0,2.0,1902.4867875,146.3451375,1.46153846154,3,1
287,53,108.0,13.0,2.03773584906,3714.69615533,70.0886067044,1.24528301887,3,1
288,73,227.0,33.0,3.1095890411,7960.891134,109.053303205,1.34246575342,4,1
289,36,93.0,10.0,2.58333333333,4081.01431183,113.361508662,1.13888888889,1,1
290,18,39.0,8.0,2.16666666667,2532.83972217,140.713317898,1.22222222222,1,1
291,27,133.0,27.0,4.92592592593,2425.089341,89.8181237407,1.14814814815,2,1
292,119,261.0,17.0,2.19327731092,7462.57004433,62.7106726415,1.12605042017,4,1
293,47,94.0,9.0,2.0,3156.3697085,67.1568023085,1.14893617021,1,1
294,38,84.0,17.0,2.21052631579,2155.343466,56.7195648947,1.18421052632,1,1
295,34,145.0,59.0,4.26470588235,2609.14497133,76.7395579804,1.44117647059,1,1
296,23,54.0,10.0,2.34782608696,1144.170108,49.7465264348,1.17391304348,1,1
297,54,206.0,45.0,3.81481481481,5276.1877215,97.7071800278,1.12962962963,3,1
298,52,110.0,10.0,2.11538461538,3049.0290325,58.6351737019,1.09615384615,1,1
299,18,91.0,40.0,5.05555555556,1249.19289083,69.3996050463,1.05555555556,1,1
300,84,263.0,30.0,3.13095238095,6163.52201217,73.3752620496,1.17857142857,2,1
301,43,185.0,67.0,4.3023255814,4973.15597233,115.654790054,1.3488372093,4,1
302,16,70.0,13.0,4.375,954.865085501,59.6790678438,1.1875,2,1
303,76,104.0,11.0,1.36842105263,12724.7841742,167.431370713,1.51315789474,2,1
304,40,96.0,28.0,2.4,3826.36075233,95.6590188083,1.025,2,1
305,79,170.0,20.0,2.15189873418,5211.50024116,65.9683574831,1.24050632911,2,1
306,51,138.0,17.0,2.70588235294,5571.929795,109.253525392,1.25490196078,2,1
307,46,162.0,20.0,3.52173913043,6507.04627367,141.457527688,1.17391304348,2,1
308,86,270.0,14.0,3.13953488372,7358.6321315,85.5654899012,1.1511627907,4,1
309,71,286.0,31.0,4.02816901408,4000.0931625,56.3393403169,1.22535211268,3,1
310,19,51.0,15.0,2.68421052632,2724.14134317,143.375860167,1.26315789474,4,1
311,38,256.0,47.0,6.73684210526,2202.228589,57.9533839211,1.13157894737,3,1
312,62,257.0,89.0,4.14516129032,4450.3718585,71.7801912661,1.25806451613,2,1
313,78,197.0,34.0,2.52564102564,5097.32732333,65.3503502991,1.23076923077,3,1
314,55,106.0,14.0,1.92727272727,7590.00703367,138.000127885,1.54545454545,4,1
315,69,155.0,16.0,2.24637681159,7236.7733915,104.88077379,1.15942028986,5,1
316,76,188.0,38.0,2.47368421053,10058.8663465,132.353504559,1.19736842105,7,1
317,25,33.0,6.0,1.32,5590.91882684,223.636753073,2.48,8,1
318,33,82.0,13.0,2.48484848485,2072.14345083,62.7922257829,1.27272727273,2,1
319,24,238.0,62.0,9.91666666667,1138.74041533,47.4475173056,1.625,2,1
320,20,99.0,34.0,4.95,2452.72876067,122.636438033,1.05,1,1
321,45,264.0,33.0,5.86666666667,1830.79294167,40.6842875926,1.42222222222,3,1
322,26,287.0,115.0,11.0384615385,1917.66684183,73.7564169936,1.07692307692,1,1
323,68,150.0,19.0,2.20588235294,7211.48160034,106.051200005,1.35294117647,5,1
324,34,48.0,4.0,1.41176470588,3884.940326,114.262950765,1.85294117647,3,1
325,16,35.0,7.0,2.1875,1593.17906167,99.5736913542,1.25,3,1
326,39,49.0,5.0,1.25641025641,5600.7891725,143.609978782,1.4358974359,6,1
327,21,204.0,127.0,9.71428571429,2142.54238333,102.025827778,1.28571428571,1,1
328,102,282.0,25.0,2.76470588235,9391.44154633,92.0729563366,1.35294117647,7,1
329,88,260.0,29.0,2.95454545455,7560.67527933,85.9167645379,1.17045454545,1,1
330,61,104.0,12.0,1.70491803279,3397.6428215,55.6990626476,1.2131147541,1,1
331,35,95.0,15.0,2.71428571429,3454.54794133,98.7013697524,1.4,4,1
332,10,15.0,4.0,1.5,593.03958,59.303958,1.1,3,1
333,76,143.0,12.0,1.88157894737,6295.63977617,82.8373654759,1.18421052632,3,1
334,17,277.0,88.0,16.2941176471,1906.39335467,112.140785569,1.35294117647,1,1
335,55,166.0,19.0,3.01818181818,5253.27025083,95.5140045606,1.10909090909,2,1
336,96,281.0,36.0,2.92708333333,9816.18911317,102.251969929,1.39583333333,6,1
337,31,99.0,27.0,3.1935483871,2667.27995033,86.0412887204,1.1935483871,1,1
338,35,233.0,98.0,6.65714285714,2253.69168867,64.3911911048,1.25714285714,1,1
339,73,177.0,21.0,2.42465753425,5264.0126845,72.1097628014,1.04109589041,1,1
340,41,147.0,47.0,3.58536585366,2962.0250075,72.244512378,1.24390243902,1,1
341,43,109.0,19.0,2.53488372093,2351.45686033,54.6850432636,1.25581395349,2,1
342,78,232.0,42.0,2.97435897436,8679.32710517,111.273424425,1.24358974359,4,1
343,30,91.0,10.0,3.03333333333,2800.5575295,93.35191765,1.03333333333,1,1
344,75,200.0,27.0,2.66666666667,4473.3477645,59.64463686,1.12,3,1
345,78,232.0,33.0,2.97435897436,4427.68956333,56.765250812,1.08974358974,3,1
346,79,259.0,25.0,3.27848101266,8506.60257133,107.678513561,1.25316455696,7,1
347,87,262.0,23.0,3.01149425287,7573.42357883,87.0508457337,1.1724137931,2,1
348,37,200.0,49.0,5.40540540541,2447.9214525,66.1600392567,1.32432432432,1,1
349,38,133.0,39.0,3.5,4412.98837967,116.131273149,1.21052631579,1,1
350,131,224.0,11.0,1.70992366412,11839.409953,90.3771752137,1.25954198473,3,1
351,34,149.0,36.0,4.38235294118,2465.44366417,72.5130489461,1.08823529412,1,1
352,65,188.0,23.0,2.89230769231,7222.88350117,111.121284633,1.2,3,1
353,19,90.0,20.0,4.73684210526,1436.447704,75.6025107368,1.15789473684,1,1
354,118,262.0,15.0,2.22033898305,7699.0017025,65.2457771398,1.17796610169,4,1
355,9,12.0,4.0,1.33333333333,1996.44423633,221.82713737,2.0,3,1
356,51,221.0,44.0,4.33333333333,3946.07757733,77.3740701438,1.11764705882,2,1
357,66,205.0,26.0,3.10606060606,7264.50663533,110.068282354,1.24242424242,2,1
358,48,173.0,28.0,3.60416666667,3973.596254,82.7832552916,1.22916666667,1,1
359,28,42.0,6.0,1.5,5821.0617765,207.895063446,1.75,4,1
360,53,110.0,10.0,2.07547169811,4496.40814333,84.8378894968,1.18867924528,2,1
361,19,27.0,5.0,1.42105263158,3007.99212734,158.315375123,1.36842105263,2,1
362,28,95.0,27.0,3.39285714286,1254.1561025,44.791289375,1.5,4,1
363,64,121.0,11.0,1.890625,5100.60636183,79.6969744036,1.140625,2,1
364,92,256.0,35.0,2.78260869565,6003.2619995,65.2528478206,1.09782608696,3,1
365,22,103.0,31.0,4.68181818182,1115.731099,50.7150499546,1.27272727273,2,1
366,57,156.0,41.0,2.73684210526,6348.71042983,111.380884734,1.33333333333,1,1
367,71,126.0,12.0,1.77464788732,3450.20014567,48.5943682488,1.07042253521,1,1
368,126,263.0,52.0,2.0873015873,9155.020089,72.6588895953,1.15873015873,4,1
369,136,277.0,20.0,2.03676470588,16101.3200368,118.392059094,1.17647058824,3,1
370,3,56.0,55.0,18.6666666667,238.744857833,79.5816192777,1.0,1,1
371,40,222.0,28.0,5.55,4805.16024417,120.129006104,1.35,3,1
372,42,167.0,24.0,3.97619047619,3425.8336395,81.5674676072,1.2380952381,3,1
373,75,217.0,18.0,2.89333333333,9659.70062,128.796008267,1.30666666667,3,1
374,65,201.0,29.0,3.09230769231,5353.40908883,82.3601398282,1.23076923077,2,1
375,42,154.0,21.0,3.66666666667,5500.6064485,130.966820202,1.28571428571,2,1
376,49,102.0,9.0,2.08163265306,4746.45257683,96.866379119,1.24489795918,4,1
377,29,198.0,56.0,6.8275862069,2781.98520567,95.9305243333,1.27586206897,2,1
378,30,95.0,16.0,3.16666666667,1295.89287983,43.1964293278,1.1,1,1
379,66,115.0,10.0,1.74242424242,10099.1605553,153.017584172,1.30303030303,4,1
380,99,253.0,20.0,2.55555555556,7944.64095883,80.2488985741,1.15151515152,2,1
381,50,167.0,37.0,3.34,6692.60596767,133.852119353,1.18,3,1
382,16,72.0,16.0,4.5,1361.32572533,85.0828578333,1.0,1,1
383,76,230.0,21.0,3.02631578947,5108.46674183,67.2166676557,1.07894736842,3,1
384,11,45.0,35.0,4.09090909091,1463.1322555,133.012023227,1.09090909091,1,1
385,52,104.0,7.0,2.0,5208.25086967,100.158670571,1.17307692308,2,1
386,33,120.0,24.0,3.63636363636,2432.01208717,73.6973359747,1.12121212121,1,1
387,8,54.0,26.0,6.75,524.998293834,65.6247867292,1.125,2,1
388,49,192.0,37.0,3.91836734694,5136.74238483,104.831477242,1.20408163265,2,1
389,128,279.0,18.0,2.1796875,7257.37713117,56.6982588372,1.1953125,4,1
390,120,286.0,22.0,2.38333333333,6645.4592085,55.3788267375,1.28333333333,3,1
391,116,185.0,11.0,1.59482758621,9177.42060917,79.1156949066,1.06896551724,2,1
392,38,133.0,32.0,3.5,3667.8003935,96.5210629868,1.34210526316,3,1
393,4,19.0,11.0,4.75,64.4567388334,16.1141847083,1.0,3,1
394,101,157.0,11.0,1.55445544554,14082.507566,139.43076798,1.19801980198,5,1
395,34,138.0,22.0,4.05882352941,3157.20992717,92.8591155049,1.29411764706,1,1
396,8,76.0,26.0,9.5,473.623182167,59.2028977708,1.25,1,1
397,111,229.0,23.0,2.06306306306,8810.53771517,79.3742136501,1.28828828829,3,1
398,50,105.0,8.0,2.1,5861.7576555,117.23515311,1.12,1,1
399,30,107.0,15.0,3.56666666667,2923.67569583,97.4558565278,1.46666666667,1,1
400,39,98.0,16.0,2.51282051282,3194.0892715,81.8997249103,1.15384615385,1,1
401,23,99.0,43.0,4.30434782609,2010.35680083,87.4068174275,1.08695652174,4,1
402,25,191.0,69.0,7.64,1929.9458375,77.1978335,1.28,1,1
403,22,42.0,13.0,1.90909090909,2023.79721567,91.9907825303,1.36363636364,3,1
404,43,106.0,21.0,2.46511627907,4496.57343633,104.571475264,1.37209302326,1,1
405,23,45.0,13.0,1.95652173913,3049.52535667,132.588058985,1.30434782609,1,1
406,18,57.0,16.0,3.16666666667,931.882684166,51.7712602315,1.22222222222,1,1
407,24,69.0,20.0,2.875,1794.52468233,74.7718617639,1.33333333333,1,1
408,51,146.0,29.0,2.86274509804,2032.9375015,39.8615196373,1.05882352941,1,1
409,42,168.0,22.0,4.0,4283.280764,101.982875333,1.2619047619,2,1
410,36,54.0,7.0,1.5,4429.15065633,123.031962676,1.16666666667,1,1
411,20,145.0,52.0,7.25,1385.71554517,69.2857772583,1.05,1,1
412,60,286.0,90.0,4.76666666667,7408.829848,123.480497467,1.21666666667,1,1
413,20,83.0,30.0,4.15,1977.29713483,98.8648567416,1.1,1,1
414,32,80.0,13.0,2.5,2327.20472233,72.7251475729,1.21875,2,1
415,49,237.0,26.0,4.83673469388,5269.63927667,107.543658708,1.24489795918,1,1
416,58,147.0,53.0,2.53448275862,3584.6754605,61.804749319,1.22413793103,1,1
417,6,12.0,6.0,2.0,150.564385167,25.0940641944,1.16666666667,1,1
418,55,167.0,26.0,3.03636363636,5806.41311167,105.571147485,1.07272727273,2,1
419,52,261.0,63.0,5.01923076923,3129.94020933,60.1911578718,1.09615384615,1,1
420,46,281.0,88.0,6.10869565217,3264.93010367,70.9767413841,1.23913043478,5,1
421,25,224.0,28.0,8.96,5572.10121417,222.884048567,1.4,4,1
422,30,109.0,17.0,3.63333333333,2232.96685617,74.4322285388,1.33333333333,2,1
423,25,175.0,36.0,7.0,2090.8915805,83.6356632199,1.2,1,1
424,38,105.0,20.0,2.76315789474,3403.33086467,89.5613385439,1.39473684211,1,1
425,61,123.0,7.0,2.01639344262,4622.26068283,75.7747652924,1.32786885246,5,1
426,37,85.0,12.0,2.2972972973,4627.176971,125.058837054,1.64864864865,6,1
427,107,152.0,12.0,1.42056074766,14536.0901588,135.851309896,1.23364485981,5,1
428,168,287.0,13.0,1.70833333333,18262.0679933,108.702785675,1.18452380952,4,1
429,41,209.0,35.0,5.09756097561,2933.30818417,71.5441020528,1.48780487805,1,1
430,23,34.0,5.0,1.47826086957,2528.746492,109.945499652,1.39130434783,3,1
431,44,87.0,13.0,1.97727272727,7084.64186583,161.01458786,1.36363636364,2,1
432,93,160.0,9.0,1.72043010753,10257.3014362,110.29356383,1.21505376344,2,1
433,26,110.0,40.0,4.23076923077,2978.9152445,114.57366325,1.30769230769,2,1
434,28,64.0,11.0,2.28571428571,2048.46544567,73.1594802024,1.21428571429,1,1
435,88,195.0,13.0,2.21590909091,5345.34900583,60.742602339,1.09090909091,3,1
436,75,197.0,20.0,2.62666666667,7357.086852,98.09449136,1.46666666667,3,1
437,28,121.0,28.0,4.32142857143,2024.74886133,72.3124593333,1.32142857143,3,1
438,22,40.0,6.0,1.81818181818,2813.56743567,127.889428894,1.27272727273,3,1
439,146,271.0,20.0,1.85616438356,10212.7471643,69.9503230434,1.28767123288,4,1
440,41,94.0,15.0,2.29268292683,4198.13926867,102.393640699,1.07317073171,1,1
441,60,218.0,116.0,3.63333333333,6281.20279617,104.686713269,1.16666666667,2,1
442,41,224.0,56.0,5.46341463415,5403.59967267,131.795113967,1.68292682927,3,1
443,89,283.0,27.0,3.1797752809,6332.02268467,71.1463222996,1.21348314607,4,1
444,39,236.0,73.0,6.05128205128,2840.98670683,72.8458129957,1.35897435897,1,1
445,23,97.0,19.0,4.21739130435,1911.41019683,83.1047911667,1.17391304348,1,1
446,57,224.0,50.0,3.9298245614,3686.3029185,64.6719810263,1.14035087719,3,1
447,3,11.0,7.0,3.66666666667,492.177831833,164.059277278,1.66666666667,1,1
448,59,289.0,27.0,4.89830508475,1270.39152083,21.5320596751,1.38983050847,1,1
449,46,146.0,42.0,3.17391304348,3726.83098617,81.0180649166,1.0652173913,3,1
450,87,253.0,40.0,2.90804597701,8395.27122367,96.497370387,1.2183908046,2,1
451,26,112.0,14.0,4.30769230769,3014.25076317,115.93272166,1.23076923077,1,1
452,48,83.0,17.0,1.72916666667,8527.64574733,177.659286403,1.47916666667,4,1
453,47,169.0,65.0,3.59574468085,7585.8434715,161.400924926,1.48936170213,2,1
454,29,98.0,17.0,3.37931034483,1717.05893367,59.2089287471,1.20689655172,1,1
455,64,139.0,25.0,2.171875,6781.25180783,105.957059497,1.421875,2,1
456,40,77.0,13.0,1.925,4632.51095417,115.812773854,1.525,4,1
457,69,164.0,18.0,2.3768115942,5593.18851167,81.0607030676,1.20289855072,3,1
458,28,167.0,46.0,5.96428571429,1713.76190617,61.205782363,1.35714285714,2,1
459,25,51.0,8.0,2.04,2591.35876467,103.654350587,1.36,2,1
460,134,228.0,19.0,1.70149253731,10786.7285225,80.4979740485,1.23134328358,3,1
461,94,261.0,21.0,2.77659574468,7613.69316384,80.9967357855,1.1170212766,4,1
462,10,41.0,13.0,4.1,1079.61253783,107.961253783,2.0,3,1
463,48,198.0,29.0,4.125,4134.79391267,86.1415398472,1.5,3,1
464,60,142.0,14.0,2.36666666667,5649.20355267,94.1533925445,1.21666666667,4,1
465,77,168.0,20.0,2.18181818182,6881.14947933,89.3655776537,1.1038961039,2,1
466,45,106.0,7.0,2.35555555556,3583.4402225,79.6320049445,1.15555555556,1,1
467,54,127.0,28.0,2.35185185185,5013.54060733,92.8433445802,1.11111111111,1,1
468,35,103.0,26.0,2.94285714286,5067.57242367,144.787783533,1.31428571429,1,1
469,73,226.0,21.0,3.09589041096,6314.0297865,86.4935587192,1.19178082192,2,1
471,44,94.0,12.0,2.13636363636,6566.75798567,149.244499674,1.34090909091,5,1
472,40,218.0,116.0,5.45,4189.77803283,104.744450821,1.225,1,1
473,22,110.0,27.0,5.0,1839.7921245,83.62691475,1.22727272727,1,1
474,30,67.0,11.0,2.23333333333,4460.962636,148.698754533,1.6,5,1
475,48,110.0,22.0,2.29166666667,4724.52706567,98.4276472014,1.39583333333,3,1
476,18,111.0,49.0,6.16666666667,1271.867672,70.6593151111,1.5,3,1
477,33,121.0,36.0,3.66666666667,4333.56708383,131.320214662,1.30303030303,3,1
478,24,62.0,21.0,2.58333333333,3460.53865833,144.189110764,1.5,1,1
479,23,93.0,38.0,4.04347826087,1760.68450967,76.5515004203,1.13043478261,1,1
480,25,118.0,40.0,4.72,2618.72042733,104.748817093,1.32,1,1
481,33,88.0,14.0,2.66666666667,3706.92283233,112.330994919,1.30303030303,3,1
482,35,144.0,28.0,4.11428571429,2199.11292233,62.831797781,1.2,1,1
483,106,156.0,6.0,1.47169811321,10264.3969888,96.8339338569,1.39622641509,5,1
484,65,112.0,14.0,1.72307692308,9203.59595067,141.593783856,1.36923076923,4,1
485,60,141.0,26.0,2.35,4620.79775517,77.0132959194,1.35,1,1
486,68,216.0,32.0,3.17647058824,6030.264588,88.6803615882,1.08823529412,3,1
487,27,102.0,21.0,3.77777777778,1665.644374,61.6905323704,1.2962962963,2,1
488,61,261.0,57.0,4.27868852459,5998.51159883,98.3362557186,1.16393442623,2,1
489,41,71.0,6.0,1.73170731707,5150.64939,125.625594878,1.58536585366,6,1
490,31,97.0,19.0,3.12903225806,2611.1315565,84.2300502097,1.06451612903,2,1
491,64,97.0,7.0,1.515625,6238.7022635,97.4797228672,1.328125,2,1
492,33,112.0,24.0,3.39393939394,4730.84681783,143.35899448,1.24242424242,2,1
493,62,200.0,49.0,3.22580645161,2812.23345917,45.3586041801,1.1935483871,2,1
494,63,289.0,90.0,4.5873015873,6248.07185817,99.1757437804,1.25396825397,2,1
495,44,282.0,64.0,6.40909090909,4400.83059533,100.018877167,1.18181818182,3,1
496,49,85.0,18.0,1.73469387755,3593.255545,73.3317458163,1.20408163265,2,1
497,46,102.0,13.0,2.21739130435,3167.73187233,68.8637363551,1.08695652174,1,1
498,24,48.0,7.0,2.0,2374.484384,98.9368493333,1.5,4,1
499,11,65.0,48.0,5.90909090909,844.913471334,76.8103155758,1.18181818182,3,1
500,54,284.0,35.0,5.25925925926,5141.6624275,95.2159708797,1.2037037037,2,1
501,16,108.0,33.0,6.75,2041.31618883,127.582261802,1.3125,4,1
502,123,283.0,25.0,2.30081300813,5962.63062683,48.4766717629,1.10569105691,3,1
503,20,83.0,20.0,4.15,1410.73521467,70.5367607334,1.25,2,1
504,41,197.0,78.0,4.80487804878,4726.00950283,115.268524459,1.24390243902,2,1
505,20,59.0,17.0,2.95,1867.290597,93.36452985,1.15,1,1
506,87,249.0,55.0,2.86206896552,9931.27841283,114.152625435,1.29885057471,3,1
507,51,195.0,25.0,3.82352941176,2824.49964367,55.3823459542,1.1568627451,1,1
508,82,176.0,12.0,2.14634146341,9161.25395117,111.722609161,1.19512195122,5,1
509,66,171.0,15.0,2.59090909091,5400.0390255,81.8187731136,1.40909090909,2,1
510,80,179.0,17.0,2.2375,8675.83435734,108.447929467,1.125,3,1
511,33,94.0,14.0,2.84848484848,2146.219813,65.0369640303,1.30303030303,1,1
512,32,103.0,36.0,3.21875,2108.0657805,65.8770556406,1.21875,2,1
513,39,88.0,7.0,2.25641025641,3017.75526733,77.378340188,1.17948717949,2,1
514,77,265.0,108.0,3.44155844156,3708.67494467,48.164609671,1.1038961039,2,1
515,26,159.0,27.0,6.11538461538,1059.63732233,40.7552816282,1.07692307692,3,1
516,60,261.0,153.0,4.35,3456.96881033,57.6161468389,1.25,2,1
517,47,157.0,26.0,3.34042553191,5867.9071195,124.849087649,1.27659574468,3,1
518,15,53.0,28.0,3.53333333333,2158.3707695,143.891384633,1.13333333333,1,1
519,15,56.0,14.0,3.73333333333,2566.53496933,171.102331289,1.93333333333,1,1
520,42,115.0,15.0,2.7380952381,2496.85803467,59.4490008254,1.2619047619,1,1
521,45,143.0,12.0,3.17777777778,5616.5721485,124.812714411,1.24444444444,2,1
522,73,288.0,28.0,3.94520547945,4598.6920225,62.9957811301,1.24657534247,3,1
523,58,263.0,35.0,4.53448275862,3804.77782817,65.599617727,1.13793103448,3,1
524,24,259.0,91.0,10.7916666667,1181.917776,49.246574,1.08333333333,1,1
525,64,224.0,30.0,3.5,5241.86042083,81.9040690755,1.109375,4,1
526,27,33.0,4.0,1.22222222222,2781.74484767,103.027586951,1.40740740741,3,1
527,38,193.0,31.0,5.07894736842,3090.95174133,81.3408352982,1.28947368421,2,1
528,37,111.0,22.0,3.0,3212.16205383,86.8151906441,1.18918918919,1,1
529,74,222.0,41.0,3.0,3740.0890575,50.5417440203,1.09459459459,1,1
530,94,229.0,21.0,2.43617021277,9736.343762,103.578125128,1.3085106383,3,1
531,27,47.0,5.0,1.74074074074,2809.13342933,104.041978864,1.2962962963,3,1
532,97,147.0,7.0,1.51546391753,12209.7380992,125.873588651,1.27835051546,5,1
533,51,108.0,13.0,2.11764705882,2312.17180083,45.3367019771,1.43137254902,2,1
534,18,63.0,17.0,3.5,1650.77404733,91.7096692963,1.11111111111,1,1
535,36,144.0,40.0,4.0,3621.89837567,100.608288213,1.13888888889,2,1
536,15,74.0,24.0,4.93333333333,706.653771667,47.1102514445,1.33333333333,1,1
537,28,210.0,57.0,7.5,3151.05043933,112.53751569,1.28571428571,2,1
538,19,65.0,23.0,3.42105263158,2880.36879833,151.598357807,1.26315789474,3,1
539,75,228.0,31.0,3.04,5686.299702,75.81732936,1.13333333333,3,1
540,43,111.0,27.0,2.58139534884,3458.92956083,80.440222345,1.27906976744,2,1
541,56,209.0,28.0,3.73214285714,6511.91124166,116.284129315,1.44642857143,5,1
542,36,48.0,4.0,1.33333333333,3548.2008185,98.5611338472,1.36111111111,2,1
543,80,148.0,6.0,1.85,6365.68019883,79.5710024854,1.1125,1,1
544,61,172.0,24.0,2.81967213115,5952.19338133,97.5769406776,1.31147540984,5,1
545,49,90.0,6.0,1.83673469388,3474.54867133,70.9091565578,1.14285714286,1,1
546,135,264.0,28.0,1.95555555556,20320.0056998,150.518560739,1.11111111111,3,1
547,31,206.0,56.0,6.64516129032,2590.62346617,83.5684989087,1.22580645161,2,1
548,15,33.0,7.0,2.2,1012.5021945,67.5001463,1.46666666667,4,1
549,25,143.0,34.0,5.72,1770.54048133,70.8216192533,1.12,2,1
550,80,205.0,35.0,2.5625,5234.28921817,65.4286152271,1.225,5,1
551,27,104.0,36.0,3.85185185185,1884.87275533,69.8101020493,1.0,2,1
552,10,13.0,3.0,1.3,1558.33173417,155.833173417,1.3,3,1
553,77,265.0,113.0,3.44155844156,9585.9424045,124.4927585,1.16883116883,5,1
554,36,80.0,13.0,2.22222222222,4102.9571205,113.971031125,1.22222222222,1,1
555,31,115.0,36.0,3.70967741935,1682.45267683,54.2726669946,1.35483870968,2,1
556,67,106.0,8.0,1.58208955224,3757.45858617,56.0814714353,1.17910447761,2,1
557,123,246.0,33.0,2.0,10978.4150308,89.2554067547,1.11382113821,4,1
558,80,249.0,20.0,3.1125,10125.15257,126.564407125,1.3,3,1
559,59,91.0,5.0,1.54237288136,5042.15102067,85.460186791,1.28813559322,3,1
560,87,252.0,52.0,2.89655172414,6505.62044517,74.7772464962,1.11494252874,2,1
561,74,186.0,32.0,2.51351351351,6693.957268,90.458882,1.09459459459,3,1
562,77,243.0,24.0,3.15584415584,7336.20603366,95.2754030346,1.19480519481,4,1
563,80,195.0,20.0,2.4375,9500.33344083,118.75416801,1.2,5,1
564,60,199.0,35.0,3.31666666667,4101.852601,68.3642100167,1.16666666667,1,1
565,19,64.0,29.0,3.36842105263,2298.61212333,120.979585439,1.31578947368,4,1
566,49,101.0,14.0,2.0612244898,4633.841362,94.5681910612,1.12244897959,1,1
567,72,217.0,27.0,3.01388888889,4427.69887433,61.4958176991,1.11111111111,1,1
568,98,290.0,20.0,2.95918367347,8188.40998817,83.5552039609,1.16326530612,4,1
569,27,55.0,12.0,2.03703703704,4555.16169816,168.709692525,1.44444444444,7,1
570,126,251.0,24.0,1.99206349206,7615.55192683,60.4408883082,1.12698412698,6,1
571,38,112.0,24.0,2.94736842105,2526.45588333,66.4856811404,1.07894736842,1,1
572,24,87.0,17.0,3.625,1944.81527933,81.0339699723,1.16666666667,1,1
573,34,58.0,16.0,1.70588235294,4114.380565,121.011193088,1.32352941176,1,1
574,9,61.0,19.0,6.77777777778,680.311932333,75.5902147037,1.11111111111,1,1
575,18,39.0,12.0,2.16666666667,2283.66554817,126.870308231,1.5,4,1
576,31,73.0,27.0,2.35483870968,3884.66584917,125.311801586,1.09677419355,1,1
577,75,200.0,36.0,2.66666666667,5180.57402833,69.0743203778,1.17333333333,2,1
578,46,129.0,11.0,2.80434782609,3599.83383483,78.257257279,1.10869565217,2,1
579,78,282.0,37.0,3.61538461538,5440.748702,69.7531884872,1.10256410256,4,1
580,66,127.0,11.0,1.92424242424,6632.54987217,100.493179881,1.48484848485,3,1
581,25,209.0,92.0,8.36,3221.04830367,128.841932147,1.44,3,1
582,37,255.0,70.0,6.89189189189,5870.12438083,158.652010293,1.18918918919,3,1
583,40,120.0,17.0,3.0,3620.50633,90.51265825,1.225,2,1
584,40,289.0,148.0,7.225,3829.84163167,95.7460407916,1.15,1,1
585,67,138.0,19.0,2.05970149254,7284.33153533,108.721366199,1.35820895522,3,1
586,54,121.0,22.0,2.24074074074,5080.8579955,94.0899628796,1.16666666667,1,1
587,74,288.0,64.0,3.89189189189,3759.36772333,50.8022665315,1.12162162162,1,1
588,50,97.0,9.0,1.94,3241.6003565,64.83200713,1.08,1,1
589,59,196.0,36.0,3.32203389831,2625.9861595,44.5082399915,1.18644067797,1,1
590,79,266.0,78.0,3.36708860759,5316.704173,67.3000528228,1.10126582278,1,1
591,36,261.0,98.0,7.25,2397.14780717,66.587439088,1.47222222222,1,1
592,117,223.0,31.0,1.90598290598,9724.62764783,83.1164756225,1.12820512821,4,1
593,49,134.0,13.0,2.73469387755,5345.0215265,109.082071969,1.14285714286,2,1
594,31,196.0,28.0,6.32258064516,3478.13353383,112.19785593,1.32258064516,2,1
595,86,287.0,33.0,3.33720930233,6431.39157567,74.7836229729,1.1511627907,4,1
596,55,98.0,8.0,1.78181818182,3176.9158585,57.7621065182,1.09090909091,4,1
597,72,170.0,18.0,2.36111111111,9965.00275883,138.402816095,1.33333333333,5,1
598,49,167.0,32.0,3.40816326531,4986.3807395,101.762872235,1.14285714286,3,1
599,39,281.0,87.0,7.20512820513,2128.09108733,54.5664381367,1.15384615385,1,1
600,25,139.0,25.0,5.56,2048.19460383,81.9277841533,1.56,2,1
601,15,198.0,86.0,13.2,1041.76704783,69.4511365222,1.26666666667,1,1
602,40,160.0,35.0,4.0,2268.2586265,56.7064656625,1.15,1,1
603,84,183.0,14.0,2.17857142857,7051.8095415,83.9501135893,1.19047619048,3,1
604,63,178.0,15.0,2.8253968254,6035.6191625,95.8034787698,1.65079365079,2,1
605,25,135.0,55.0,5.4,1882.67842067,75.3071368266,1.32,1,1
606,34,60.0,8.0,1.76470588235,2658.88034,78.2023629412,1.23529411765,1,1
607,102,169.0,12.0,1.6568627451,7675.26882583,75.2477335866,1.23529411765,3,1
608,24,80.0,16.0,3.33333333333,2236.38229867,93.1825957778,1.33333333333,1,1
609,18,121.0,41.0,6.72222222222,1207.83981217,67.102211787,1.11111111111,2,1
610,34,63.0,11.0,1.85294117647,3845.47837866,113.102305255,1.61764705882,1,1
611,20,35.0,7.0,1.75,1590.14254467,79.5071272334,1.45,3,1
612,37,122.0,50.0,3.2972972973,3433.73448133,92.8036346306,1.27027027027,1,1
613,68,264.0,19.0,3.88235294118,5831.577879,85.7584982206,1.11764705882,4,1
614,54,173.0,35.0,3.2037037037,4127.34973433,76.4324024877,1.40740740741,3,1
615,58,151.0,21.0,2.60344827586,6233.7660985,107.478725836,1.18965517241,1,1
616,31,64.0,7.0,2.06451612903,2162.2433915,69.7497868226,1.48387096774,6,1
617,158,280.0,24.0,1.77215189873,13165.7935658,83.3278073787,1.09493670886,3,1
618,25,111.0,18.0,4.44,2021.59989983,80.8639959933,1.2,1,1
619,57,81.0,7.0,1.42105263158,10962.9272792,192.332057529,1.29824561404,4,1
620,43,121.0,22.0,2.81395348837,4968.15502716,115.538489004,1.62790697674,1,1
621,23,73.0,17.0,3.17391304348,2377.301458,103.360932956,1.39130434783,1,1
622,89,155.0,7.0,1.74157303371,6059.076152,68.0795073259,1.26966292135,2,1
623,47,126.0,31.0,2.68085106383,3490.0978615,74.2574013085,1.17021276596,1,1
624,45,102.0,32.0,2.26666666667,5373.0605515,119.401345589,1.31111111111,1,1
625,55,122.0,16.0,2.21818181818,4254.32360917,77.3513383485,1.12727272727,2,1
626,7,132.0,109.0,18.8571428571,196.945571667,28.1350816667,1.0,5,1
627,35,159.0,88.0,4.54285714286,4609.93585483,131.712452995,1.54285714286,2,1
628,34,78.0,13.0,2.29411764706,4547.66557017,133.754869711,1.44117647059,2,1
629,10,52.0,21.0,5.2,1142.51956867,114.251956867,1.3,1,1
630,53,104.0,21.0,1.96226415094,3532.39042933,66.6488760252,1.2641509434,2,1
631,48,216.0,154.0,4.5,3400.55472417,70.8448900868,1.08333333333,1,1
632,44,140.0,29.0,3.18181818182,7812.85664767,177.564923811,1.15909090909,2,1
633,21,39.0,11.0,1.85714285714,3362.91235934,160.138683778,1.7619047619,4,1
634,54,188.0,21.0,3.48148148148,3171.2946875,58.7276793981,1.14814814815,2,1
635,7,99.0,76.0,14.1428571429,310.599207167,44.3713153096,1.0,1,1
636,59,108.0,14.0,1.83050847458,3496.54954917,59.2635516808,1.08474576271,5,1
637,82,249.0,42.0,3.03658536585,8254.77048167,100.667932703,1.07317073171,1,1
639,33,94.0,8.0,2.84848484848,3082.8874245,93.4208310455,1.27272727273,2,1
640,24,214.0,111.0,8.91666666667,3322.4536945,138.435570604,1.125,1,1
641,25,169.0,114.0,6.76,1228.34456617,49.1337826467,1.12,5,1
642,66,209.0,21.0,3.16666666667,7059.249254,106.95832203,1.4696969697,3,1
643,68,265.0,38.0,3.89705882353,8975.12951466,131.987198745,1.54411764706,2,1
644,48,98.0,21.0,2.04166666667,4697.355099,97.8615645625,1.64583333333,1,1
645,47,92.0,29.0,1.95744680851,5510.625228,117.247345277,1.6170212766,5,1
646,51,75.0,13.0,1.47058823529,4836.7586045,94.8384040098,1.37254901961,4,1
647,36,110.0,18.0,3.05555555556,2587.08543217,71.8634842268,1.22222222222,1,1
648,38,104.0,18.0,2.73684210526,3290.88613017,86.6022665833,1.26315789474,1,1
649,27,94.0,24.0,3.48148148148,4008.535203,148.464266778,1.48148148148,5,1
650,53,225.0,88.0,4.24528301887,7545.33334683,142.364780129,1.54716981132,6,1
651,33,60.0,16.0,1.81818181818,5469.36890317,165.738451611,1.33333333333,1,1
652,74,170.0,20.0,2.2972972973,5655.12158067,76.4205619009,1.21621621622,3,1
653,33,48.0,4.0,1.45454545455,2988.51783583,90.5611465404,1.27272727273,2,1
655,16,24.0,4.0,1.5,1319.53319,82.470824375,1.0,0,0
656,9,64.0,23.0,7.11111111111,505.515138167,56.1683486853,1.22222222222,0,0
657,2,6.0,6.0,3.0,88.2603179999,44.130159,1.5,0,0
658,2,1.0,1.0,0.5,409.8293075,204.91465375,2.5,0,0
660,14,35.0,16.0,2.5,1201.59468017,85.8281914405,1.14285714286,0,0
661,8,21.0,7.0,2.625,1036.93789067,129.617236333,1.25,0,0
663,2,3.0,3.0,1.5,90.0844665,45.04223325,2.0,0,0
665,3,52.0,51.0,17.3333333333,54.7404079999,18.2468026666,1.0,0,0
666,24,45.0,6.0,1.875,1671.67668183,69.6531950764,1.29166666667,0,0
667,4,11.0,7.0,2.75,169.613391667,42.4033479167,1.0,0,0
669,3,16.0,13.0,5.33333333333,121.515194333,40.5050647778,1.0,0,0
670,8,63.0,44.0,7.875,576.861430499,72.1076788124,1.5,0,0
671,13,35.0,8.0,2.69230769231,646.054122667,49.6964709744,1.07692307692,0,0
672,7,108.0,34.0,15.4285714286,694.360514667,99.1943592382,1.0,0,0
673,18,57.0,24.0,3.16666666667,1121.09801783,62.283223213,1.33333333333,0,0
674,9,107.0,60.0,11.8888888889,377.970612333,41.9967347037,1.33333333333,0,0
676,2,22.0,22.0,11.0,19.8352348334,9.91761741669,1.0,0,0
682,3,19.0,15.0,6.33333333333,28.1906206667,9.39687355556,1.0,0,0
684,2,1.0,1.0,0.5,75.3430798333,37.6715399167,1.0,0,0
687,2,1.0,1.0,0.5,18.8897565,9.44487825,1.0,0,0
689,2,13.0,13.0,6.5,91.9569938333,45.9784969167,1.0,0,0
690,9,193.0,126.0,21.4444444444,622.322451667,69.1469390741,1.44444444444,1,1
693,10,46.0,20.0,4.6,1101.97665317,110.197665317,1.4,0,0
694,5,40.0,35.0,8.0,201.106818,40.2213636,1.6,1,1
696,9,29.0,10.0,3.22222222222,1180.5467065,131.171856278,1.11111111111,0,0
697,9,34.0,10.0,3.77777777778,610.805907833,67.8673230926,1.22222222222,0,0
698,3,7.0,4.0,2.33333333333,70.9743361667,23.6581120556,1.33333333333,0,0
699,3,4.0,3.0,1.33333333333,84.1076063334,28.0358687778,1.33333333333,0,0
700,2,4.0,4.0,2.0,122.3289095,61.1644547501,1.0,0,0
701,4,3.0,1.0,0.75,916.943957167,229.235989292,1.75,1,1
702,3,24.0,22.0,8.0,116.486612833,38.8288709445,1.33333333333,0,0
706,31,67.0,19.0,2.16129032258,4833.12063133,155.90711714,1.51612903226,0,0
709,9,24.0,6.0,2.66666666667,355.365833333,39.4850925926,1.11111111111,0,0
710,7,57.0,40.0,8.14285714286,127.804792667,18.2578275238,1.57142857143,0,0
712,25,111.0,46.0,4.44,2779.22459967,111.168983987,1.32,0,0
713,2,1.0,1.0,0.5,139.060529,69.5302645,1.5,0,0
714,3,60.0,59.0,20.0,286.614653,95.5382176666,2.33333333333,0,0
715,28,96.0,20.0,3.42857142857,2525.66232933,90.2022260476,1.39285714286,1,1
718,12,32.0,10.0,2.66666666667,510.876915667,42.5730763056,1.33333333333,0,0
720,12,23.0,7.0,1.91666666667,1246.4980785,103.874839875,1.08333333333,0,0
721,2,33.0,33.0,16.5,91.9339671667,45.9669835833,1.5,0,0
722,25,111.0,23.0,4.44,1666.347693,66.65390772,1.04,0,0
726,2,14.0,14.0,7.0,23.1702716667,11.5851358333,1.0,0,0
730,2,1.0,1.0,0.5,41.7199715,20.85998575,1.0,0,0
732,53,109.0,10.0,2.05660377358,5339.65943683,100.748291261,1.11320754717,0,0
735,4,13.0,8.0,3.25,243.432878666,60.8582196666,1.25,0,0
736,23,63.0,13.0,2.73913043478,2819.42163983,122.583549558,1.21739130435,0,0
741,2,1.0,1.0,0.5,92.538592,46.269296,1.5,0,0
742,11,13.0,2.0,1.18181818182,732.1251825,66.5568347727,1.36363636364,1,1
744,15,30.0,9.0,2.0,929.1125425,61.9408361667,1.0,0,0
746,12,19.0,4.0,1.58333333333,1341.40369417,111.783641181,1.0,0,0
748,15,52.0,26.0,3.46666666667,984.504197834,65.6336131889,1.13333333333,1,1
751,2,1.0,1.0,0.5,52.1289673334,26.0644836667,1.0,1,1
753,7,26.0,13.0,3.71428571429,452.853161499,64.6933087856,1.28571428571,0,0
754,4,4.0,2.0,1.0,413.3262125,103.331553125,1.0,0,0
755,12,242.0,69.0,20.1666666667,325.807842667,27.1506535556,1.16666666667,0,0
757,14,37.0,7.0,2.64285714286,1600.746279,114.339019929,1.28571428571,0,0
759,3,3.0,2.0,1.0,70.2787058333,23.4262352778,1.33333333333,0,0
761,13,22.0,3.0,1.69230769231,710.010134,54.6161641539,1.15384615385,0,0
762,5,7.0,4.0,1.4,271.673361833,54.3346723666,1.4,0,0
764,2,1.0,1.0,0.5,59.3407836667,29.6703918334,1.0,0,0
771,40,232.0,150.0,5.8,2381.228974,59.53072435,1.525,0,0
777,15,50.0,19.0,3.33333333333,1089.7153115,72.6476874334,1.8,0,0
778,3,14.0,13.0,4.66666666667,75.7422431667,25.2474143889,1.0,0,0
781,4,58.0,51.0,14.5,168.214142167,42.0535355417,1.25,0,0
782,27,37.0,4.0,1.37037037037,2763.90457883,102.366836253,1.25925925926,1,1
783,2,3.0,3.0,1.5,64.3842428333,32.1921214167,1.5,0,0
784,5,8.0,5.0,1.6,206.983007833,41.3966015666,1.6,2,1
785,17,97.0,58.0,5.70588235294,1503.666069,88.4509452353,1.29411764706,0,0
786,2,1.0,1.0,0.5,23.6958715,11.84793575,1.0,0,0
787,8,22.0,8.0,2.75,625.782134,78.22276675,1.25,0,0
788,2,2.0,2.0,1.0,26.2625213334,13.1312606667,1.0,0,0
791,42,219.0,53.0,5.21428571429,4878.717861,116.159949071,1.19047619048,1,1
792,30,89.0,20.0,2.96666666667,4347.68490567,144.922830189,1.46666666667,0,0
793,12,35.0,15.0,2.91666666667,695.558197001,57.9631830834,1.08333333333,0,0
794,7,11.0,4.0,1.57142857143,312.154383667,44.593483381,1.14285714286,1,1
795,3,3.0,2.0,1.0,368.152023,122.717341,1.33333333333,0,0
798,19,23.0,2.0,1.21052631579,1300.0528085,68.4238320263,1.36842105263,1,1
800,33,49.0,8.0,1.48484848485,2075.563084,62.8958510303,1.09090909091,0,0
804,4,19.0,17.0,4.75,85.1154015001,21.278850375,1.25,0,0
805,3,7.0,6.0,2.33333333333,115.462415667,38.4874718889,1.66666666667,0,0
806,3,4.0,3.0,1.33333333333,49.937149,16.6457163333,1.0,0,0
810,2,2.0,2.0,1.0,57.3305648333,28.6652824167,1.5,0,0
811,8,18.0,7.0,2.25,1602.43884467,200.304855583,1.625,0,0
812,34,49.0,5.0,1.44117647059,3681.13888433,108.268790716,1.58823529412,2,1
814,3,2.0,1.0,0.666666666667,207.882079,69.2940263333,1.33333333333,0,0
815,2,3.0,3.0,1.5,65.05537,32.527685,1.0,0,0
818,2,1.0,1.0,0.5,91.5363141667,45.7681570833,1.0,0,0
821,3,5.0,4.0,1.66666666667,106.398950667,35.4663168889,1.66666666667,0,0
822,3,237.0,234.0,79.0,96.3083129999,32.102771,1.0,0,0
823,22,92.0,46.0,4.18181818182,1589.18932083,72.2358782196,1.31818181818,0,0
824,15,44.0,25.0,2.93333333333,911.125968501,60.7417312334,1.53333333333,0,0
825,6,12.0,4.0,2.0,140.009222167,23.3348703611,1.0,0,0
828,10,23.0,8.0,2.3,827.275312666,82.7275312666,1.3,0,0
829,4,32.0,16.0,8.0,271.015113667,67.7537784166,2.0,0,0
831,5,18.0,8.0,3.6,243.60628,48.721256,1.0,0,0
834,2,9.0,9.0,4.5,38.1229506667,19.0614753333,1.0,0,0
836,4,215.0,212.0,53.75,125.074141667,31.2685354167,1.0,0,0
843,23,83.0,13.0,3.60869565217,2448.8816425,106.473114891,1.21739130435,2,1
844,7,6.0,1.0,0.857142857143,864.848216499,123.549745214,1.42857142857,0,0
845,5,6.0,3.0,1.2,612.83845,122.56769,1.6,0,0
846,11,21.0,7.0,1.90909090909,282.252570167,25.6593245606,1.09090909091,0,0
852,58,101.0,12.0,1.74137931034,4910.204885,84.6587049138,1.62068965517,1,1
853,7,22.0,9.0,3.14285714286,131.58359,18.7976557143,1.28571428571,0,0
854,2,1.0,1.0,0.5,64.299956,32.149978,1.0,0,0
855,7,22.0,10.0,3.14285714286,243.002107667,34.7145868095,1.42857142857,0,0
857,5,29.0,12.0,5.8,266.6450705,53.3290141001,1.2,0,0
858,29,65.0,16.0,2.24137931034,2095.47022883,72.2575940977,1.31034482759,1,1
859,2,14.0,14.0,7.0,6.59884316667,3.29942158333,1.0,0,0
862,5,5.0,2.0,1.0,865.994588668,173.198917734,1.8,0,0
866,3,2.0,1.0,0.666666666667,81.0155213334,27.0051737778,1.0,0,0
868,3,9.0,8.0,3.0,22.7298266667,7.57660888889,1.0,0,0
872,17,162.0,72.0,9.52941176471,1016.640299,59.8023705295,1.05882352941,0,0
876,3,2.0,1.0,0.666666666667,77.11208,25.7040266667,1.0,0,0
881,2,2.0,2.0,1.0,167.550121334,83.7750606668,2.0,0,0
883,13,18.0,3.0,1.38461538462,1322.357348,101.719796,1.30769230769,1,1
885,12,42.0,21.0,3.5,1710.29798067,142.524831722,1.33333333333,2,1
886,3,4.0,3.0,1.33333333333,53.1755566666,17.7251855555,2.33333333333,0,0
887,8,58.0,47.0,7.25,254.926788833,31.8658486042,1.375,0,0
888,4,63.0,38.0,15.75,40.9875375,10.246884375,1.0,0,0
894,3,3.0,2.0,1.0,152.378319834,50.7927732779,1.33333333333,0,0
895,2,1.0,1.0,0.5,495.360191334,247.680095667,3.5,0,0
896,11,63.0,23.0,5.72727272727,815.932515667,74.1756832424,1.09090909091,0,0
900,3,116.0,115.0,38.6666666667,210.8094095,70.2698031666,1.33333333333,0,0
901,4,14.0,11.0,3.5,240.875449,60.2188622501,1.25,1,1
904,2,1.0,1.0,0.5,228.829723167,114.414861583,1.5,0,0
905,10,44.0,26.0,4.4,584.912801667,58.4912801667,1.3,1,1
906,6,69.0,57.0,11.5,382.390748334,63.7317913889,1.0,0,0
912,4,21.0,19.0,5.25,261.380816334,65.3452040834,1.25,0,0
913,6,90.0,29.0,15.0,199.937978333,33.3229963889,1.16666666667,0,0
916,6,39.0,26.0,6.5,218.236801833,36.3728003056,1.0,0,0
918,8,49.0,18.0,6.125,198.834103333,24.8542629167,1.125,0,0
919,50,86.0,11.0,1.72,6042.415852,120.84831704,1.54,2,1
920,11,121.0,70.0,11.0,744.933765167,67.7212513788,1.09090909091,0,0
922,2,1.0,1.0,0.5,125.166001167,62.5830005833,1.0,0,0
923,6,157.0,133.0,26.1666666667,381.824528333,63.6374213888,1.5,0,0
924,12,15.0,5.0,1.25,1367.53709883,113.961424903,2.33333333333,1,1
927,17,52.0,18.0,3.05882352941,1474.70986717,86.7476392451,1.05882352941,0,0
928,12,65.0,23.0,5.41666666667,532.686746,44.3905621667,1.16666666667,1,1
931,2,3.0,3.0,1.5,68.1424375,34.07121875,1.0,0,0
932,8,19.0,8.0,2.375,232.159858167,29.0199822709,1.125,0,0
937,10,28.0,14.0,2.8,780.547337333,78.0547337333,1.1,0,0
938,16,32.0,6.0,2.0,1657.49763267,103.593602042,1.1875,0,0
940,4,4.0,2.0,1.0,296.152712833,74.0381782083,1.25,2,1
941,3,18.0,10.0,6.0,26.589628,8.86320933332,1.0,0,0
944,2,1.0,1.0,0.5,122.420593667,61.2102968333,1.5,0,0
945,3,2.0,1.0,0.666666666667,264.112472833,88.0374909443,1.0,0,0
946,2,1.0,1.0,0.5,131.702768833,65.8513844166,1.0,0,0
947,4,4.0,2.0,1.0,617.114766501,154.278691625,2.5,1,1
948,3,34.0,18.0,11.3333333333,116.647973833,38.8826579444,1.66666666667,0,0
949,4,5.0,2.0,1.25,232.0514145,58.0128536251,1.25,0,0
950,4,8.0,4.0,2.0,111.029789333,27.7574473333,1.0,1,1
952,5,14.0,6.0,2.8,490.279360333,98.0558720667,1.0,0,0
953,3,2.0,1.0,0.666666666667,406.912529501,135.637509834,2.0,0,0
954,5,123.0,63.0,24.6,134.317261833,26.8634523667,1.0,0,0
955,7,70.0,34.0,10.0,286.698914,40.9569877143,1.42857142857,1,1
958,8,15.0,5.0,1.875,1018.711849,127.338981125,1.75,0,0
962,2,63.0,63.0,31.5,30.7922796667,15.3961398334,1.0,0,0
963,2,2.0,2.0,1.0,41.4803705,20.74018525,1.0,0,0
965,20,34.0,7.0,1.7,2032.75965783,101.637982892,1.3,0,0
966,23,165.0,43.0,7.17391304348,1083.00341783,47.0871051232,1.08695652174,0,0
967,5,4.0,1.0,0.8,449.626980166,89.9253960333,1.2,2,1
969,2,3.0,3.0,1.5,24.9669023333,12.4834511666,1.0,0,0
970,4,71.0,68.0,17.75,737.694176833,184.423544208,1.25,0,0
972,29,125.0,13.0,4.31034482759,2132.20186617,73.5242022816,1.37931034483,0,0
973,3,23.0,22.0,7.66666666667,66.5084470001,22.1694823334,1.33333333333,1,1
976,2,35.0,35.0,17.5,73.8406445,36.92032225,1.5,0,0
979,15,37.0,9.0,2.46666666667,1164.51988083,77.6346587223,1.53333333333,2,1
983,5,24.0,10.0,4.8,272.998678833,54.5997357667,1.2,0,0
984,11,195.0,173.0,17.7272727273,337.374748833,30.6704317121,1.27272727273,1,1
985,2,1.0,1.0,0.5,46.494977,23.2474885,1.5,0,0
986,11,12.0,2.0,1.09090909091,750.771943167,68.2519948333,1.09090909091,0,0
988,2,47.0,47.0,23.5,70.9720096667,35.4860048333,1.0,0,0
989,13,72.0,19.0,5.53846153846,619.254479,47.634959923,1.0,0,0
990,3,4.0,2.0,1.33333333333,106.084012167,35.3613373889,1.66666666667,1,1
992,2,36.0,36.0,18.0,89.3700133333,44.6850066666,2.0,0,0
1000,6,22.0,17.0,3.66666666667,218.354096667,36.3923494445,1.16666666667,1,1
1001,3,31.0,30.0,10.3333333333,97.9973773334,32.6657924445,2.0,0,0
1002,31,81.0,14.0,2.61290322581,1907.74677383,61.5402185108,1.32258064516,0,0
1004,2,1.0,1.0,0.5,116.0312265,58.01561325,1.5,0,0
1006,3,2.0,1.0,0.666666666667,110.423125333,36.8077084445,1.33333333333,0,0
1009,7,14.0,8.0,2.0,779.449955167,111.349993595,1.42857142857,0,0
1011,15,18.0,2.0,1.2,536.995037667,35.7996691778,1.46666666667,0,0
1013,36,121.0,57.0,3.36111111111,4961.78916967,137.827476935,1.47222222222,0,0
1014,26,39.0,4.0,1.5,1730.465347,66.5563595,1.19230769231,2,1
1015,8,38.0,16.0,4.75,246.176401667,30.7720502083,1.0,0,0
1019,20,59.0,12.0,2.95,1970.96084067,98.5480420333,1.15,0,0
1020,3,4.0,3.0,1.33333333333,48.1915511666,16.0638503889,1.33333333333,0,0
1022,5,16.0,8.0,3.2,59.5985243334,11.9197048667,1.0,0,0
1024,2,1.0,1.0,0.5,243.619256334,121.809628167,2.0,0,0
1029,3,33.0,22.0,11.0,19.8037851667,6.60126172223,1.0,0,0
1030,9,54.0,16.0,6.0,360.065256667,40.0072507407,1.22222222222,0,0
1031,2,4.0,4.0,2.0,11.741084,5.870542,1.0,0,0
1032,2,1.0,1.0,0.5,13.8993051667,6.94965258335,1.0,0,0
1033,73,157.0,10.0,2.15068493151,6269.83133067,85.8881004201,1.16438356164,0,0
1037,2,1.0,1.0,0.5,135.410090834,67.7050454168,1.5,0,0
1040,13,215.0,182.0,16.5384615385,363.670237333,27.974633641,1.15384615385,0,0
1041,3,3.0,2.0,1.0,720.571817,240.190605667,1.33333333333,0,0
1042,4,112.0,104.0,28.0,150.732836667,37.6832091667,2.5,0,0
1046,2,1.0,1.0,0.5,15.2956076667,7.64780383335,1.0,0,0
1048,35,151.0,23.0,4.31428571429,2020.3182525,57.7233786429,1.17142857143,0,0
1052,4,8.0,6.0,2.0,434.326586333,108.581646583,1.25,0,0
1053,5,51.0,26.0,10.2,249.539664333,49.9079328666,1.2,0,0
1054,2,93.0,93.0,46.5,138.937357334,69.4686786669,1.5,0,0
1055,4,12.0,8.0,3.0,135.959502333,33.9898755833,1.0,0,0
1056,12,15.0,3.0,1.25,736.660932333,61.3884110278,1.0,1,1
1058,52,276.0,67.0,5.30769230769,2745.895148,52.8056759231,1.11538461538,1,1
1060,20,32.0,5.0,1.6,2744.22126716,137.211063358,1.15,0,0
1061,2,1.0,1.0,0.5,44.505795,22.2528975,1.5,0,0
1062,7,21.0,12.0,3.0,406.636718167,58.0909597381,1.42857142857,0,0
1065,3,2.0,1.0,0.666666666667,290.156919667,96.7189732222,1.33333333333,0,0
1070,21,27.0,4.0,1.28571428571,3029.59997383,144.266665421,1.14285714286,1,1
1071,2,29.0,29.0,14.5,43.6377566667,21.8188783333,1.0,0,0
1072,2,1.0,1.0,0.5,162.537113,81.2685565,1.5,0,0
1073,38,109.0,26.0,2.86842105263,3492.8292155,91.9165583026,1.10526315789,0,0
1075,10,46.0,14.0,4.6,196.633505833,19.6633505833,1.1,0,0
1080,3,17.0,9.0,5.66666666667,40.1941861667,13.3980620556,1.0,0,0
1081,5,66.0,35.0,13.2,218.730158333,43.7460316667,1.4,0,0
1082,2,4.0,4.0,2.0,51.1061375,25.55306875,1.0,0,0
1087,19,30.0,9.0,1.57894736842,1455.25232317,76.5922275351,1.26315789474,2,1
1089,2,7.0,7.0,3.5,102.899076667,51.4495383333,1.0,0,0
1093,2,2.0,2.0,1.0,38.2254540001,19.1127270001,1.5,0,0
1094,9,33.0,22.0,3.66666666667,640.688980168,71.1876644631,1.66666666667,0,0
1095,7,191.0,178.0,27.2857142857,500.206558,71.4580797143,1.14285714286,0,0
1096,7,26.0,12.0,3.71428571429,314.689959,44.9557084285,1.14285714286,0,0
1097,2,1.0,1.0,0.5,204.640041833,102.320020917,1.5,0,0
1098,137,276.0,18.0,2.01459854015,9675.64554883,70.6251499915,1.68613138686,2,1
1099,8,38.0,25.0,4.75,453.341239833,56.6676549792,1.25,0,0
1102,12,52.0,34.0,4.33333333333,1547.105996,128.925499667,1.25,0,0
1103,8,180.0,151.0,22.5,256.257399333,32.0321749166,1.625,0,0
1104,3,5.0,3.0,1.66666666667,37.4336688333,12.4778896111,1.0,0,0
1105,2,1.0,1.0,0.5,70.9095216666,35.4547608333,1.0,0,0
1106,2,2.0,2.0,1.0,17.3659753334,8.68298766668,1.0,0,0
1107,2,2.0,2.0,1.0,73.6289658334,36.8144829167,1.5,0,0
1108,2,2.0,2.0,1.0,44.9687753333,22.4843876667,1.0,0,0
1110,2,1.0,1.0,0.5,52.9038388333,26.4519194167,1.5,1,1
1111,29,134.0,25.0,4.62068965517,1612.46610783,55.6022795805,1.1724137931,0,0
1112,2,1.0,1.0,0.5,44.0479675,22.02398375,1.0,0,0
1116,2,1.0,1.0,0.5,39.3340763333,19.6670381667,1.0,1,1
1118,7,19.0,6.0,2.71428571429,190.870244,27.2671777143,1.0,0,0
1121,27,64.0,11.0,2.37037037037,2087.267826,77.3062157778,1.07407407407,0,0
1122,2,1.0,1.0,0.5,52.6562716666,26.3281358333,1.0,0,0
1123,5,32.0,12.0,6.4,169.284973167,33.8569946333,1.4,0,0
1126,3,2.0,1.0,0.666666666667,449.131657667,149.710552556,4.0,0,0
1128,9,65.0,36.0,7.22222222222,223.611437,24.8457152222,1.11111111111,0,0
1130,3,2.0,1.0,0.666666666667,278.314842167,92.7716140556,1.33333333333,0,0
1131,17,28.0,6.0,1.64705882353,1422.18882317,83.6581660686,1.35294117647,2,1
1133,6,5.0,1.0,0.833333333333,1032.43387333,172.072312222,2.83333333333,1,1
1139,38,95.0,11.0,2.5,3227.00680017,84.9212315834,1.18421052632,0,0
1140,7,18.0,7.0,2.57142857143,518.963526,74.1376465715,1.0,0,0
1142,5,65.0,56.0,13.0,128.5907525,25.7181505,1.0,0,0
1143,6,16.0,8.0,2.66666666667,340.144483166,56.6907471943,1.16666666667,2,1
1146,2,1.0,1.0,0.5,105.577248,52.788624,1.5,0,0
1149,62,145.0,15.0,2.33870967742,6944.52770517,112.008511374,1.24193548387,0,0
1150,14,33.0,5.0,2.35714285714,1042.54022267,74.467158762,1.28571428571,2,1
1151,8,37.0,9.0,4.625,583.107082833,72.8883853541,1.125,0,0
1152,2,1.0,1.0,0.5,179.409532,89.704766,1.0,0,0
1153,19,30.0,8.0,1.57894736842,1283.8013295,67.5684910263,1.05263157895,0,0
1154,11,133.0,31.0,12.0909090909,495.874191167,45.0794719243,1.09090909091,0,0
1156,2,1.0,1.0,0.5,80.1111541667,40.0555770834,1.0,0,0
1159,2,4.0,4.0,2.0,19.375742,9.687871,1.0,0,0
1163,4,8.0,5.0,2.0,83.9145498333,20.9786374583,1.0,0,0
1164,2,1.0,1.0,0.5,120.897407333,60.4487036666,1.0,0,0
1167,13,19.0,5.0,1.46153846154,1874.7050875,144.208083654,1.46153846154,0,0
1169,4,6.0,4.0,1.5,294.686975999,73.6717439998,1.5,0,0
1170,39,90.0,11.0,2.30769230769,2601.49038833,66.7048817521,1.07692307692,0,0
1173,35,110.0,15.0,3.14285714286,2884.35267667,82.4100764762,1.14285714286,0,0
1174,36,87.0,18.0,2.41666666667,4195.86719633,116.551866565,1.55555555556,0,0
1175,7,36.0,10.0,5.14285714286,516.2228205,73.7461172142,1.14285714286,0,0
1176,7,6.0,1.0,0.857142857143,754.579038166,107.797005452,1.14285714286,2,1
1177,12,140.0,42.0,11.6666666667,736.7596095,61.396634125,1.25,0,0
1180,2,2.0,2.0,1.0,139.2539565,69.6269782499,2.5,0,0
1181,13,137.0,102.0,10.5384615385,854.306742999,65.7159033076,1.15384615385,0,0
1182,8,9.0,3.0,1.125,1201.79872367,150.224840458,1.125,0,0
1183,38,81.0,20.0,2.13157894737,2830.2797895,74.4810470921,1.47368421053,2,1
1185,7,55.0,48.0,7.85714285714,1028.4750625,146.925008929,1.14285714286,0,0
1187,2,1.0,1.0,0.5,93.5960798333,46.7980399166,1.0,0,0
1188,5,13.0,6.0,2.6,437.2006245,87.4401249,1.2,0,0
1189,5,9.0,3.0,1.8,499.627986,99.9255972,1.0,0,0
1193,2,1.0,1.0,0.5,5.7820995,2.89104975,1.0,0,0
1194,4,26.0,13.0,6.5,343.285996333,85.8214990833,2.5,0,0
1197,2,1.0,1.0,0.5,49.0129116667,24.5064558333,3.0,0,0
1198,4,29.0,19.0,7.25,50.4559288334,12.6139822084,1.5,0,0
1200,16,35.0,14.0,2.1875,1697.46698367,106.091686479,1.4375,0,0
1201,18,19.0,2.0,1.05555555556,3787.56524917,210.42029162,2.11111111111,0,0
1202,8,37.0,15.0,4.625,451.1872725,56.3984090625,1.125,0,0
1204,14,14.0,2.0,1.0,724.119199833,51.7227999881,1.14285714286,0,0
1206,14,80.0,20.0,5.71428571429,1012.59263867,72.328045619,1.35714285714,0,0
1208,3,4.0,3.0,1.33333333333,114.066953,38.0223176667,1.33333333333,0,0
1209,16,47.0,8.0,2.9375,930.416522333,58.1510326458,1.4375,1,1
1210,10,22.0,8.0,2.2,723.310276834,72.3310276834,1.3,0,0
1211,14,194.0,133.0,13.8571428571,1142.23384783,81.5881319881,1.07142857143,0,0
1215,19,63.0,16.0,3.31578947368,2464.66664783,129.719297254,1.94736842105,0,0
1216,6,6.0,2.0,1.0,266.324872667,44.3874787778,1.33333333333,1,1
1217,18,68.0,21.0,3.77777777778,1651.712565,91.7618091667,1.27777777778,2,1
1220,3,18.0,17.0,6.0,139.252733,46.4175776667,1.33333333333,0,0
1221,5,6.0,3.0,1.2,396.9695865,79.3939172999,1.2,0,0
1224,12,37.0,13.0,3.08333333333,1267.83056567,105.652547139,1.33333333333,1,1
1226,11,60.0,32.0,5.45454545455,1129.93880667,102.721709697,1.36363636364,0,0
1231,26,49.0,5.0,1.88461538462,2042.18143933,78.5454399744,1.5,2,1
1235,6,12.0,4.0,2.0,316.239078666,52.706513111,1.16666666667,1,1
1236,3,45.0,35.0,15.0,126.3870895,42.1290298334,1.33333333333,0,0
1240,2,1.0,1.0,0.5,40.270831,20.1354155,1.0,0,0
1242,2,1.0,1.0,0.5,49.1640855,24.58204275,2.0,0,0
1243,2,2.0,2.0,1.0,62.9114363333,31.4557181667,1.0,0,0
1244,8,124.0,38.0,15.5,251.472773833,31.4340967292,1.625,0,0
1247,13,174.0,145.0,13.3846153846,953.413912167,73.3395317051,1.46153846154,0,0
1248,2,13.0,13.0,6.5,10.5973041667,5.29865208333,1.0,0,0
1249,11,60.0,29.0,5.45454545455,759.198276833,69.0180251667,1.72727272727,0,0
1250,9,50.0,15.0,5.55555555556,376.151773,41.7946414444,1.0,0,0
1251,3,42.0,40.0,14.0,31.7249048333,10.5749682778,1.0,0,0
1252,6,5.0,1.0,0.833333333333,1373.42553233,228.904255389,1.66666666667,0,0
1253,4,40.0,34.0,10.0,162.2350315,40.558757875,1.0,0,0
1254,10,64.0,38.0,6.4,669.019621,66.9019621,1.2,0,0
1255,3,2.0,1.0,0.666666666667,119.728027,39.9093423333,1.33333333333,0,0
1257,2,1.0,1.0,0.5,30.8061303333,15.4030651666,2.0,0,0
1259,32,146.0,61.0,4.5625,1314.48930533,41.0777907917,1.0625,0,0
1260,2,1.0,1.0,0.5,86.6588263333,43.3294131666,1.5,0,0
1261,2,1.0,1.0,0.5,440.767162833,220.383581416,2.0,0,0
1263,7,7.0,2.0,1.0,396.7774555,56.6824936429,1.14285714286,1,1
1264,2,29.0,29.0,14.5,28.873541,14.4367705,1.0,0,0
1271,6,5.0,1.0,0.833333333333,149.472879833,24.9121466389,1.16666666667,0,0
1272,2,1.0,1.0,0.5,151.446016833,75.7230084167,1.5,0,0
1274,7,36.0,17.0,5.14285714286,720.267863333,102.895409048,1.85714285714,1,1
1276,2,1.0,1.0,0.5,62.8929255,31.44646275,1.5,0,0
1277,8,48.0,21.0,6.0,180.6329895,22.5791236875,1.0,0,0
1278,3,7.0,6.0,2.33333333333,210.772899834,70.2576332779,1.33333333333,0,0
1279,4,4.0,2.0,1.0,459.977611,114.99440275,1.5,1,1
1282,11,63.0,41.0,5.72727272727,1495.39873533,135.945339576,1.27272727273,0,0
1285,3,30.0,28.0,10.0,190.981706167,63.6605687222,2.0,0,0
1287,4,20.0,18.0,5.0,49.6177220001,12.4044305,1.0,0,0
1288,3,2.0,1.0,0.666666666667,172.145831666,57.3819438888,2.0,0,0
1289,6,50.0,15.0,8.33333333333,30.7017241667,5.11695402778,1.0,0,0
1290,8,53.0,25.0,6.625,243.153676167,30.3942095209,1.0,0,0
1292,35,95.0,12.0,2.71428571429,3145.05917,89.8588334286,1.77142857143,0,0
1294,2,29.0,29.0,14.5,56.3369015,28.16845075,1.0,0,0
1296,2,5.0,5.0,2.5,12.2742028333,6.13710141667,1.0,0,0
1297,5,28.0,25.0,5.6,289.777386333,57.9554772666,1.2,0,0
1298,4,9.0,6.0,2.25,187.569092333,46.8922730833,1.75,0,0
1299,15,59.0,16.0,3.93333333333,1046.64260866,69.776173911,1.0,0,0
1300,2,2.0,2.0,1.0,13.3872171667,6.69360858333,1.0,0,0
1303,25,136.0,35.0,5.44,1283.1469575,51.3258783,1.2,0,0
1305,4,35.0,27.0,8.75,22.5658375,5.64145937499,1.0,0,0
