account_key,cancel_date,days_to_cancel,is_canceled,join_date,status,cancel_year,cancel_month,cancel_day,join_year,join_month,join_day
700,2014-11-16,6.0,True,2014-11-10,canceled,2014.0,11.0,16.0,2014,11,10
429,2015-03-10,120.0,True,2014-11-10,canceled,2015.0,3.0,10.0,2014,11,10
429,2015-06-17,99.0,True,2015-03-10,canceled,2015.0,6.0,17.0,2015,3,10
60,2015-01-14,65.0,True,2014-11-10,canceled,2015.0,1.0,14.0,2014,11,10
60,2015-04-01,77.0,True,2015-01-14,canceled,2015.0,4.0,1.0,2015,1,14
60,,,False,2015-04-01,current,,,,2015,4,1
1300,2014-11-16,6.0,True,2014-11-10,canceled,2014.0,11.0,16.0,2014,11,10
369,,,False,2014-11-10,current,,,,2014,11,10
322,2015-02-02,84.0,True,2014-11-10,canceled,2015.0,2.0,2.0,2014,11,10
322,2015-02-12,0.0,True,2015-02-12,canceled,2015.0,2.0,12.0,2015,2,12
322,2015-03-10,26.0,True,2015-02-12,canceled,2015.0,3.0,10.0,2015,2,12
322,,,False,2015-03-10,current,,,,2015,3,10
336,,,False,2014-11-10,current,,,,2014,11,10
553,,,False,2014-11-10,current,,,,2014,11,10
584,2015-01-14,65.0,True,2014-11-10,canceled,2015.0,1.0,14.0,2014,11,10
584,2015-03-10,55.0,True,2015-01-14,canceled,2015.0,3.0,10.0,2015,1,14
584,,,False,2015-03-10,current,,,,2015,3,10
1006,2014-11-17,7.0,True,2014-11-10,canceled,2014.0,11.0,17.0,2014,11,10
458,2015-04-01,142.0,True,2014-11-10,canceled,2015.0,4.0,1.0,2014,11,10
458,2015-04-06,2.0,True,2015-04-04,canceled,2015.0,4.0,6.0,2015,4,4
458,,,False,2015-04-06,current,,,,2015,4,6
1058,2015-01-14,65.0,True,2014-11-10,canceled,2015.0,1.0,14.0,2014,11,10
1058,2015-03-10,55.0,True,2015-01-14,canceled,2015.0,3.0,10.0,2015,1,14
1058,,,False,2015-03-10,current,,,,2015,3,10
206,,,False,2014-11-10,current,,,,2014,11,10
45,2015-03-10,120.0,True,2014-11-10,canceled,2015.0,3.0,10.0,2014,11,10
45,,,False,2015-03-10,current,,,,2015,3,10
315,2015-05-17,188.0,True,2014-11-10,canceled,2015.0,5.0,17.0,2014,11,10
604,,,False,2014-11-10,current,,,,2014,11,10
204,,,False,2014-11-10,current,,,,2014,11,10
408,2015-03-10,120.0,True,2014-11-10,canceled,2015.0,3.0,10.0,2014,11,10
408,2015-04-01,22.0,True,2015-03-10,canceled,2015.0,4.0,1.0,2015,3,10
408,2015-04-17,16.0,True,2015-04-01,canceled,2015.0,4.0,17.0,2015,4,1
51,2015-03-10,120.0,True,2014-11-10,canceled,2015.0,3.0,10.0,2014,11,10
51,2015-06-17,99.0,True,2015-03-10,canceled,2015.0,6.0,17.0,2015,3,10
323,2015-04-17,158.0,True,2014-11-10,canceled,2015.0,4.0,17.0,2014,11,10
568,,,False,2014-11-10,current,,,,2014,11,10
130,2015-03-10,120.0,True,2014-11-10,canceled,2015.0,3.0,10.0,2014,11,10
130,2015-04-01,22.0,True,2015-03-10,canceled,2015.0,4.0,1.0,2015,3,10
130,2015-06-17,77.0,True,2015-04-01,canceled,2015.0,6.0,17.0,2015,4,1
550,2015-05-02,173.0,True,2014-11-10,canceled,2015.0,5.0,2.0,2014,11,10
550,2015-07-04,37.0,True,2015-05-28,canceled,2015.0,7.0,4.0,2015,5,28
44,2015-03-10,120.0,True,2014-11-10,canceled,2015.0,3.0,10.0,2014,11,10
44,,,False,2015-03-10,current,,,,2015,3,10
1020,2014-11-15,5.0,True,2014-11-10,canceled,2014.0,11.0,15.0,2014,11,10
838,2014-11-11,1.0,True,2014-11-10,canceled,2014.0,11.0,11.0,2014,11,10
198,,,False,2014-11-10,current,,,,2014,11,10
368,,,False,2014-11-10,current,,,,2014,11,10
440,2015-02-18,99.0,True,2014-11-11,canceled,2015.0,2.0,18.0,2014,11,11
675,2014-11-16,5.0,True,2014-11-11,canceled,2014.0,11.0,16.0,2014,11,11
57,2015-02-18,99.0,True,2014-11-11,canceled,2015.0,2.0,18.0,2014,11,11
57,,,False,2015-05-06,current,,,,2015,5,6
1090,2014-11-26,15.0,True,2014-11-11,canceled,2014.0,11.0,26.0,2014,11,11
541,2015-06-19,219.0,True,2014-11-12,canceled,2015.0,6.0,19.0,2014,11,12
756,2014-11-15,3.0,True,2014-11-12,canceled,2014.0,11.0,15.0,2014,11,12
756,2015-01-15,61.0,True,2014-11-15,canceled,2015.0,1.0,15.0,2014,11,15
1219,2014-11-12,0.0,True,2014-11-12,canceled,2014.0,11.0,12.0,2014,11,12
101,2015-04-20,159.0,True,2014-11-12,canceled,2015.0,4.0,20.0,2014,11,12
1021,2014-11-17,5.0,True,2014-11-12,canceled,2014.0,11.0,17.0,2014,11,12
1108,2014-11-16,4.0,True,2014-11-12,canceled,2014.0,11.0,16.0,2014,11,12
800,2014-11-14,2.0,True,2014-11-12,canceled,2014.0,11.0,14.0,2014,11,12
800,2015-05-11,68.0,True,2015-03-04,canceled,2015.0,5.0,11.0,2015,3,4
702,2014-11-15,2.0,True,2014-11-13,canceled,2014.0,11.0,15.0,2014,11,13
702,2015-01-14,60.0,True,2014-11-15,canceled,2015.0,1.0,14.0,2014,11,15
702,2015-03-10,55.0,True,2015-01-14,canceled,2015.0,3.0,10.0,2015,1,14
702,,,False,2015-03-10,current,,,,2015,3,10
871,2014-11-13,0.0,True,2014-11-13,canceled,2014.0,11.0,13.0,2014,11,13
38,,,False,2014-11-14,current,,,,2014,11,14
215,,,False,2014-11-14,current,,,,2014,11,14
744,2014-12-21,37.0,True,2014-11-14,canceled,2014.0,12.0,21.0,2014,11,14
217,2014-11-15,1.0,True,2014-11-14,canceled,2014.0,11.0,15.0,2014,11,14
217,2015-03-10,115.0,True,2014-11-15,canceled,2015.0,3.0,10.0,2014,11,15
217,,,False,2015-03-10,current,,,,2015,3,10
1221,2014-11-21,7.0,True,2014-11-14,canceled,2014.0,11.0,21.0,2014,11,14
1211,2014-11-15,1.0,True,2014-11-14,canceled,2014.0,11.0,15.0,2014,11,14
1211,2015-01-15,61.0,True,2014-11-15,canceled,2015.0,1.0,15.0,2014,11,15
1211,,,False,2015-03-06,current,,,,2015,3,6
1051,2014-11-16,2.0,True,2014-11-14,canceled,2014.0,11.0,16.0,2014,11,14
1286,2014-11-21,7.0,True,2014-11-14,canceled,2014.0,11.0,21.0,2014,11,14
53,2014-12-21,37.0,True,2014-11-14,canceled,2014.0,12.0,21.0,2014,11,14
53,,,False,2015-05-11,current,,,,2015,5,11
895,2014-11-19,5.0,True,2014-11-14,canceled,2014.0,11.0,19.0,2014,11,14
895,2014-11-11,0.0,True,2014-11-11,canceled,2014.0,11.0,11.0,2014,11,11
283,,,False,2014-11-15,current,,,,2014,11,15
283,2014-11-15,2.0,True,2014-11-13,canceled,2014.0,11.0,15.0,2014,11,13
338,2015-01-14,60.0,True,2014-11-15,canceled,2015.0,1.0,14.0,2014,11,15
338,2015-02-03,20.0,True,2015-01-14,canceled,2015.0,2.0,3.0,2015,1,14
338,2015-02-22,19.0,True,2015-02-03,canceled,2015.0,2.0,22.0,2015,2,3
338,,,False,2015-05-11,current,,,,2015,5,11
579,,,False,2014-11-15,current,,,,2014,11,15
903,2014-11-21,5.0,True,2014-11-16,canceled,2014.0,11.0,21.0,2014,11,16
627,,,False,2014-11-16,current,,,,2014,11,16
253,2015-01-14,59.0,True,2014-11-16,canceled,2015.0,1.0,14.0,2014,11,16
253,,,False,2015-01-14,current,,,,2015,1,14
861,2014-11-19,3.0,True,2014-11-16,canceled,2014.0,11.0,19.0,2014,11,16
178,2015-05-09,173.0,True,2014-11-17,canceled,2015.0,5.0,9.0,2014,11,17
822,2015-01-15,59.0,True,2014-11-17,canceled,2015.0,1.0,15.0,2014,11,17
822,,,False,2015-07-18,current,,,,2015,7,18
96,,,False,2014-11-17,current,,,,2014,11,17
123,2015-03-10,120.0,True,2014-11-10,canceled,2015.0,3.0,10.0,2014,11,10
123,2015-04-17,38.0,True,2015-03-10,canceled,2015.0,4.0,17.0,2015,3,10
943,2014-11-17,7.0,True,2014-11-10,canceled,2014.0,11.0,17.0,2014,11,10
620,,,False,2014-11-10,current,,,,2014,11,10
1204,2014-12-17,37.0,True,2014-11-10,canceled,2014.0,12.0,17.0,2014,11,10
195,,,False,2014-11-10,current,,,,2014,11,10
890,2014-11-11,1.0,True,2014-11-10,canceled,2014.0,11.0,11.0,2014,11,10
354,,,False,2014-11-10,current,,,,2014,11,10
837,2014-11-11,1.0,True,2014-11-10,canceled,2014.0,11.0,11.0,2014,11,10
114,2014-11-11,1.0,True,2014-11-10,canceled,2014.0,11.0,11.0,2014,11,10
114,,,False,2015-05-08,current,,,,2015,5,8
810,2014-11-13,3.0,True,2014-11-10,canceled,2014.0,11.0,13.0,2014,11,10
394,2015-04-17,158.0,True,2014-11-10,canceled,2015.0,4.0,17.0,2014,11,10
1253,2015-01-14,65.0,True,2014-11-10,canceled,2015.0,1.0,14.0,2014,11,10
1253,2015-01-20,6.0,True,2015-01-14,canceled,2015.0,1.0,20.0,2015,1,14
504,2015-06-17,219.0,True,2014-11-10,canceled,2015.0,6.0,17.0,2014,11,10
537,,,False,2014-11-10,current,,,,2014,11,10
72,2015-05-17,188.0,True,2014-11-10,canceled,2015.0,5.0,17.0,2014,11,10
268,2014-12-17,37.0,True,2014-11-10,canceled,2014.0,12.0,17.0,2014,11,10
268,2015-08-10,129.0,True,2015-04-03,canceled,2015.0,8.0,10.0,2015,4,3
339,2015-03-10,120.0,True,2014-11-10,canceled,2015.0,3.0,10.0,2014,11,10
339,2015-06-17,77.0,True,2015-04-01,canceled,2015.0,6.0,17.0,2015,4,1
339,2015-04-01,22.0,True,2015-03-10,canceled,2015.0,4.0,1.0,2015,3,10
1244,2015-01-14,65.0,True,2014-11-10,canceled,2015.0,1.0,14.0,2014,11,10
1244,,,False,2015-03-10,current,,,,2015,3,10
1244,2015-03-10,55.0,True,2015-01-14,canceled,2015.0,3.0,10.0,2015,1,14
1244,2015-04-27,41.0,True,2015-03-17,canceled,2015.0,4.0,27.0,2015,3,17
1244,2015-08-17,92.0,True,2015-05-17,canceled,2015.0,8.0,17.0,2015,5,17
752,2014-11-19,9.0,True,2014-11-10,canceled,2014.0,11.0,19.0,2014,11,10
194,,,False,2014-11-10,current,,,,2014,11,10
520,2015-03-17,127.0,True,2014-11-10,canceled,2015.0,3.0,17.0,2014,11,10
102,,,False,2014-11-10,current,,,,2014,11,10
367,2015-04-02,142.0,True,2014-11-11,canceled,2015.0,4.0,2.0,2014,11,11
258,2015-07-17,249.0,True,2014-11-10,canceled,2015.0,7.0,17.0,2014,11,10
522,,,False,2014-11-10,current,,,,2014,11,10
1047,2014-11-11,1.0,True,2014-11-10,canceled,2014.0,11.0,11.0,2014,11,10
329,2015-01-14,65.0,True,2014-11-10,canceled,2015.0,1.0,14.0,2014,11,10
329,2015-04-08,29.0,True,2015-03-10,canceled,2015.0,4.0,8.0,2015,3,10
329,,,False,2015-04-08,current,,,,2015,4,8
329,2015-02-03,20.0,True,2015-01-14,canceled,2015.0,2.0,3.0,2015,1,14
329,2015-03-10,35.0,True,2015-02-03,canceled,2015.0,3.0,10.0,2015,2,3
225,,,False,2014-11-10,current,,,,2014,11,10
612,2015-03-10,120.0,True,2014-11-10,canceled,2015.0,3.0,10.0,2014,11,10
612,2015-03-17,7.0,True,2015-03-10,canceled,2015.0,3.0,17.0,2015,3,10
150,2015-05-17,188.0,True,2014-11-10,canceled,2015.0,5.0,17.0,2014,11,10
179,2015-03-17,127.0,True,2014-11-10,canceled,2015.0,3.0,17.0,2014,11,10
595,,,False,2014-11-10,current,,,,2014,11,10
587,2015-01-14,65.0,True,2014-11-10,canceled,2015.0,1.0,14.0,2014,11,10
587,2015-04-17,93.0,True,2015-01-14,canceled,2015.0,4.0,17.0,2015,1,14
587,,,False,2015-05-28,current,,,,2015,5,28
439,2015-03-10,120.0,True,2014-11-10,canceled,2015.0,3.0,10.0,2014,11,10
439,,,False,2015-03-10,current,,,,2015,3,10
428,,,False,2014-11-10,current,,,,2014,11,10
18,2015-02-17,99.0,True,2014-11-10,canceled,2015.0,2.0,17.0,2014,11,10
544,2015-05-17,188.0,True,2014-11-10,canceled,2015.0,5.0,17.0,2014,11,10
10,,,False,2014-11-10,current,,,,2014,11,10
913,2015-01-14,65.0,True,2014-11-10,canceled,2015.0,1.0,14.0,2014,11,10
913,2015-02-17,34.0,True,2015-01-14,canceled,2015.0,2.0,17.0,2015,1,14
23,,,False,2014-11-10,current,,,,2014,11,10
576,2015-02-17,99.0,True,2014-11-10,canceled,2015.0,2.0,17.0,2014,11,10
431,2015-03-17,127.0,True,2014-11-10,canceled,2015.0,3.0,17.0,2014,11,10
223,,,False,2014-11-10,current,,,,2014,11,10
480,2015-03-10,120.0,True,2014-11-10,canceled,2015.0,3.0,10.0,2014,11,10
480,2015-04-01,22.0,True,2015-03-10,canceled,2015.0,4.0,1.0,2015,3,10
480,,,False,2015-04-01,current,,,,2015,4,1
525,2015-07-17,249.0,True,2014-11-10,canceled,2015.0,7.0,17.0,2014,11,10
1111,2015-03-10,119.0,True,2014-11-11,canceled,2015.0,3.0,10.0,2014,11,11
1111,2015-04-01,22.0,True,2015-03-10,canceled,2015.0,4.0,1.0,2015,3,10
1111,2015-04-18,17.0,True,2015-04-01,canceled,2015.0,4.0,18.0,2015,4,1
1107,2014-11-19,8.0,True,2014-11-11,canceled,2014.0,11.0,19.0,2014,11,11
577,2015-01-19,68.0,True,2014-11-12,canceled,2015.0,1.0,19.0,2014,11,12
577,2015-07-12,157.0,True,2015-02-05,canceled,2015.0,7.0,12.0,2015,2,5
92,2015-07-19,249.0,True,2014-11-12,canceled,2015.0,7.0,19.0,2014,11,12
335,2015-05-19,188.0,True,2014-11-12,canceled,2015.0,5.0,19.0,2014,11,12
275,2014-11-16,4.0,True,2014-11-12,canceled,2014.0,11.0,16.0,2014,11,12
275,,,False,2014-11-16,current,,,,2014,11,16
930,2014-11-17,4.0,True,2014-11-13,canceled,2014.0,11.0,17.0,2014,11,13
245,,,False,2014-11-14,current,,,,2014,11,14
135,,,False,2014-11-14,current,,,,2014,11,14
37,,,False,2014-11-14,current,,,,2014,11,14
740,2014-11-15,1.0,True,2014-11-14,canceled,2014.0,11.0,15.0,2014,11,14
740,2014-11-13,2.0,True,2014-11-11,canceled,2014.0,11.0,13.0,2014,11,11
186,,,False,2014-11-14,current,,,,2014,11,14
389,,,False,2014-11-15,current,,,,2014,11,15
389,2014-11-15,1.0,True,2014-11-14,canceled,2014.0,11.0,15.0,2014,11,14
1218,2014-11-15,0.0,True,2014-11-15,canceled,2014.0,11.0,15.0,2014,11,15
693,2015-01-14,60.0,True,2014-11-15,canceled,2015.0,1.0,14.0,2014,11,15
693,2015-01-23,9.0,True,2015-01-14,canceled,2015.0,1.0,23.0,2015,1,14
770,2014-11-19,4.0,True,2014-11-15,canceled,2014.0,11.0,19.0,2014,11,15
88,2015-03-10,115.0,True,2014-11-15,canceled,2015.0,3.0,10.0,2014,11,15
88,,,False,2015-04-01,current,,,,2015,4,1
88,2015-04-01,22.0,True,2015-03-10,canceled,2015.0,4.0,1.0,2015,3,10
845,2014-11-23,7.0,True,2014-11-16,canceled,2014.0,11.0,23.0,2014,11,16
983,2015-01-14,59.0,True,2014-11-16,canceled,2015.0,1.0,14.0,2014,11,16
983,2015-01-23,9.0,True,2015-01-14,canceled,2015.0,1.0,23.0,2015,1,14
1118,2014-12-24,37.0,True,2014-11-17,canceled,2014.0,12.0,24.0,2014,11,17
1118,2014-11-17,5.0,True,2014-11-12,canceled,2014.0,11.0,17.0,2014,11,12
499,2014-11-17,0.0,True,2014-11-17,canceled,2014.0,11.0,17.0,2014,11,17
499,2015-05-13,96.0,True,2015-02-06,canceled,2015.0,5.0,13.0,2015,2,6
590,2015-02-03,62.0,True,2014-12-03,canceled,2015.0,2.0,3.0,2014,12,3
590,,,False,2015-05-11,current,,,,2015,5,11
590,2015-03-10,35.0,True,2015-02-03,canceled,2015.0,3.0,10.0,2015,2,3
264,2015-02-03,62.0,True,2014-12-03,canceled,2015.0,2.0,3.0,2014,12,3
264,2015-02-25,22.0,True,2015-02-03,canceled,2015.0,2.0,25.0,2015,2,3
300,,,False,2014-12-03,current,,,,2014,12,3
54,,,False,2014-12-03,current,,,,2014,12,3
1043,2014-12-04,1.0,True,2014-12-03,canceled,2014.0,12.0,4.0,2014,12,3
1130,2015-01-25,53.0,True,2014-12-03,canceled,2015.0,1.0,25.0,2014,12,3
654,2014-12-04,0.0,True,2014-12-04,canceled,2014.0,12.0,4.0,2014,12,4
654,2014-12-04,0.0,True,2014-12-04,canceled,2014.0,12.0,4.0,2014,12,4
654,2014-12-03,0.0,True,2014-12-03,canceled,2014.0,12.0,3.0,2014,12,3
736,2015-03-11,97.0,True,2014-12-04,canceled,2015.0,3.0,11.0,2014,12,4
964,2014-12-04,0.0,True,2014-12-04,canceled,2014.0,12.0,4.0,2014,12,4
976,2015-01-11,38.0,True,2014-12-04,canceled,2015.0,1.0,11.0,2014,12,4
1203,2014-12-09,5.0,True,2014-12-04,canceled,2014.0,12.0,9.0,2014,12,4
278,,,False,2014-12-04,current,,,,2014,12,4
377,,,False,2014-12-05,current,,,,2014,12,5
342,,,False,2014-12-05,current,,,,2014,12,5
358,,,False,2014-12-05,current,,,,2014,12,5
316,2015-06-13,189.0,True,2014-12-06,canceled,2015.0,6.0,13.0,2014,12,6
347,2015-03-14,97.0,True,2014-12-07,canceled,2015.0,3.0,14.0,2014,12,7
347,,,False,2015-04-05,current,,,,2015,4,5
295,2014-12-07,0.0,True,2014-12-07,canceled,2014.0,12.0,7.0,2014,12,7
295,,,False,2015-04-03,current,,,,2015,4,3
343,2015-03-14,97.0,True,2014-12-07,canceled,2015.0,3.0,14.0,2014,12,7
1127,2014-12-08,1.0,True,2014-12-07,canceled,2014.0,12.0,8.0,2014,12,7
1076,2014-12-12,4.0,True,2014-12-08,canceled,2014.0,12.0,12.0,2014,12,8
502,,,False,2014-12-08,current,,,,2014,12,8
502,2014-11-21,6.0,True,2014-11-15,canceled,2014.0,11.0,21.0,2014,11,15
1223,2014-12-13,5.0,True,2014-12-08,canceled,2014.0,12.0,13.0,2014,12,8
221,2015-02-10,69.0,True,2014-12-03,canceled,2015.0,2.0,10.0,2014,12,3
631,2014-12-08,5.0,True,2014-12-03,canceled,2014.0,12.0,8.0,2014,12,3
631,2015-07-15,68.0,True,2015-05-08,canceled,2015.0,7.0,15.0,2015,5,8
495,,,False,2014-12-04,current,,,,2014,12,4
495,2014-11-17,5.0,True,2014-11-12,canceled,2014.0,11.0,17.0,2014,11,12
1009,2015-02-12,69.0,True,2014-12-05,canceled,2015.0,2.0,12.0,2014,12,5
364,,,False,2014-12-05,current,,,,2014,12,5
1252,2014-12-11,6.0,True,2014-12-05,canceled,2014.0,12.0,11.0,2014,12,5
909,2014-12-28,23.0,True,2014-12-05,canceled,2014.0,12.0,28.0,2014,12,5
1156,2014-12-08,2.0,True,2014-12-06,canceled,2014.0,12.0,8.0,2014,12,6
524,2015-02-03,59.0,True,2014-12-06,canceled,2015.0,2.0,3.0,2014,12,6
524,,,False,2015-03-04,current,,,,2015,3,4
560,,,False,2014-12-06,current,,,,2014,12,6
570,,,False,2014-12-07,current,,,,2014,12,7
581,,,False,2014-12-07,current,,,,2014,12,7
759,2015-02-03,57.0,True,2014-12-08,canceled,2015.0,2.0,3.0,2014,12,8
759,2015-04-15,7.0,True,2015-04-08,canceled,2015.0,4.0,15.0,2015,4,8
759,2015-04-08,64.0,True,2015-02-03,canceled,2015.0,4.0,8.0,2015,2,3
896,2015-02-03,57.0,True,2014-12-08,canceled,2015.0,2.0,3.0,2014,12,8
896,2015-04-08,29.0,True,2015-03-10,canceled,2015.0,4.0,8.0,2015,3,10
896,2015-03-10,35.0,True,2015-02-03,canceled,2015.0,3.0,10.0,2015,2,3
896,,,False,2015-04-08,current,,,,2015,4,8
346,,,False,2014-12-08,current,,,,2014,12,8
346,2014-12-05,0.0,True,2014-12-05,canceled,2014.0,12.0,5.0,2014,12,5
411,2015-02-03,57.0,True,2014-12-08,canceled,2015.0,2.0,3.0,2014,12,8
411,2015-04-08,29.0,True,2015-03-10,canceled,2015.0,4.0,8.0,2015,3,10
411,2015-03-10,35.0,True,2015-02-03,canceled,2015.0,3.0,10.0,2015,2,3
411,2015-06-15,68.0,True,2015-04-08,canceled,2015.0,6.0,15.0,2015,4,8
705,2014-12-14,6.0,True,2014-12-08,canceled,2014.0,12.0,14.0,2014,12,8
705,2015-04-28,20.0,True,2015-04-08,canceled,2015.0,4.0,28.0,2015,4,8
776,2015-02-03,57.0,True,2014-12-08,canceled,2015.0,2.0,3.0,2014,12,8
557,2015-02-03,57.0,True,2014-12-08,canceled,2015.0,2.0,3.0,2014,12,8
557,,,False,2015-03-10,current,,,,2015,3,10
557,2015-03-10,35.0,True,2015-02-03,canceled,2015.0,3.0,10.0,2015,2,3
1234,2014-12-14,5.0,True,2014-12-09,canceled,2014.0,12.0,14.0,2014,12,9
634,2015-06-16,189.0,True,2014-12-09,canceled,2015.0,6.0,16.0,2014,12,9
1124,2015-02-03,56.0,True,2014-12-09,canceled,2015.0,2.0,3.0,2014,12,9
1124,,,False,2015-04-08,current,,,,2015,4,8
1124,2015-04-08,64.0,True,2015-02-03,canceled,2015.0,4.0,8.0,2015,2,3
932,2015-01-16,38.0,True,2014-12-09,canceled,2015.0,1.0,16.0,2014,12,9
817,2014-12-09,0.0,True,2014-12-09,canceled,2014.0,12.0,9.0,2014,12,9
169,2014-12-14,5.0,True,2014-12-09,canceled,2014.0,12.0,14.0,2014,12,9
169,2015-08-12,188.0,True,2015-02-05,canceled,2015.0,8.0,12.0,2015,2,5
350,,,False,2015-01-07,current,,,,2015,1,7
345,,,False,2015-01-07,current,,,,2015,1,7
1171,2015-01-07,0.0,True,2015-01-07,canceled,2015.0,1.0,7.0,2015,1,7
530,,,False,2015-01-07,current,,,,2015,1,7
383,,,False,2015-01-07,current,,,,2015,1,7
1271,2015-01-13,6.0,True,2015-01-07,canceled,2015.0,1.0,13.0,2015,1,7
229,2015-06-14,158.0,True,2015-01-07,canceled,2015.0,6.0,14.0,2015,1,7
876,2015-01-11,3.0,True,2015-01-08,canceled,2015.0,1.0,11.0,2015,1,8
622,2015-06-15,158.0,True,2015-01-08,canceled,2015.0,6.0,15.0,2015,1,8
1065,2015-01-11,3.0,True,2015-01-08,canceled,2015.0,1.0,11.0,2015,1,8
884,2015-01-08,0.0,True,2015-01-08,canceled,2015.0,1.0,8.0,2015,1,8
730,2015-01-30,22.0,True,2015-01-08,canceled,2015.0,1.0,30.0,2015,1,8
905,2015-03-15,66.0,True,2015-01-08,canceled,2015.0,3.0,15.0,2015,1,8
356,,,False,2015-01-09,current,,,,2015,1,9
1164,2015-01-14,5.0,True,2015-01-09,canceled,2015.0,1.0,14.0,2015,1,9
170,2015-08-16,219.0,True,2015-01-09,canceled,2015.0,8.0,16.0,2015,1,9
467,2015-07-02,173.0,True,2015-01-10,canceled,2015.0,7.0,2.0,2015,1,10
780,2015-02-18,38.0,True,2015-01-11,canceled,2015.0,2.0,18.0,2015,1,11
418,2015-07-18,188.0,True,2015-01-11,canceled,2015.0,7.0,18.0,2015,1,11
1074,2015-03-10,58.0,True,2015-01-11,canceled,2015.0,3.0,10.0,2015,1,11
1074,2015-04-18,39.0,True,2015-03-10,canceled,2015.0,4.0,18.0,2015,3,10
859,2015-02-18,38.0,True,2015-01-11,canceled,2015.0,2.0,18.0,2015,1,11
859,2014-11-22,7.0,True,2014-11-15,canceled,2014.0,11.0,22.0,2014,11,15
91,2015-03-10,120.0,True,2014-11-10,canceled,2015.0,3.0,10.0,2014,11,10
91,,,False,2015-03-10,current,,,,2015,3,10
12,,,False,2014-11-10,current,,,,2014,11,10
3,2015-03-10,120.0,True,2014-11-10,canceled,2015.0,3.0,10.0,2014,11,10
3,,,False,2015-03-10,current,,,,2015,3,10
157,2015-03-10,120.0,True,2014-11-10,canceled,2015.0,3.0,10.0,2014,11,10
157,2015-07-17,129.0,True,2015-03-10,canceled,2015.0,7.0,17.0,2015,3,10
224,,,False,2014-11-10,current,,,,2014,11,10
562,,,False,2014-11-10,current,,,,2014,11,10
1098,,,False,2014-11-10,current,,,,2014,11,10
378,2015-03-10,120.0,True,2014-11-10,canceled,2015.0,3.0,10.0,2014,11,10
378,2015-04-17,38.0,True,2015-03-10,canceled,2015.0,4.0,17.0,2015,3,10
1214,2015-01-15,66.0,True,2014-11-10,canceled,2015.0,1.0,15.0,2014,11,10
483,2015-04-20,161.0,True,2014-11-10,canceled,2015.0,4.0,20.0,2014,11,10
1094,2014-12-17,37.0,True,2014-11-10,canceled,2014.0,12.0,17.0,2014,11,10
882,2014-12-17,37.0,True,2014-11-10,canceled,2014.0,12.0,17.0,2014,11,10
412,2015-03-10,120.0,True,2014-11-10,canceled,2015.0,3.0,10.0,2014,11,10
412,,,False,2015-04-01,current,,,,2015,4,1
412,2015-04-01,22.0,True,2015-03-10,canceled,2015.0,4.0,1.0,2015,3,10
390,,,False,2014-11-10,current,,,,2014,11,10
366,2015-03-10,120.0,True,2014-11-10,canceled,2015.0,3.0,10.0,2014,11,10
366,2015-04-17,16.0,True,2015-04-01,canceled,2015.0,4.0,17.0,2015,4,1
366,2015-04-01,22.0,True,2015-03-10,canceled,2015.0,4.0,1.0,2015,3,10
81,,,False,2014-11-10,current,,,,2014,11,10
696,2015-01-14,65.0,True,2014-11-10,canceled,2015.0,1.0,14.0,2014,11,10
696,2015-01-20,6.0,True,2015-01-14,canceled,2015.0,1.0,20.0,2015,1,14
892,2014-11-12,2.0,True,2014-11-10,canceled,2014.0,11.0,12.0,2014,11,10
1142,2015-01-14,65.0,True,2014-11-10,canceled,2015.0,1.0,14.0,2014,11,10
1142,2015-07-17,129.0,True,2015-03-10,canceled,2015.0,7.0,17.0,2015,3,10
1142,2015-03-10,55.0,True,2015-01-14,canceled,2015.0,3.0,10.0,2015,1,14
234,,,False,2014-11-11,current,,,,2014,11,11
148,2015-03-10,119.0,True,2014-11-11,canceled,2015.0,3.0,10.0,2014,11,11
148,2015-04-18,17.0,True,2015-04-01,canceled,2015.0,4.0,18.0,2015,4,1
148,2015-04-01,22.0,True,2015-03-10,canceled,2015.0,4.0,1.0,2015,3,10
630,2015-03-18,127.0,True,2014-11-11,canceled,2015.0,3.0,18.0,2014,11,11
1083,2014-11-12,1.0,True,2014-11-11,canceled,2014.0,11.0,12.0,2014,11,11
1011,2014-11-12,1.0,True,2014-11-11,canceled,2014.0,11.0,12.0,2014,11,11
1011,2015-05-15,37.0,True,2015-04-08,canceled,2015.0,5.0,15.0,2015,4,8
1114,2014-11-18,6.0,True,2014-11-12,canceled,2014.0,11.0,18.0,2014,11,12
161,2015-05-19,188.0,True,2014-11-12,canceled,2015.0,5.0,19.0,2014,11,12
441,2015-06-19,219.0,True,2014-11-12,canceled,2015.0,6.0,19.0,2014,11,12
712,2015-03-20,127.0,True,2014-11-13,canceled,2015.0,3.0,20.0,2014,11,13
273,,,False,2014-11-14,current,,,,2014,11,14
76,2014-11-15,1.0,True,2014-11-14,canceled,2014.0,11.0,15.0,2014,11,14
76,,,False,2015-01-15,current,,,,2015,1,15
76,2015-01-15,61.0,True,2014-11-15,canceled,2015.0,1.0,15.0,2014,11,15
938,2015-01-16,63.0,True,2014-11-14,canceled,2015.0,1.0,16.0,2014,11,14
131,,,False,2014-11-14,current,,,,2014,11,14
231,,,False,2014-11-14,current,,,,2014,11,14
1085,2014-11-18,4.0,True,2014-11-14,canceled,2014.0,11.0,18.0,2014,11,14
327,,,False,2014-11-14,current,,,,2014,11,14
829,2014-12-22,37.0,True,2014-11-15,canceled,2014.0,12.0,22.0,2014,11,15
829,2014-11-15,1.0,True,2014-11-14,canceled,2014.0,11.0,15.0,2014,11,14
203,2014-11-21,6.0,True,2014-11-15,canceled,2014.0,11.0,21.0,2014,11,15
203,2015-07-19,68.0,True,2015-05-12,canceled,2015.0,7.0,19.0,2015,5,12
277,,,False,2014-11-15,current,,,,2014,11,15
280,,,False,2014-11-15,current,,,,2014,11,15
308,,,False,2014-11-16,current,,,,2014,11,16
1239,2014-11-19,2.0,True,2014-11-17,canceled,2014.0,11.0,19.0,2014,11,17
1230,2014-11-19,2.0,True,2014-11-17,canceled,2014.0,11.0,19.0,2014,11,17
875,2014-11-17,0.0,True,2014-11-17,canceled,2014.0,11.0,17.0,2014,11,17
202,,,False,2014-12-03,current,,,,2014,12,3
563,2015-07-10,219.0,True,2014-12-03,canceled,2015.0,7.0,10.0,2014,12,3
1167,2015-01-10,38.0,True,2014-12-03,canceled,2015.0,1.0,10.0,2014,12,3
643,2015-02-03,62.0,True,2014-12-03,canceled,2015.0,2.0,3.0,2014,12,3
643,2015-04-08,29.0,True,2015-03-10,canceled,2015.0,4.0,8.0,2015,3,10
643,,,False,2015-04-18,current,,,,2015,4,18
643,2015-04-18,10.0,True,2015-04-08,canceled,2015.0,4.0,18.0,2015,4,8
643,2015-03-10,35.0,True,2015-02-03,canceled,2015.0,3.0,10.0,2015,2,3
110,2015-05-10,158.0,True,2014-12-03,canceled,2015.0,5.0,10.0,2014,12,3
244,,,False,2014-12-04,current,,,,2014,12,4
1289,2015-02-03,61.0,True,2014-12-04,canceled,2015.0,2.0,3.0,2014,12,4
1120,2014-12-04,0.0,True,2014-12-04,canceled,2014.0,12.0,4.0,2014,12,4
500,2015-02-03,60.0,True,2014-12-05,canceled,2015.0,2.0,3.0,2014,12,5
500,2014-11-17,5.0,True,2014-11-12,canceled,2014.0,11.0,17.0,2014,11,12
500,,,False,2015-02-03,current,,,,2015,2,3
728,2014-12-05,0.0,True,2014-12-05,canceled,2014.0,12.0,5.0,2014,12,5
209,,,False,2014-12-05,current,,,,2014,12,5
292,,,False,2014-12-05,current,,,,2014,12,5
546,,,False,2014-12-05,current,,,,2014,12,5
1160,2015-01-12,38.0,True,2014-12-05,canceled,2015.0,1.0,12.0,2014,12,5
64,2015-04-13,128.0,True,2014-12-06,canceled,2015.0,4.0,13.0,2014,12,6
637,2014-12-10,4.0,True,2014-12-06,canceled,2014.0,12.0,10.0,2014,12,6
637,2015-04-14,35.0,True,2015-03-10,canceled,2015.0,4.0,14.0,2015,3,10
637,2015-08-13,99.0,True,2015-05-06,canceled,2015.0,8.0,13.0,2015,5,6
637,2015-03-10,62.0,True,2015-01-07,canceled,2015.0,3.0,10.0,2015,1,7
52,2015-03-14,97.0,True,2014-12-07,canceled,2015.0,3.0,14.0,2014,12,7
747,2014-12-13,6.0,True,2014-12-07,canceled,2014.0,12.0,13.0,2014,12,7
747,,,False,2015-04-02,current,,,,2015,4,2
450,,,False,2014-12-07,current,,,,2014,12,7
111,2015-03-01,84.0,True,2014-12-07,canceled,2015.0,3.0,1.0,2014,12,7
583,2015-05-15,158.0,True,2014-12-08,canceled,2015.0,5.0,15.0,2014,12,8
461,,,False,2014-12-08,current,,,,2014,12,8
1199,2015-01-15,38.0,True,2014-12-08,canceled,2015.0,1.0,15.0,2014,12,8
743,2015-01-16,38.0,True,2014-12-09,canceled,2015.0,1.0,16.0,2014,12,9
474,2015-03-16,97.0,True,2014-12-09,canceled,2015.0,3.0,16.0,2014,12,9
960,2014-12-15,6.0,True,2014-12-09,canceled,2014.0,12.0,15.0,2014,12,9
667,2015-01-16,38.0,True,2014-12-09,canceled,2015.0,1.0,16.0,2014,12,9
1095,2014-12-13,4.0,True,2014-12-09,canceled,2014.0,12.0,13.0,2014,12,9
1095,2015-08-13,68.0,True,2015-06-06,canceled,2015.0,8.0,13.0,2015,6,6
79,2015-07-16,219.0,True,2014-12-09,canceled,2015.0,7.0,16.0,2014,12,9
691,2015-01-10,3.0,True,2015-01-07,canceled,2015.0,1.0,10.0,2015,1,7
66,,,False,2015-01-07,current,,,,2015,1,7
197,2015-06-14,158.0,True,2015-01-07,canceled,2015.0,6.0,14.0,2015,1,7
67,2015-03-14,66.0,True,2015-01-07,canceled,2015.0,3.0,14.0,2015,1,7
678,2015-02-15,38.0,True,2015-01-08,canceled,2015.0,2.0,15.0,2015,1,8
873,2015-01-30,22.0,True,2015-01-08,canceled,2015.0,1.0,30.0,2015,1,8
623,2015-04-15,97.0,True,2015-01-08,canceled,2015.0,4.0,15.0,2015,1,8
623,2014-12-14,7.0,True,2014-12-07,canceled,2014.0,12.0,14.0,2014,12,7
791,,,False,2015-01-08,current,,,,2015,1,8
507,2015-03-10,60.0,True,2015-01-09,canceled,2015.0,3.0,10.0,2015,1,9
507,,,False,2015-03-10,current,,,,2015,3,10
488,,,False,2015-01-09,current,,,,2015,1,9
488,2014-11-20,5.0,True,2014-11-15,canceled,2014.0,11.0,20.0,2014,11,15
270,2015-05-31,142.0,True,2015-01-09,canceled,2015.0,5.0,31.0,2015,1,9
362,2015-02-05,27.0,True,2015-01-09,canceled,2015.0,2.0,5.0,2015,1,9
362,2015-04-16,70.0,True,2015-02-05,canceled,2015.0,4.0,16.0,2015,2,5
263,2015-04-17,97.0,True,2015-01-10,canceled,2015.0,4.0,17.0,2015,1,10
263,,,False,2015-08-12,current,,,,2015,8,12
263,2015-07-08,37.0,True,2015-06-01,canceled,2015.0,7.0,8.0,2015,6,1
965,2015-04-17,97.0,True,2015-01-10,canceled,2015.0,4.0,17.0,2015,1,10
761,2015-02-18,38.0,True,2015-01-11,canceled,2015.0,2.0,18.0,2015,1,11
1191,2015-01-11,0.0,True,2015-01-11,canceled,2015.0,1.0,11.0,2015,1,11
598,,,False,2015-01-12,current,,,,2015,1,12
785,2015-03-10,57.0,True,2015-01-12,canceled,2015.0,3.0,10.0,2015,1,12
785,2015-05-19,41.0,True,2015-04-08,canceled,2015.0,5.0,19.0,2015,4,8
785,2015-04-08,29.0,True,2015-03-10,canceled,2015.0,4.0,8.0,2015,3,10
989,2015-02-18,37.0,True,2015-01-12,canceled,2015.0,2.0,18.0,2015,1,12
989,2015-06-19,72.0,True,2015-04-08,canceled,2015.0,6.0,19.0,2015,4,8
989,2015-04-08,49.0,True,2015-02-18,canceled,2015.0,4.0,8.0,2015,2,18
28,,,False,2015-01-12,current,,,,2015,1,12
1293,2014-12-10,2.0,True,2014-12-08,canceled,2014.0,12.0,10.0,2014,12,8
166,,,False,2014-12-08,current,,,,2014,12,8
682,2014-12-15,7.0,True,2014-12-08,canceled,2014.0,12.0,15.0,2014,12,8
682,2014-12-07,0.0,True,2014-12-07,canceled,2014.0,12.0,7.0,2014,12,7
682,2015-05-15,37.0,True,2015-04-08,canceled,2015.0,5.0,15.0,2015,4,8
1295,2014-12-15,6.0,True,2014-12-09,canceled,2014.0,12.0,15.0,2014,12,9
1295,2015-07-22,5.0,True,2015-07-17,canceled,2015.0,7.0,22.0,2015,7,17
695,2014-12-15,6.0,True,2014-12-09,canceled,2014.0,12.0,15.0,2014,12,9
671,2015-02-03,56.0,True,2014-12-09,canceled,2015.0,2.0,3.0,2014,12,9
907,2014-12-15,6.0,True,2014-12-09,canceled,2014.0,12.0,15.0,2014,12,9
1121,2015-01-12,14.0,True,2014-12-29,canceled,2015.0,1.0,12.0,2014,12,29
1121,2014-12-29,48.0,True,2014-11-11,canceled,2014.0,12.0,29.0,2014,11,11
1121,2015-02-18,37.0,True,2015-01-12,canceled,2015.0,2.0,18.0,2015,1,12
966,2015-03-10,62.0,True,2015-01-07,canceled,2015.0,3.0,10.0,2015,1,7
966,,,False,2015-03-10,current,,,,2015,3,10
442,2015-03-10,62.0,True,2015-01-07,canceled,2015.0,3.0,10.0,2015,1,7
442,,,False,2015-03-10,current,,,,2015,3,10
442,2015-04-27,43.0,True,2015-03-15,canceled,2015.0,4.0,27.0,2015,3,15
442,,,False,2015-05-14,current,,,,2015,5,14
5,2015-04-16,99.0,True,2015-01-07,canceled,2015.0,4.0,16.0,2015,1,7
5,2015-01-07,0.0,True,2015-01-07,canceled,2015.0,1.0,7.0,2015,1,7
1283,2015-01-10,3.0,True,2015-01-07,canceled,2015.0,1.0,10.0,2015,1,7
592,,,False,2015-01-07,current,,,,2015,1,7
1137,2015-01-10,2.0,True,2015-01-08,canceled,2015.0,1.0,10.0,2015,1,8
34,2015-02-03,26.0,True,2015-01-08,canceled,2015.0,2.0,3.0,2015,1,8
34,2015-01-08,53.0,True,2014-11-16,canceled,2015.0,1.0,8.0,2014,11,16
34,,,False,2015-02-03,current,,,,2015,2,3
824,2015-01-31,22.0,True,2015-01-09,canceled,2015.0,1.0,31.0,2015,1,9
824,2015-03-04,22.0,True,2015-02-10,canceled,2015.0,3.0,4.0,2015,2,10
0,,,False,2015-01-09,current,,,,2015,1,9
688,2015-01-11,2.0,True,2015-01-09,canceled,2015.0,1.0,11.0,2015,1,9
527,,,False,2015-01-09,current,,,,2015,1,9
1060,2015-02-18,38.0,True,2015-01-11,canceled,2015.0,2.0,18.0,2015,1,11
1010,2015-01-11,0.0,True,2015-01-11,canceled,2015.0,1.0,11.0,2015,1,11
745,2014-11-13,2.0,True,2014-11-11,canceled,2014.0,11.0,13.0,2014,11,11
227,2014-12-19,37.0,True,2014-11-12,canceled,2014.0,12.0,19.0,2014,11,12
227,,,False,2015-04-08,current,,,,2015,4,8
929,2014-11-17,5.0,True,2014-11-12,canceled,2014.0,11.0,17.0,2014,11,12
841,2014-11-12,0.0,True,2014-11-12,canceled,2014.0,11.0,12.0,2014,11,12
599,2015-01-14,63.0,True,2014-11-12,canceled,2015.0,1.0,14.0,2014,11,12
599,2015-01-22,8.0,True,2015-01-14,canceled,2015.0,1.0,22.0,2015,1,14
599,,,False,2015-04-02,current,,,,2015,4,2
181,2015-03-10,117.0,True,2014-11-13,canceled,2015.0,3.0,10.0,2014,11,13
181,,,False,2015-03-10,current,,,,2015,3,10
1035,2014-11-13,0.0,True,2014-11-13,canceled,2014.0,11.0,13.0,2014,11,13
1035,2015-02-09,3.0,True,2015-02-06,canceled,2015.0,2.0,9.0,2015,2,6
639,2015-03-20,127.0,True,2014-11-13,canceled,2015.0,3.0,20.0,2014,11,13
126,,,False,2014-11-14,current,,,,2014,11,14
254,,,False,2014-11-14,current,,,,2014,11,14
1303,2015-01-14,61.0,True,2014-11-14,canceled,2015.0,1.0,14.0,2014,11,14
1303,2015-04-08,29.0,True,2015-03-10,canceled,2015.0,4.0,8.0,2015,3,10
1303,2015-04-21,13.0,True,2015-04-08,canceled,2015.0,4.0,21.0,2015,4,8
1303,2015-02-03,20.0,True,2015-01-14,canceled,2015.0,2.0,3.0,2015,1,14
1303,2015-03-10,35.0,True,2015-02-03,canceled,2015.0,3.0,10.0,2015,2,3
969,2014-12-22,38.0,True,2014-11-14,canceled,2014.0,12.0,22.0,2014,11,14
869,2014-11-21,7.0,True,2014-11-14,canceled,2014.0,11.0,21.0,2014,11,14
972,2015-01-14,60.0,True,2014-11-15,canceled,2015.0,1.0,14.0,2014,11,15
972,2015-03-10,55.0,True,2015-01-14,canceled,2015.0,3.0,10.0,2015,1,14
972,2015-03-22,12.0,True,2015-03-10,canceled,2015.0,3.0,22.0,2015,3,10
334,2015-03-10,114.0,True,2014-11-16,canceled,2015.0,3.0,10.0,2014,11,16
334,,,False,2015-03-10,current,,,,2015,3,10
469,,,False,2014-11-16,current,,,,2014,11,16
684,2014-11-21,5.0,True,2014-11-16,canceled,2014.0,11.0,21.0,2014,11,16
1012,2014-11-21,4.0,True,2014-11-17,canceled,2014.0,11.0,21.0,2014,11,17
33,,,False,2015-01-12,current,,,,2015,1,12
250,,,False,2015-01-12,current,,,,2015,1,12
1109,2015-01-16,4.0,True,2015-01-12,canceled,2015.0,1.0,16.0,2015,1,12
486,,,False,2015-01-12,current,,,,2015,1,12
862,2015-01-18,6.0,True,2015-01-12,canceled,2015.0,1.0,18.0,2015,1,12
567,,,False,2015-01-12,current,,,,2015,1,12
371,,,False,2015-01-13,current,,,,2015,1,13
765,2015-01-18,5.0,True,2015-01-13,canceled,2015.0,1.0,18.0,2015,1,13
1277,2015-01-22,8.0,True,2015-01-14,canceled,2015.0,1.0,22.0,2015,1,14
1277,2015-01-14,61.0,True,2014-11-14,canceled,2015.0,1.0,14.0,2014,11,14
1071,2015-03-17,62.0,True,2015-01-14,canceled,2015.0,3.0,17.0,2015,1,14
1071,2015-01-14,65.0,True,2014-11-10,canceled,2015.0,1.0,14.0,2014,11,10
923,2015-03-10,55.0,True,2015-01-14,canceled,2015.0,3.0,10.0,2015,1,14
923,2015-01-14,59.0,True,2014-11-16,canceled,2015.0,1.0,14.0,2014,11,16
923,,,False,2015-03-10,current,,,,2015,3,10
640,2015-01-15,1.0,True,2015-01-14,canceled,2015.0,1.0,15.0,2015,1,14
640,2015-01-14,63.0,True,2014-11-12,canceled,2015.0,1.0,14.0,2014,11,12
640,,,False,2015-04-01,current,,,,2015,4,1
640,2015-01-15,0.0,True,2015-01-15,canceled,2015.0,1.0,15.0,2015,1,15
640,2015-03-10,54.0,True,2015-01-15,canceled,2015.0,3.0,10.0,2015,1,15
640,2015-04-01,22.0,True,2015-03-10,canceled,2015.0,4.0,1.0,2015,3,10
1174,2015-02-03,20.0,True,2015-01-14,canceled,2015.0,2.0,3.0,2015,1,14
1174,2015-01-14,65.0,True,2014-11-10,canceled,2015.0,1.0,14.0,2014,11,10
1174,2015-02-17,14.0,True,2015-02-03,canceled,2015.0,2.0,17.0,2015,2,3
1019,2015-01-18,4.0,True,2015-01-14,canceled,2015.0,1.0,18.0,2015,1,14
1019,2015-01-14,64.0,True,2014-11-11,canceled,2015.0,1.0,14.0,2014,11,11
655,2015-01-20,6.0,True,2015-01-14,canceled,2015.0,1.0,20.0,2015,1,14
655,2015-01-14,65.0,True,2014-11-10,canceled,2015.0,1.0,14.0,2014,11,10
529,,,False,2015-02-03,current,,,,2015,2,3
529,2015-02-03,57.0,True,2014-12-08,canceled,2015.0,2.0,3.0,2014,12,8
222,,,False,2014-11-17,current,,,,2014,11,17
256,2015-04-01,119.0,True,2014-12-03,canceled,2015.0,4.0,1.0,2014,12,3
256,2015-06-10,70.0,True,2015-04-01,canceled,2015.0,6.0,10.0,2015,4,1
288,,,False,2014-12-03,current,,,,2014,12,3
523,2015-01-12,40.0,True,2014-12-03,canceled,2015.0,1.0,12.0,2014,12,3
523,2015-03-10,57.0,True,2015-01-12,canceled,2015.0,3.0,10.0,2015,1,12
523,,,False,2015-03-10,current,,,,2015,3,10
24,2015-06-10,189.0,True,2014-12-03,canceled,2015.0,6.0,10.0,2014,12,3
922,2014-12-08,5.0,True,2014-12-03,canceled,2014.0,12.0,8.0,2014,12,3
707,2014-12-03,0.0,True,2014-12-03,canceled,2014.0,12.0,3.0,2014,12,3
397,2015-04-01,118.0,True,2014-12-04,canceled,2015.0,4.0,1.0,2014,12,4
397,,,False,2015-04-01,current,,,,2015,4,1
925,2014-12-05,1.0,True,2014-12-04,canceled,2014.0,12.0,5.0,2014,12,4
265,2015-01-11,38.0,True,2014-12-04,canceled,2015.0,1.0,11.0,2014,12,4
650,2014-12-10,6.0,True,2014-12-04,canceled,2014.0,12.0,10.0,2014,12,4
650,2015-08-11,160.0,True,2015-03-04,canceled,2015.0,8.0,11.0,2015,3,4
717,2014-12-04,0.0,True,2014-12-04,canceled,2014.0,12.0,4.0,2014,12,4
1013,2015-04-01,118.0,True,2014-12-04,canceled,2015.0,4.0,1.0,2014,12,4
1013,2015-04-11,10.0,True,2015-04-01,canceled,2015.0,4.0,11.0,2015,4,1
618,2015-04-12,128.0,True,2014-12-05,canceled,2015.0,4.0,12.0,2014,12,5
1236,2015-02-03,60.0,True,2014-12-05,canceled,2015.0,2.0,3.0,2014,12,5
1181,,,False,2014-12-05,current,,,,2014,12,5
1152,2014-12-07,2.0,True,2014-12-05,canceled,2014.0,12.0,7.0,2014,12,5
1152,2015-05-14,3.0,True,2015-05-11,canceled,2015.0,5.0,14.0,2015,5,11
1152,2015-07-22,6.0,True,2015-07-16,canceled,2015.0,7.0,22.0,2015,7,16
1225,2014-12-10,5.0,True,2014-12-05,canceled,2014.0,12.0,10.0,2014,12,5
727,2014-12-07,0.0,True,2014-12-07,canceled,2014.0,12.0,7.0,2014,12,7
866,2015-01-14,38.0,True,2014-12-07,canceled,2015.0,1.0,14.0,2014,12,7
1201,2015-01-14,38.0,True,2014-12-07,canceled,2015.0,1.0,14.0,2014,12,7
982,2014-12-09,1.0,True,2014-12-08,canceled,2014.0,12.0,9.0,2014,12,8
193,2015-04-01,114.0,True,2014-12-08,canceled,2015.0,4.0,1.0,2014,12,8
193,,,False,2015-04-01,current,,,,2015,4,1
710,2015-02-03,57.0,True,2014-12-08,canceled,2015.0,2.0,3.0,2014,12,8
710,2015-02-15,12.0,True,2015-02-03,canceled,2015.0,2.0,15.0,2015,2,3
1273,2015-01-12,0.0,True,2015-01-12,canceled,2015.0,1.0,12.0,2015,1,12
1280,2015-01-15,3.0,True,2015-01-12,canceled,2015.0,1.0,15.0,2015,1,12
180,2015-03-10,57.0,True,2015-01-12,canceled,2015.0,3.0,10.0,2015,1,12
180,,,False,2015-04-08,current,,,,2015,4,8
180,2015-04-08,29.0,True,2015-03-10,canceled,2015.0,4.0,8.0,2015,3,10
722,2015-03-10,57.0,True,2015-01-12,canceled,2015.0,3.0,10.0,2015,1,12
722,2015-05-19,70.0,True,2015-03-10,canceled,2015.0,5.0,19.0,2015,3,10
125,,,False,2015-01-13,current,,,,2015,1,13
954,2015-03-10,55.0,True,2015-01-14,canceled,2015.0,3.0,10.0,2015,1,14
954,2015-04-02,23.0,True,2015-03-10,canceled,2015.0,4.0,2.0,2015,3,10
954,2015-01-14,65.0,True,2014-11-10,canceled,2015.0,1.0,14.0,2014,11,10
140,,,False,2015-01-14,current,,,,2015,1,14
140,2015-01-14,65.0,True,2014-11-10,canceled,2015.0,1.0,14.0,2014,11,10
1139,2015-01-16,2.0,True,2015-01-14,canceled,2015.0,1.0,16.0,2015,1,14
1139,2015-02-18,33.0,True,2015-01-16,canceled,2015.0,2.0,18.0,2015,1,16
1139,2015-01-14,64.0,True,2014-11-11,canceled,2015.0,1.0,14.0,2014,11,11
388,,,False,2015-02-03,current,,,,2015,2,3
388,2015-02-03,57.0,True,2014-12-08,canceled,2015.0,2.0,3.0,2014,12,8
147,,,False,2015-02-03,current,,,,2015,2,3
147,2015-02-03,62.0,True,2014-12-03,canceled,2015.0,2.0,3.0,2014,12,3
119,2015-04-08,64.0,True,2015-02-03,canceled,2015.0,4.0,8.0,2015,2,3
119,,,False,2015-04-08,current,,,,2015,4,8
119,2015-02-03,62.0,True,2014-12-03,canceled,2015.0,2.0,3.0,2014,12,3
97,2015-04-08,62.0,True,2015-02-05,canceled,2015.0,4.0,8.0,2015,2,5
97,,,False,2015-04-08,current,,,,2015,4,8
962,2015-02-06,1.0,True,2015-02-05,canceled,2015.0,2.0,6.0,2015,2,5
962,2014-12-05,1.0,True,2014-12-04,canceled,2014.0,12.0,5.0,2014,12,4
984,2015-03-12,35.0,True,2015-02-05,canceled,2015.0,3.0,12.0,2015,2,5
984,,,False,2015-08-13,current,,,,2015,8,13
444,2015-04-08,62.0,True,2015-02-05,canceled,2015.0,4.0,8.0,2015,2,5
444,,,False,2015-04-08,current,,,,2015,4,8
444,2014-12-06,2.0,True,2014-12-04,canceled,2014.0,12.0,6.0,2014,12,4
493,,,False,2015-02-05,current,,,,2015,2,5
435,,,False,2015-02-06,current,,,,2015,2,6
386,2015-04-08,61.0,True,2015-02-06,canceled,2015.0,4.0,8.0,2015,2,6
386,2015-06-13,66.0,True,2015-04-08,canceled,2015.0,6.0,13.0,2015,4,8
386,2015-01-17,4.0,True,2015-01-13,canceled,2015.0,1.0,17.0,2015,1,13
156,,,False,2014-11-10,current,,,,2014,11,10
649,2015-03-17,127.0,True,2014-11-10,canceled,2015.0,3.0,17.0,2014,11,10
145,,,False,2014-11-10,current,,,,2014,11,10
420,,,False,2014-11-10,current,,,,2014,11,10
582,,,False,2014-11-10,current,,,,2014,11,10
165,2015-03-17,127.0,True,2014-11-10,canceled,2015.0,3.0,17.0,2014,11,10
580,2015-07-17,249.0,True,2014-11-10,canceled,2015.0,7.0,17.0,2014,11,10
919,2015-03-17,127.0,True,2014-11-10,canceled,2015.0,3.0,17.0,2014,11,10
90,2015-03-10,120.0,True,2014-11-10,canceled,2015.0,3.0,10.0,2014,11,10
90,2015-04-01,22.0,True,2015-03-10,canceled,2015.0,4.0,1.0,2015,3,10
90,,,False,2015-04-01,current,,,,2015,4,1
864,2014-11-19,9.0,True,2014-11-10,canceled,2014.0,11.0,19.0,2014,11,10
963,2014-11-14,4.0,True,2014-11-10,canceled,2014.0,11.0,14.0,2014,11,10
328,,,False,2014-11-10,current,,,,2014,11,10
1122,2014-11-17,7.0,True,2014-11-10,canceled,2014.0,11.0,17.0,2014,11,10
626,2014-11-19,9.0,True,2014-11-10,canceled,2014.0,11.0,19.0,2014,11,10
626,2015-05-11,68.0,True,2015-03-04,canceled,2015.0,5.0,11.0,2015,3,4
1238,2014-11-10,0.0,True,2014-11-10,canceled,2014.0,11.0,10.0,2014,11,10
1117,2015-01-15,65.0,True,2014-11-11,canceled,2015.0,1.0,15.0,2014,11,11
187,2015-04-19,158.0,True,2014-11-12,canceled,2015.0,4.0,19.0,2014,11,12
617,,,False,2014-11-12,current,,,,2014,11,12
547,2015-08-16,194.0,True,2015-02-03,canceled,2015.0,8.0,16.0,2015,2,3
547,2015-02-03,56.0,True,2014-12-09,canceled,2015.0,2.0,3.0,2014,12,9
159,2015-02-12,7.0,True,2015-02-05,canceled,2015.0,2.0,12.0,2015,2,5
159,2015-02-03,56.0,True,2014-12-09,canceled,2015.0,2.0,3.0,2014,12,9
159,,,False,2015-02-12,current,,,,2015,2,12
561,,,False,2015-02-05,current,,,,2015,2,5
1226,2015-04-08,62.0,True,2015-02-05,canceled,2015.0,4.0,8.0,2015,2,5
1226,2015-05-12,34.0,True,2015-04-08,canceled,2015.0,5.0,12.0,2015,4,8
352,,,False,2015-02-05,current,,,,2015,2,5
374,,,False,2015-02-06,current,,,,2015,2,6
857,2015-04-08,61.0,True,2015-02-06,canceled,2015.0,4.0,8.0,2015,2,6
857,,,False,2015-04-08,current,,,,2015,4,8
1044,2015-02-08,0.0,True,2015-02-08,canceled,2015.0,2.0,8.0,2015,2,8
143,2015-06-16,127.0,True,2015-02-09,canceled,2015.0,6.0,16.0,2015,2,9
138,2015-04-08,57.0,True,2015-02-10,canceled,2015.0,4.0,8.0,2015,2,10
138,,,False,2015-04-08,current,,,,2015,4,8
952,2015-03-18,35.0,True,2015-02-11,canceled,2015.0,3.0,18.0,2015,2,11
716,2015-02-15,4.0,True,2015-02-11,canceled,2015.0,2.0,15.0,2015,2,11
1233,2015-02-16,5.0,True,2015-02-11,canceled,2015.0,2.0,16.0,2015,2,11
416,2015-02-16,5.0,True,2015-02-11,canceled,2015.0,2.0,16.0,2015,2,11
416,2015-07-15,98.0,True,2015-04-08,canceled,2015.0,7.0,15.0,2015,4,8
477,2015-07-11,129.0,True,2015-03-04,canceled,2015.0,7.0,11.0,2015,3,4
132,2015-06-11,99.0,True,2015-03-04,canceled,2015.0,6.0,11.0,2015,3,4
624,2015-06-26,114.0,True,2015-03-04,canceled,2015.0,6.0,26.0,2015,3,4
50,,,False,2015-03-04,current,,,,2015,3,4
1297,2015-03-09,5.0,True,2015-03-04,canceled,2015.0,3.0,9.0,2015,3,4
1297,2015-02-08,3.0,True,2015-02-05,canceled,2015.0,2.0,8.0,2015,2,5
749,2015-03-05,0.0,True,2015-03-05,canceled,2015.0,3.0,5.0,2015,3,5
1247,2015-04-12,38.0,True,2015-03-05,canceled,2015.0,4.0,12.0,2015,3,5
607,,,False,2015-03-05,current,,,,2015,3,5
971,2015-02-08,2.0,True,2015-02-06,canceled,2015.0,2.0,8.0,2015,2,6
251,2015-04-08,61.0,True,2015-02-06,canceled,2015.0,4.0,8.0,2015,2,6
251,,,False,2015-04-08,current,,,,2015,4,8
709,2015-03-15,35.0,True,2015-02-08,canceled,2015.0,3.0,15.0,2015,2,8
564,2015-04-08,59.0,True,2015-02-08,canceled,2015.0,4.0,8.0,2015,2,8
564,,,False,2015-04-08,current,,,,2015,4,8
741,2015-02-15,6.0,True,2015-02-09,canceled,2015.0,2.0,15.0,2015,2,9
70,,,False,2015-02-09,current,,,,2015,2,9
792,2015-06-16,127.0,True,2015-02-09,canceled,2015.0,6.0,16.0,2015,2,9
494,,,False,2015-02-09,current,,,,2015,2,9
494,2014-11-17,7.0,True,2014-11-10,canceled,2014.0,11.0,17.0,2014,11,10
833,2015-03-03,22.0,True,2015-02-09,canceled,2015.0,3.0,3.0,2015,2,9
603,,,False,2015-02-09,current,,,,2015,2,9
307,,,False,2015-02-10,current,,,,2015,2,10
337,,,False,2015-02-10,current,,,,2015,2,10
823,2015-04-08,57.0,True,2015-02-10,canceled,2015.0,4.0,8.0,2015,2,10
823,2015-05-17,39.0,True,2015-04-08,canceled,2015.0,5.0,17.0,2015,4,8
30,,,False,2015-02-10,current,,,,2015,2,10
82,,,False,2015-03-05,current,,,,2015,3,5
348,,,False,2015-03-05,current,,,,2015,3,5
348,2015-02-27,22.0,True,2015-02-05,canceled,2015.0,2.0,27.0,2015,2,5
1097,2015-03-11,6.0,True,2015-03-05,canceled,2015.0,3.0,11.0,2015,3,5
139,,,False,2015-03-06,current,,,,2015,3,6
1129,2015-03-07,0.0,True,2015-03-07,canceled,2015.0,3.0,7.0,2015,3,7
1129,2015-02-11,0.0,True,2015-02-11,canceled,2015.0,2.0,11.0,2015,2,11
185,2015-03-10,118.0,True,2014-11-12,canceled,2015.0,3.0,10.0,2014,11,12
185,2015-04-01,22.0,True,2015-03-10,canceled,2015.0,4.0,1.0,2015,3,10
185,,,False,2015-04-01,current,,,,2015,4,1
281,,,False,2014-11-14,current,,,,2014,11,14
855,2014-12-21,37.0,True,2014-11-14,canceled,2014.0,12.0,21.0,2014,11,14
683,2014-11-15,1.0,True,2014-11-14,canceled,2014.0,11.0,15.0,2014,11,14
1041,2014-11-21,6.0,True,2014-11-15,canceled,2014.0,11.0,21.0,2014,11,15
908,2014-11-16,1.0,True,2014-11-15,canceled,2014.0,11.0,16.0,2014,11,15
191,2015-03-10,114.0,True,2014-11-16,canceled,2015.0,3.0,10.0,2014,11,16
191,,,False,2015-03-10,current,,,,2015,3,10
261,2015-02-23,99.0,True,2014-11-16,canceled,2015.0,2.0,23.0,2014,11,16
1017,2014-11-20,4.0,True,2014-11-16,canceled,2014.0,11.0,20.0,2014,11,16
415,2015-03-10,114.0,True,2014-11-16,canceled,2015.0,3.0,10.0,2014,11,16
415,,,False,2015-03-10,current,,,,2015,3,10
868,2014-12-08,22.0,True,2014-11-16,canceled,2014.0,12.0,8.0,2014,11,16
935,2014-11-23,7.0,True,2014-11-16,canceled,2014.0,11.0,23.0,2014,11,16
719,2014-11-25,8.0,True,2014-11-17,canceled,2014.0,11.0,25.0,2014,11,17
974,2014-12-12,4.0,True,2014-12-08,canceled,2014.0,12.0,12.0,2014,12,8
668,2014-12-15,6.0,True,2014-12-09,canceled,2014.0,12.0,15.0,2014,12,9
668,2015-01-20,7.0,True,2015-01-13,canceled,2015.0,1.0,20.0,2015,1,13
1180,2014-12-13,4.0,True,2014-12-09,canceled,2014.0,12.0,13.0,2014,12,9
1027,2014-12-13,4.0,True,2014-12-09,canceled,2014.0,12.0,13.0,2014,12,9
836,2015-01-16,38.0,True,2014-12-09,canceled,2015.0,1.0,16.0,2014,12,9
836,,,False,2015-07-16,current,,,,2015,7,16
319,,,False,2014-12-30,current,,,,2014,12,30
108,2015-04-20,103.0,True,2015-01-07,canceled,2015.0,4.0,20.0,2015,1,7
108,2015-05-14,24.0,True,2015-04-20,canceled,2015.0,5.0,14.0,2015,4,20
285,2015-03-10,62.0,True,2015-01-07,canceled,2015.0,3.0,10.0,2015,1,7
285,,,False,2015-03-10,current,,,,2015,3,10
1008,2015-01-14,7.0,True,2015-01-07,canceled,2015.0,1.0,14.0,2015,1,7
71,2015-01-13,6.0,True,2015-01-07,canceled,2015.0,1.0,13.0,2015,1,7
71,2015-02-18,7.0,True,2015-02-11,canceled,2015.0,2.0,18.0,2015,2,11
71,,,False,2015-04-07,current,,,,2015,4,7
1073,,,False,2015-01-07,current,,,,2015,1,7
842,2015-01-09,2.0,True,2015-01-07,canceled,2015.0,1.0,9.0,2015,1,7
421,,,False,2015-01-08,current,,,,2015,1,8
698,2015-02-15,38.0,True,2015-01-08,canceled,2015.0,2.0,15.0,2015,1,8
9,,,False,2015-01-08,current,,,,2015,1,8
144,2015-01-10,1.0,True,2015-01-09,canceled,2015.0,1.0,10.0,2015,1,9
144,,,False,2015-03-06,current,,,,2015,3,6
427,2015-06-16,158.0,True,2015-01-09,canceled,2015.0,6.0,16.0,2015,1,9
1212,2015-02-01,22.0,True,2015-01-10,canceled,2015.0,2.0,1.0,2015,1,10
1212,2015-07-27,8.0,True,2015-07-19,canceled,2015.0,7.0,27.0,2015,7,19
1140,2015-02-17,38.0,True,2015-01-10,canceled,2015.0,2.0,17.0,2015,1,10
344,,,False,2015-01-11,current,,,,2015,1,11
517,,,False,2015-03-06,current,,,,2015,3,6
703,2015-03-09,3.0,True,2015-03-06,canceled,2015.0,3.0,9.0,2015,3,6
505,2015-05-14,68.0,True,2015-03-07,canceled,2015.0,5.0,14.0,2015,3,7
171,2015-06-15,99.0,True,2015-03-08,canceled,2015.0,6.0,15.0,2015,3,8
586,,,False,2015-03-10,current,,,,2015,3,10
492,,,False,2015-03-10,current,,,,2015,3,10
1102,2015-04-08,29.0,True,2015-03-10,canceled,2015.0,4.0,8.0,2015,3,10
1102,2015-03-10,61.0,True,2015-01-08,canceled,2015.0,3.0,10.0,2015,1,8
1102,2015-06-15,68.0,True,2015-04-08,canceled,2015.0,6.0,15.0,2015,4,8
1287,2015-05-20,71.0,True,2015-03-10,canceled,2015.0,5.0,20.0,2015,3,10
1287,2015-03-10,56.0,True,2015-01-13,canceled,2015.0,3.0,10.0,2015,1,13
1254,2015-03-17,7.0,True,2015-03-10,canceled,2015.0,3.0,17.0,2015,3,10
1254,2015-03-10,59.0,True,2015-01-10,canceled,2015.0,3.0,10.0,2015,1,10
1259,,,False,2015-03-10,current,,,,2015,3,10
1259,2015-03-10,56.0,True,2015-01-13,canceled,2015.0,3.0,10.0,2015,1,13
1128,2015-06-18,99.0,True,2015-03-11,canceled,2015.0,6.0,18.0,2015,3,11
149,,,False,2015-03-11,current,,,,2015,3,11
78,,,False,2015-04-01,current,,,,2015,4,1
78,2015-04-01,114.0,True,2014-12-08,canceled,2015.0,4.0,1.0,2014,12,8
558,,,False,2015-04-01,current,,,,2015,4,1
558,2015-04-01,119.0,True,2014-12-03,canceled,2015.0,4.0,1.0,2014,12,3
153,2015-07-14,104.0,True,2015-04-01,canceled,2015.0,7.0,14.0,2015,4,1
153,2015-04-01,115.0,True,2014-12-07,canceled,2015.0,4.0,1.0,2014,12,7
473,2015-04-15,14.0,True,2015-04-01,canceled,2015.0,4.0,15.0,2015,4,1
473,2015-04-01,114.0,True,2014-12-08,canceled,2015.0,4.0,1.0,2014,12,8
246,,,False,2015-04-01,current,,,,2015,4,1
455,,,False,2015-04-01,current,,,,2015,4,1
1294,2015-03-16,6.0,True,2015-03-10,canceled,2015.0,3.0,16.0,2015,3,10
1294,2015-04-09,1.0,True,2015-04-08,canceled,2015.0,4.0,9.0,2015,4,8
106,,,False,2015-03-10,current,,,,2015,3,10
106,2015-03-10,119.0,True,2014-11-11,canceled,2015.0,3.0,10.0,2014,11,11
74,2015-04-01,22.0,True,2015-03-10,canceled,2015.0,4.0,1.0,2015,3,10
74,2015-04-23,22.0,True,2015-04-01,canceled,2015.0,4.0,23.0,2015,4,1
74,2015-03-10,115.0,True,2014-11-15,canceled,2015.0,3.0,10.0,2014,11,15
591,2015-04-01,22.0,True,2015-03-10,canceled,2015.0,4.0,1.0,2015,3,10
591,,,False,2015-04-01,current,,,,2015,4,1
591,2015-03-10,118.0,True,2014-11-12,canceled,2015.0,3.0,10.0,2014,11,12
419,2015-08-08,151.0,True,2015-03-10,canceled,2015.0,8.0,8.0,2015,3,10
419,2015-03-10,113.0,True,2014-11-17,canceled,2015.0,3.0,10.0,2014,11,17
31,,,False,2015-03-10,current,,,,2015,3,10
31,2015-03-10,120.0,True,2014-11-10,canceled,2015.0,3.0,10.0,2014,11,10
69,2015-05-24,75.0,True,2015-03-10,canceled,2015.0,5.0,24.0,2015,3,10
69,2015-03-10,113.0,True,2014-11-17,canceled,2015.0,3.0,10.0,2014,11,17
906,,,False,2015-03-10,current,,,,2015,3,10
906,2015-03-10,113.0,True,2014-11-17,canceled,2015.0,3.0,10.0,2014,11,17
601,,,False,2015-03-10,current,,,,2015,3,10
601,2015-03-10,120.0,True,2014-11-10,canceled,2015.0,3.0,10.0,2014,11,10
321,2015-07-07,119.0,True,2015-03-10,canceled,2015.0,7.0,7.0,2015,3,10
321,,,False,2015-07-09,current,,,,2015,7,9
321,2015-03-10,115.0,True,2014-11-15,canceled,2015.0,3.0,10.0,2014,11,15
99,2015-08-20,163.0,True,2015-03-10,canceled,2015.0,8.0,20.0,2015,3,10
99,2015-03-10,56.0,True,2015-01-13,canceled,2015.0,3.0,10.0,2015,1,13
1103,2015-07-20,132.0,True,2015-03-10,canceled,2015.0,7.0,20.0,2015,3,10
1103,2015-03-10,56.0,True,2015-01-13,canceled,2015.0,3.0,10.0,2015,1,13
685,2015-03-17,7.0,True,2015-03-10,canceled,2015.0,3.0,17.0,2015,3,10
1066,2015-05-02,53.0,True,2015-03-10,canceled,2015.0,5.0,2.0,2015,3,10
659,2015-03-15,5.0,True,2015-03-10,canceled,2015.0,3.0,15.0,2015,3,10
571,,,False,2015-04-01,current,,,,2015,4,1
571,2015-04-01,114.0,True,2014-12-08,canceled,2015.0,4.0,1.0,2014,12,8
426,2015-04-02,1.0,True,2015-04-01,canceled,2015.0,4.0,2.0,2015,4,1
426,2015-08-14,99.0,True,2015-05-07,canceled,2015.0,8.0,14.0,2015,5,7
1267,,,False,2015-04-02,current,,,,2015,4,2
392,,,False,2015-04-02,current,,,,2015,4,2
98,2015-07-09,98.0,True,2015-04-02,canceled,2015.0,7.0,9.0,2015,4,2
578,,,False,2015-04-02,current,,,,2015,4,2
86,,,False,2015-04-02,current,,,,2015,4,2
158,,,False,2015-04-04,current,,,,2015,4,4
1193,2015-04-07,3.0,True,2015-04-04,canceled,2015.0,4.0,7.0,2015,4,4
757,2015-02-18,38.0,True,2015-01-11,canceled,2015.0,2.0,18.0,2015,1,11
151,2015-04-02,81.0,True,2015-01-11,canceled,2015.0,4.0,2.0,2015,1,11
642,,,False,2015-01-11,current,,,,2015,1,11
534,2015-04-19,97.0,True,2015-01-12,canceled,2015.0,4.0,19.0,2015,1,12
214,,,False,2015-01-12,current,,,,2015,1,12
597,2015-07-19,188.0,True,2015-01-12,canceled,2015.0,7.0,19.0,2015,1,12
1242,2015-03-10,57.0,True,2015-01-12,canceled,2015.0,3.0,10.0,2015,1,12
1242,,,False,2015-03-10,current,,,,2015,3,10
732,2015-05-19,127.0,True,2015-01-12,canceled,2015.0,5.0,19.0,2015,1,12
168,2015-01-19,7.0,True,2015-01-12,canceled,2015.0,1.0,19.0,2015,1,12
168,2015-04-08,62.0,True,2015-02-05,canceled,2015.0,4.0,8.0,2015,2,5
168,,,False,2015-04-08,current,,,,2015,4,8
657,2015-03-10,56.0,True,2015-01-13,canceled,2015.0,3.0,10.0,2015,1,13
657,2015-03-20,10.0,True,2015-03-10,canceled,2015.0,3.0,20.0,2015,3,10
152,,,False,2014-11-17,current,,,,2014,11,17
1166,2014-12-10,7.0,True,2014-12-03,canceled,2014.0,12.0,10.0,2014,12,3
539,,,False,2014-12-03,current,,,,2014,12,3
1132,2014-12-08,5.0,True,2014-12-03,canceled,2014.0,12.0,8.0,2014,12,3
959,2014-12-08,5.0,True,2014-12-03,canceled,2014.0,12.0,8.0,2014,12,3
831,2015-01-10,38.0,True,2014-12-03,canceled,2015.0,1.0,10.0,2014,12,3
1015,2015-02-03,62.0,True,2014-12-03,canceled,2015.0,2.0,3.0,2014,12,3
1251,,,False,2014-12-05,current,,,,2014,12,5
613,,,False,2014-12-05,current,,,,2014,12,5
1245,2014-12-09,4.0,True,2014-12-05,canceled,2014.0,12.0,9.0,2014,12,5
611,2015-01-15,38.0,True,2014-12-08,canceled,2015.0,1.0,15.0,2014,12,8
453,,,False,2014-12-08,current,,,,2014,12,8
62,2015-07-15,219.0,True,2014-12-08,canceled,2015.0,7.0,15.0,2014,12,8
380,,,False,2014-12-08,current,,,,2014,12,8
697,2015-01-15,38.0,True,2014-12-08,canceled,2015.0,1.0,15.0,2014,12,8
43,2015-03-30,112.0,True,2014-12-08,canceled,2015.0,3.0,30.0,2014,12,8
451,,,False,2015-04-01,current,,,,2015,4,1
1037,2015-04-04,2.0,True,2015-04-02,canceled,2015.0,4.0,4.0,2015,4,2
625,,,False,2015-04-02,current,,,,2015,4,2
769,2015-04-25,22.0,True,2015-04-03,canceled,2015.0,4.0,25.0,2015,4,3
1301,2015-04-04,1.0,True,2015-04-03,canceled,2015.0,4.0,4.0,2015,4,3
1123,2015-05-10,37.0,True,2015-04-03,canceled,2015.0,5.0,10.0,2015,4,3
1154,,,False,2015-04-05,current,,,,2015,4,5
853,2015-04-06,0.0,True,2015-04-06,canceled,2015.0,4.0,6.0,2015,4,6
853,,,False,2015-07-17,current,,,,2015,7,17
918,2015-05-28,52.0,True,2015-04-06,canceled,2015.0,5.0,28.0,2015,4,6
1248,2015-05-13,37.0,True,2015-04-06,canceled,2015.0,5.0,13.0,2015,4,6
1189,2015-05-14,37.0,True,2015-04-07,canceled,2015.0,5.0,14.0,2015,4,7
1285,2015-05-14,37.0,True,2015-04-07,canceled,2015.0,5.0,14.0,2015,4,7
1296,2015-04-14,7.0,True,2015-04-07,canceled,2015.0,4.0,14.0,2015,4,7
1296,2015-04-15,0.0,True,2015-04-15,canceled,2015.0,4.0,15.0,2015,4,15
1296,2015-04-07,1.0,True,2015-04-06,canceled,2015.0,4.0,7.0,2015,4,6
844,2015-04-16,9.0,True,2015-04-07,canceled,2015.0,4.0,16.0,2015,4,7
844,2015-05-12,6.0,True,2015-05-06,canceled,2015.0,5.0,12.0,2015,5,6
690,,,False,2015-04-08,current,,,,2015,4,8
690,2015-04-08,62.0,True,2015-02-05,canceled,2015.0,4.0,8.0,2015,2,5
424,,,False,2015-04-06,current,,,,2015,4,6
926,2015-04-06,0.0,True,2015-04-06,canceled,2015.0,4.0,6.0,2015,4,6
379,,,False,2015-04-07,current,,,,2015,4,7
379,2015-01-12,0.0,True,2015-01-12,canceled,2015.0,1.0,12.0,2015,1,12
1138,2015-04-12,5.0,True,2015-04-07,canceled,2015.0,4.0,12.0,2015,4,7
641,2015-06-14,68.0,True,2015-04-07,canceled,2015.0,6.0,14.0,2015,4,7
641,2014-12-15,6.0,True,2014-12-09,canceled,2014.0,12.0,15.0,2014,12,9
404,2015-04-08,1.0,True,2015-04-07,canceled,2015.0,4.0,8.0,2015,4,7
404,2015-08-17,131.0,True,2015-04-08,canceled,2015.0,8.0,17.0,2015,4,8
105,2015-05-14,37.0,True,2015-04-07,canceled,2015.0,5.0,14.0,2015,4,7
395,,,False,2015-04-08,current,,,,2015,4,8
1299,,,False,2015-04-08,current,,,,2015,4,8
1299,2015-04-08,62.0,True,2015-02-05,canceled,2015.0,4.0,8.0,2015,2,5
589,,,False,2015-04-08,current,,,,2015,4,8
589,2015-04-08,62.0,True,2015-02-05,canceled,2015.0,4.0,8.0,2015,2,5
793,2015-04-17,9.0,True,2015-04-08,canceled,2015.0,4.0,17.0,2015,4,8
793,2015-04-08,57.0,True,2015-02-10,canceled,2015.0,4.0,8.0,2015,2,10
433,,,False,2015-04-08,current,,,,2015,4,8
677,2015-04-14,6.0,True,2015-04-08,canceled,2015.0,4.0,14.0,2015,4,8
243,2015-04-15,6.0,True,2015-04-09,canceled,2015.0,4.0,15.0,2015,4,9
243,2015-01-23,68.0,True,2014-11-16,canceled,2015.0,1.0,23.0,2014,11,16
555,,,False,2015-04-09,current,,,,2015,4,9
1104,2015-04-17,7.0,True,2015-04-10,canceled,2015.0,4.0,17.0,2015,4,10
676,,,False,2015-04-13,current,,,,2015,4,13
127,,,False,2015-04-24,current,,,,2015,4,24
201,,,False,2015-04-24,current,,,,2015,4,24
396,,,False,2015-04-24,current,,,,2015,4,24
267,,,False,2015-04-24,current,,,,2015,4,24
240,,,False,2015-04-24,current,,,,2015,4,24
894,2015-05-12,6.0,True,2015-05-06,canceled,2015.0,5.0,12.0,2015,5,6
647,,,False,2015-05-06,current,,,,2015,5,6
1163,2015-06-13,38.0,True,2015-05-06,canceled,2015.0,6.0,13.0,2015,5,6
948,2015-06-22,47.0,True,2015-05-06,canceled,2015.0,6.0,22.0,2015,5,6
1202,2015-06-14,38.0,True,2015-05-07,canceled,2015.0,6.0,14.0,2015,5,7
559,,,False,2015-05-07,current,,,,2015,5,7
476,,,False,2015-05-08,current,,,,2015,5,8
970,2015-05-14,6.0,True,2015-05-08,canceled,2015.0,5.0,14.0,2015,5,8
970,2015-07-23,6.0,True,2015-07-17,canceled,2015.0,7.0,23.0,2015,7,17
711,2015-05-08,0.0,True,2015-05-08,canceled,2015.0,5.0,8.0,2015,5,8
790,2014-12-15,6.0,True,2014-12-09,canceled,2014.0,12.0,15.0,2014,12,9
867,2014-12-31,22.0,True,2014-12-09,canceled,2014.0,12.0,31.0,2014,12,9
516,2014-12-11,2.0,True,2014-12-09,canceled,2014.0,12.0,11.0,2014,12,9
516,,,False,2015-05-11,current,,,,2015,5,11
1292,2015-05-14,127.0,True,2015-01-07,canceled,2015.0,5.0,14.0,2015,1,7
77,,,False,2015-01-07,current,,,,2015,1,7
56,,,False,2015-01-07,current,,,,2015,1,7
93,2015-04-14,97.0,True,2015-01-07,canceled,2015.0,4.0,14.0,2015,1,7
207,,,False,2015-01-07,current,,,,2015,1,7
103,,,False,2015-01-07,current,,,,2015,1,7
460,2015-05-05,118.0,True,2015-01-07,canceled,2015.0,5.0,5.0,2015,1,7
460,,,False,2015-05-07,current,,,,2015,5,7
610,2015-03-14,66.0,True,2015-01-07,canceled,2015.0,3.0,14.0,2015,1,7
446,,,False,2015-01-07,current,,,,2015,1,7
232,,,False,2015-01-08,current,,,,2015,1,8
670,2015-04-15,97.0,True,2015-01-08,canceled,2015.0,4.0,15.0,2015,1,8
1134,2015-01-09,1.0,True,2015-01-08,canceled,2015.0,1.0,9.0,2015,1,8
515,,,False,2015-01-08,current,,,,2015,1,8
803,2015-01-08,0.0,True,2015-01-08,canceled,2015.0,1.0,8.0,2015,1,8
1141,2015-01-15,6.0,True,2015-01-09,canceled,2015.0,1.0,15.0,2015,1,9
59,,,False,2015-01-10,current,,,,2015,1,10
900,2015-02-17,38.0,True,2015-01-10,canceled,2015.0,2.0,17.0,2015,1,10
900,,,False,2015-05-11,current,,,,2015,5,11
774,2015-01-15,4.0,True,2015-01-11,canceled,2015.0,1.0,15.0,2015,1,11
1053,2015-03-18,66.0,True,2015-01-11,canceled,2015.0,3.0,18.0,2015,1,11
357,,,False,2015-01-11,current,,,,2015,1,11
934,2015-02-18,38.0,True,2015-01-11,canceled,2015.0,2.0,18.0,2015,1,11
746,2015-03-12,35.0,True,2015-02-05,canceled,2015.0,3.0,12.0,2015,2,5
279,2015-04-08,62.0,True,2015-02-05,canceled,2015.0,4.0,8.0,2015,2,5
279,,,False,2015-04-08,current,,,,2015,4,8
136,2015-04-08,62.0,True,2015-02-05,canceled,2015.0,4.0,8.0,2015,2,5
136,,,False,2015-04-08,current,,,,2015,4,8
1092,2015-02-09,4.0,True,2015-02-05,canceled,2015.0,2.0,9.0,2015,2,5
799,2015-02-06,0.0,True,2015-02-06,canceled,2015.0,2.0,6.0,2015,2,6
1042,2015-02-28,22.0,True,2015-02-06,canceled,2015.0,2.0,28.0,2015,2,6
1042,2015-06-19,22.0,True,2015-05-28,canceled,2015.0,6.0,19.0,2015,5,28
789,2015-02-06,0.0,True,2015-02-06,canceled,2015.0,2.0,6.0,2015,2,6
413,2015-05-13,96.0,True,2015-02-06,canceled,2015.0,5.0,13.0,2015,2,6
738,2015-02-13,6.0,True,2015-02-07,canceled,2015.0,2.0,13.0,2015,2,7
306,2015-04-08,59.0,True,2015-02-08,canceled,2015.0,4.0,8.0,2015,2,8
306,,,False,2015-04-08,current,,,,2015,4,8
436,,,False,2015-02-08,current,,,,2015,2,8
35,,,False,2015-02-08,current,,,,2015,2,8
463,,,False,2015-02-09,current,,,,2015,2,9
1105,2015-02-13,4.0,True,2015-02-09,canceled,2015.0,2.0,13.0,2015,2,9
284,2015-04-08,58.0,True,2015-02-09,canceled,2015.0,4.0,8.0,2015,2,9
284,,,False,2015-04-08,current,,,,2015,4,8
521,2015-04-08,58.0,True,2015-02-09,canceled,2015.0,4.0,8.0,2015,2,9
521,2015-07-16,99.0,True,2015-04-08,canceled,2015.0,7.0,16.0,2015,4,8
1229,2015-02-12,3.0,True,2015-02-09,canceled,2015.0,2.0,12.0,2015,2,9
1049,2015-03-04,22.0,True,2015-02-10,canceled,2015.0,3.0,4.0,2015,2,10
1198,2015-02-15,4.0,True,2015-02-11,canceled,2015.0,2.0,15.0,2015,2,11
1198,2015-04-11,38.0,True,2015-03-04,canceled,2015.0,4.0,11.0,2015,3,4
720,2015-04-11,38.0,True,2015-03-04,canceled,2015.0,4.0,11.0,2015,3,4
239,,,False,2015-03-04,current,,,,2015,3,4
819,2015-03-04,0.0,True,2015-03-04,canceled,2015.0,3.0,4.0,2015,3,4
819,2015-03-04,0.0,True,2015-03-04,canceled,2015.0,3.0,4.0,2015,3,4
958,2015-06-07,95.0,True,2015-03-04,canceled,2015.0,6.0,7.0,2015,3,4
718,2015-06-19,42.0,True,2015-05-08,canceled,2015.0,6.0,19.0,2015,5,8
475,,,False,2015-05-09,current,,,,2015,5,9
276,,,False,2015-05-10,current,,,,2015,5,10
608,,,False,2015-05-10,current,,,,2015,5,10
293,2015-08-17,99.0,True,2015-05-10,canceled,2015.0,8.0,17.0,2015,5,10
341,,,False,2015-05-10,current,,,,2015,5,10
501,,,False,2015-05-11,current,,,,2015,5,11
858,2015-07-19,68.0,True,2015-05-12,canceled,2015.0,7.0,19.0,2015,5,12
713,2015-07-04,53.0,True,2015-05-12,canceled,2015.0,7.0,4.0,2015,5,12
1040,2015-06-19,38.0,True,2015-05-12,canceled,2015.0,6.0,19.0,2015,5,12
1040,2014-11-17,6.0,True,2014-11-11,canceled,2014.0,11.0,17.0,2014,11,11
1305,2015-06-19,38.0,True,2015-05-12,canceled,2015.0,6.0,19.0,2015,5,12
1091,2015-05-18,6.0,True,2015-05-12,canceled,2015.0,5.0,18.0,2015,5,12
1192,2015-05-17,5.0,True,2015-05-12,canceled,2015.0,5.0,17.0,2015,5,12
25,,,False,2015-05-12,current,,,,2015,5,12
25,2015-02-18,99.0,True,2014-11-11,canceled,2015.0,2.0,18.0,2014,11,11
674,,,False,2015-05-12,current,,,,2015,5,12
734,2015-05-17,4.0,True,2015-05-13,canceled,2015.0,5.0,17.0,2015,5,13
988,2015-07-20,68.0,True,2015-05-13,canceled,2015.0,7.0,20.0,2015,5,13
771,,,False,2015-05-13,current,,,,2015,5,13
771,2014-12-15,6.0,True,2014-12-09,canceled,2014.0,12.0,15.0,2014,12,9
1016,2015-05-19,6.0,True,2015-05-13,canceled,2015.0,5.0,19.0,2015,5,13
877,2015-06-04,22.0,True,2015-05-13,canceled,2015.0,6.0,4.0,2015,5,13
63,,,False,2015-05-28,current,,,,2015,5,28
481,,,False,2015-05-28,current,,,,2015,5,28
902,2015-05-29,0.0,True,2015-05-29,canceled,2015.0,5.0,29.0,2015,5,29
996,2015-05-29,0.0,True,2015-05-29,canceled,2015.0,5.0,29.0,2015,5,29
42,,,False,2015-05-30,current,,,,2015,5,30
42,2015-05-11,68.0,True,2015-03-04,canceled,2015.0,5.0,11.0,2015,3,4
939,,,False,2015-04-24,current,,,,2015,4,24
11,,,False,2015-04-24,current,,,,2015,4,24
262,,,False,2015-04-24,current,,,,2015,4,24
167,,,False,2015-04-24,current,,,,2015,4,24
302,,,False,2015-04-24,current,,,,2015,4,24
551,,,False,2015-04-24,current,,,,2015,4,24
609,,,False,2015-04-24,current,,,,2015,4,24
109,,,False,2015-05-06,current,,,,2015,5,6
211,,,False,2015-05-06,current,,,,2015,5,6
274,,,False,2015-05-06,current,,,,2015,5,6
704,2015-07-13,68.0,True,2015-05-06,canceled,2015.0,7.0,13.0,2015,5,6
407,2015-08-13,99.0,True,2015-05-06,canceled,2015.0,8.0,13.0,2015,5,6
360,,,False,2015-05-06,current,,,,2015,5,6
540,,,False,2015-05-08,current,,,,2015,5,8
1173,,,False,2015-05-08,current,,,,2015,5,8
886,2015-05-13,5.0,True,2015-05-08,canceled,2015.0,5.0,13.0,2015,5,8
112,,,False,2015-05-08,current,,,,2015,5,8
479,,,False,2015-05-09,current,,,,2015,5,9
1275,2015-05-11,2.0,True,2015-05-09,canceled,2015.0,5.0,11.0,2015,5,9
237,,,False,2015-05-10,current,,,,2015,5,10
487,,,False,2015-05-10,current,,,,2015,5,10
304,,,False,2015-05-10,current,,,,2015,5,10
330,,,False,2015-05-10,current,,,,2015,5,10
1250,,,False,2015-05-11,current,,,,2015,5,11
27,,,False,2015-05-11,current,,,,2015,5,11
1064,2015-05-12,1.0,True,2015-05-11,canceled,2015.0,5.0,12.0,2015,5,11
714,2015-05-14,3.0,True,2015-05-11,canceled,2015.0,5.0,14.0,2015,5,11
714,2015-07-12,3.0,True,2015-07-09,canceled,2015.0,7.0,12.0,2015,7,9
260,,,False,2015-05-11,current,,,,2015,5,11
511,,,False,2015-05-11,current,,,,2015,5,11
1029,2015-07-04,53.0,True,2015-05-12,canceled,2015.0,7.0,4.0,2015,5,12
399,,,False,2015-05-12,current,,,,2015,5,12
977,,,False,2015-05-12,current,,,,2015,5,12
556,,,False,2015-05-12,current,,,,2015,5,12
1265,,,False,2015-05-12,current,,,,2015,5,12
1265,2015-04-14,6.0,True,2015-04-08,canceled,2015.0,4.0,14.0,2015,4,8
252,,,False,2015-05-12,current,,,,2015,5,12
1213,2015-01-12,0.0,True,2015-01-12,canceled,2015.0,1.0,12.0,2015,1,12
991,2015-01-18,6.0,True,2015-01-12,canceled,2015.0,1.0,18.0,2015,1,12
733,2015-01-12,0.0,True,2015-01-12,canceled,2015.0,1.0,12.0,2015,1,12
1240,2015-01-19,7.0,True,2015-01-12,canceled,2015.0,1.0,19.0,2015,1,12
1195,2015-01-16,3.0,True,2015-01-13,canceled,2015.0,1.0,16.0,2015,1,13
945,2015-01-17,4.0,True,2015-01-13,canceled,2015.0,1.0,17.0,2015,1,13
100,,,False,2015-02-05,current,,,,2015,2,5
313,,,False,2015-02-05,current,,,,2015,2,5
465,2015-08-12,188.0,True,2015-02-05,canceled,2015.0,8.0,12.0,2015,2,5
615,,,False,2015-03-05,current,,,,2015,3,5
372,,,False,2015-03-06,current,,,,2015,3,6
614,,,False,2015-03-06,current,,,,2015,3,6
1045,2015-03-12,6.0,True,2015-03-06,canceled,2015.0,3.0,12.0,2015,3,6
208,2015-06-15,99.0,True,2015-03-08,canceled,2015.0,6.0,15.0,2015,3,8
944,2015-03-12,2.0,True,2015-03-10,canceled,2015.0,3.0,12.0,2015,3,10
652,,,False,2015-03-10,current,,,,2015,3,10
1168,2015-03-16,6.0,True,2015-03-10,canceled,2015.0,3.0,16.0,2015,3,10
1260,2015-05-18,68.0,True,2015-03-11,canceled,2015.0,5.0,18.0,2015,3,11
1194,2015-07-08,119.0,True,2015-03-11,canceled,2015.0,7.0,8.0,2015,3,11
361,2015-06-20,38.0,True,2015-05-13,canceled,2015.0,6.0,20.0,2015,5,13
1185,,,False,2015-05-13,current,,,,2015,5,13
490,,,False,2015-05-13,current,,,,2015,5,13
365,,,False,2015-05-13,current,,,,2015,5,13
1237,2015-05-28,0.0,True,2015-05-28,canceled,2015.0,5.0,28.0,2015,5,28
220,,,False,2015-05-29,current,,,,2015,5,29
220,2015-05-29,52.0,True,2015-04-07,canceled,2015.0,5.0,29.0,2015,4,7
124,,,False,2015-05-31,current,,,,2015,5,31
814,2015-06-07,5.0,True,2015-06-02,canceled,2015.0,6.0,7.0,2015,6,2
496,,,False,2015-06-03,current,,,,2015,6,3
405,,,False,2015-06-04,current,,,,2015,6,4
405,2015-06-04,1.0,True,2015-06-03,canceled,2015.0,6.0,4.0,2015,6,3
452,,,False,2015-06-04,current,,,,2015,6,4
318,,,False,2015-06-05,current,,,,2015,6,5
266,,,False,2015-06-06,current,,,,2015,6,6
219,,,False,2015-06-06,current,,,,2015,6,6
83,,,False,2015-06-06,current,,,,2015,6,6
1266,2015-06-16,9.0,True,2015-06-07,canceled,2015.0,6.0,16.0,2015,6,7
121,,,False,2015-06-07,current,,,,2015,6,7
679,2015-06-13,5.0,True,2015-06-08,canceled,2015.0,6.0,13.0,2015,6,8
459,,,False,2015-06-08,current,,,,2015,6,8
735,2015-06-09,1.0,True,2015-06-08,canceled,2015.0,6.0,9.0,2015,6,8
735,2015-05-21,37.0,True,2015-04-14,canceled,2015.0,5.0,21.0,2015,4,14
1032,,,False,2015-06-08,current,,,,2015,6,8
1093,2015-06-11,3.0,True,2015-06-08,canceled,2015.0,6.0,11.0,2015,6,8
128,,,False,2015-06-08,current,,,,2015,6,8
978,2015-06-14,5.0,True,2015-06-09,canceled,2015.0,6.0,14.0,2015,6,9
1031,,,False,2015-06-09,current,,,,2015,6,9
673,,,False,2015-06-01,current,,,,2015,6,1
663,2015-06-09,7.0,True,2015-06-02,canceled,2015.0,6.0,9.0,2015,6,2
663,2015-06-15,6.0,True,2015-06-09,canceled,2015.0,6.0,15.0,2015,6,9
843,,,False,2015-06-02,current,,,,2015,6,2
216,,,False,2015-06-02,current,,,,2015,6,2
731,2015-06-07,4.0,True,2015-06-03,canceled,2015.0,6.0,7.0,2015,6,3
554,,,False,2015-06-07,current,,,,2015,6,7
1183,2015-06-30,22.0,True,2015-06-08,canceled,2015.0,6.0,30.0,2015,6,8
1183,2015-08-08,22.0,True,2015-07-17,canceled,2015.0,8.0,8.0,2015,7,17
1183,2015-06-02,22.0,True,2015-05-11,canceled,2015.0,6.0,2.0,2015,5,11
133,,,False,2015-06-08,current,,,,2015,6,8
887,,,False,2015-06-08,current,,,,2015,6,8
248,,,False,2015-06-09,current,,,,2015,6,9
629,,,False,2015-06-09,current,,,,2015,6,9
478,,,False,2015-06-09,current,,,,2015,6,9
804,2015-07-16,37.0,True,2015-06-09,canceled,2015.0,7.0,16.0,2015,6,9
721,2015-06-16,7.0,True,2015-06-09,canceled,2015.0,6.0,16.0,2015,6,9
721,2015-07-15,6.0,True,2015-07-09,canceled,2015.0,7.0,15.0,2015,7,9
1086,2015-06-09,0.0,True,2015-06-09,canceled,2015.0,6.0,9.0,2015,6,9
951,2015-07-11,3.0,True,2015-07-08,canceled,2015.0,7.0,11.0,2015,7,8
1096,2015-07-15,7.0,True,2015-07-08,canceled,2015.0,7.0,15.0,2015,7,8
1096,,,False,2015-07-15,current,,,,2015,7,15
163,,,False,2015-07-09,current,,,,2015,7,9
1169,2015-07-17,7.0,True,2015-07-10,canceled,2015.0,7.0,17.0,2015,7,10
1126,2015-07-15,5.0,True,2015-07-10,canceled,2015.0,7.0,15.0,2015,7,10
813,2015-07-17,6.0,True,2015-07-11,canceled,2015.0,7.0,17.0,2015,7,11
1208,2015-03-13,36.0,True,2015-02-05,canceled,2015.0,3.0,13.0,2015,2,5
1207,2015-02-28,22.0,True,2015-02-06,canceled,2015.0,2.0,28.0,2015,2,6
602,2015-08-13,188.0,True,2015-02-06,canceled,2015.0,8.0,13.0,2015,2,6
1153,2015-03-13,35.0,True,2015-02-06,canceled,2015.0,3.0,13.0,2015,2,6
605,,,False,2015-02-06,current,,,,2015,2,6
1210,2015-03-14,35.0,True,2015-02-07,canceled,2015.0,3.0,14.0,2015,2,7
916,2015-04-15,66.0,True,2015-02-08,canceled,2015.0,4.0,15.0,2015,2,8
381,,,False,2015-02-09,current,,,,2015,2,9
666,2015-04-16,66.0,True,2015-02-09,canceled,2015.0,4.0,16.0,2015,2,9
26,,,False,2015-02-11,current,,,,2015,2,11
508,,,False,2015-03-04,current,,,,2015,3,4
509,,,False,2015-03-05,current,,,,2015,3,5
753,2015-04-12,38.0,True,2015-03-05,canceled,2015.0,4.0,12.0,2015,3,5
1190,2015-03-06,0.0,True,2015-03-06,canceled,2015.0,3.0,6.0,2015,3,6
141,2015-05-14,68.0,True,2015-03-07,canceled,2015.0,5.0,14.0,2015,3,7
432,,,False,2015-03-09,current,,,,2015,3,9
375,,,False,2015-03-09,current,,,,2015,3,9
183,,,False,2015-04-01,current,,,,2015,4,1
400,,,False,2015-04-01,current,,,,2015,4,1
585,,,False,2015-04-01,current,,,,2015,4,1
13,,,False,2015-04-01,current,,,,2015,4,1
205,,,False,2015-04-01,current,,,,2015,4,1
914,2015-04-02,0.0,True,2015-04-02,canceled,2015.0,4.0,2.0,2015,4,2
914,2015-07-17,0.0,True,2015-07-17,canceled,2015.0,7.0,17.0,2015,7,17
593,,,False,2015-04-02,current,,,,2015,4,2
437,,,False,2015-04-02,current,,,,2015,4,2
468,,,False,2015-04-02,current,,,,2015,4,2
729,2015-04-25,22.0,True,2015-04-03,canceled,2015.0,4.0,25.0,2015,4,3
22,,,False,2015-04-03,current,,,,2015,4,3
449,,,False,2015-04-03,current,,,,2015,4,3
482,,,False,2015-04-03,current,,,,2015,4,3
349,,,False,2015-04-03,current,,,,2015,4,3
994,2015-04-06,1.0,True,2015-04-05,canceled,2015.0,4.0,6.0,2015,4,5
1089,2015-05-13,37.0,True,2015-04-06,canceled,2015.0,5.0,13.0,2015,4,6
651,2015-06-13,68.0,True,2015-04-06,canceled,2015.0,6.0,13.0,2015,4,6
1054,2015-08-14,129.0,True,2015-04-07,canceled,2015.0,8.0,14.0,2015,4,7
289,2015-07-14,98.0,True,2015-04-07,canceled,2015.0,7.0,14.0,2015,4,7
796,2015-04-16,9.0,True,2015-04-07,canceled,2015.0,4.0,16.0,2015,4,7
104,,,False,2015-04-10,current,,,,2015,4,10
286,,,False,2015-07-08,current,,,,2015,7,8
812,,,False,2015-07-09,current,,,,2015,7,9
462,,,False,2015-07-09,current,,,,2015,7,9
1001,,,False,2015-07-09,current,,,,2015,7,9
213,,,False,2015-07-14,current,,,,2015,7,14
359,,,False,2015-07-15,current,,,,2015,7,15
915,2015-07-22,6.0,True,2015-07-16,canceled,2015.0,7.0,22.0,2015,7,16
21,,,False,2015-07-17,current,,,,2015,7,17
633,,,False,2015-07-17,current,,,,2015,7,17
1279,2015-07-22,5.0,True,2015-07-17,canceled,2015.0,7.0,22.0,2015,7,17
1279,2015-07-17,0.0,True,2015-07-17,canceled,2015.0,7.0,17.0,2015,7,17
1179,2015-07-22,5.0,True,2015-07-17,canceled,2015.0,7.0,22.0,2015,7,17
1205,2015-08-05,19.0,True,2015-07-17,canceled,2015.0,8.0,5.0,2015,7,17
850,2015-07-22,4.0,True,2015-07-18,canceled,2015.0,7.0,22.0,2015,7,18
1256,2015-07-24,6.0,True,2015-07-18,canceled,2015.0,7.0,24.0,2015,7,18
1014,,,False,2015-07-18,current,,,,2015,7,18
1258,2015-07-21,6.0,True,2015-07-15,canceled,2015.0,7.0,21.0,2015,7,15
40,,,False,2015-07-15,current,,,,2015,7,15
1216,,,False,2015-07-16,current,,,,2015,7,16
1131,,,False,2015-07-16,current,,,,2015,7,16
1150,,,False,2015-07-16,current,,,,2015,7,16
403,,,False,2015-07-16,current,,,,2015,7,16
773,,,False,2015-07-17,current,,,,2015,7,17
968,2015-07-17,0.0,True,2015-07-17,canceled,2015.0,7.0,17.0,2015,7,17
662,2015-07-21,4.0,True,2015-07-17,canceled,2015.0,7.0,21.0,2015,7,17
1155,2015-07-17,0.0,True,2015-07-17,canceled,2015.0,7.0,17.0,2015,7,17
856,2015-08-09,22.0,True,2015-07-18,canceled,2015.0,8.0,9.0,2015,7,18
848,2015-08-14,3.0,True,2015-08-11,canceled,2015.0,8.0,14.0,2015,8,11
848,2015-03-11,5.0,True,2015-03-06,canceled,2015.0,3.0,11.0,2015,3,6
305,,,False,2015-03-10,current,,,,2015,3,10
768,2015-03-11,1.0,True,2015-03-10,canceled,2015.0,3.0,11.0,2015,3,10
485,,,False,2015-03-10,current,,,,2015,3,10
464,,,False,2015-04-01,current,,,,2015,4,1
340,,,False,2015-04-01,current,,,,2015,4,1
788,2015-04-06,5.0,True,2015-04-01,canceled,2015.0,4.0,6.0,2015,4,1
75,,,False,2015-04-01,current,,,,2015,4,1
786,2015-05-09,37.0,True,2015-04-02,canceled,2015.0,5.0,9.0,2015,4,2
1072,,,False,2015-04-02,current,,,,2015,4,2
588,,,False,2015-04-02,current,,,,2015,4,2
291,,,False,2015-04-02,current,,,,2015,4,2
1264,2015-06-09,68.0,True,2015-04-02,canceled,2015.0,6.0,9.0,2015,4,2
830,2015-04-06,3.0,True,2015-04-03,canceled,2015.0,4.0,6.0,2015,4,3
1088,2015-04-25,22.0,True,2015-04-03,canceled,2015.0,4.0,25.0,2015,4,3
723,2015-04-06,3.0,True,2015-04-03,canceled,2015.0,4.0,6.0,2015,4,3
536,,,False,2015-04-24,current,,,,2015,4,24
107,,,False,2015-04-24,current,,,,2015,4,24
353,,,False,2015-04-24,current,,,,2015,4,24
146,,,False,2015-04-24,current,,,,2015,4,24
466,,,False,2015-05-06,current,,,,2015,5,6
811,2015-06-13,38.0,True,2015-05-06,canceled,2015.0,6.0,13.0,2015,5,6
825,2015-05-06,0.0,True,2015-05-06,canceled,2015.0,5.0,6.0,2015,5,6
825,2015-06-16,38.0,True,2015-05-09,canceled,2015.0,6.0,16.0,2015,5,9
484,,,False,2015-05-07,current,,,,2015,5,7
1055,2015-07-15,68.0,True,2015-05-08,canceled,2015.0,7.0,15.0,2015,5,8
192,,,False,2015-05-09,current,,,,2015,5,9
766,2015-05-10,0.0,True,2015-05-10,canceled,2015.0,5.0,10.0,2015,5,10
398,,,False,2015-05-11,current,,,,2015,5,11
1215,2015-07-18,68.0,True,2015-05-11,canceled,2015.0,7.0,18.0,2015,5,11
20,,,False,2015-05-11,current,,,,2015,5,11
1030,2015-07-18,68.0,True,2015-05-11,canceled,2015.0,7.0,18.0,2015,5,11
955,2015-08-18,99.0,True,2015-05-11,canceled,2015.0,8.0,18.0,2015,5,11
995,2015-05-18,7.0,True,2015-05-11,canceled,2015.0,5.0,18.0,2015,5,11
200,,,False,2015-05-12,current,,,,2015,5,12
665,,,False,2015-05-12,current,,,,2015,5,12
815,2015-05-18,6.0,True,2015-05-12,canceled,2015.0,5.0,18.0,2015,5,12
1263,,,False,2015-08-16,current,,,,2015,8,16
1136,,,False,2015-08-18,current,,,,2015,8,18
1144,,,False,2015-08-18,current,,,,2015,8,18
142,,,False,2015-08-19,current,,,,2015,8,19
142,2015-08-03,203.0,True,2015-01-12,canceled,2015.0,8.0,3.0,2015,1,12
1228,,,False,2015-08-19,current,,,,2015,8,19
967,,,False,2015-08-21,current,,,,2015,8,21
754,,,False,2015-08-21,current,,,,2015,8,21
851,,,False,2015-08-22,current,,,,2015,8,22
990,,,False,2015-08-23,current,,,,2015,8,23
1039,2015-07-19,0.0,True,2015-07-19,canceled,2015.0,7.0,19.0,2015,7,19
1039,2015-08-16,4.0,True,2015-08-12,canceled,2015.0,8.0,16.0,2015,8,12
950,,,False,2015-07-19,current,,,,2015,7,19
1087,,,False,2015-07-20,current,,,,2015,7,20
1018,2015-07-26,6.0,True,2015-07-20,canceled,2015.0,7.0,26.0,2015,7,20
993,2015-08-17,6.0,True,2015-08-11,canceled,2015.0,8.0,17.0,2015,8,11
699,2015-08-18,7.0,True,2015-08-11,canceled,2015.0,8.0,18.0,2015,8,11
940,,,False,2015-08-13,current,,,,2015,8,13
940,2015-07-23,6.0,True,2015-07-17,canceled,2015.0,7.0,23.0,2015,7,17
1162,2015-08-19,5.0,True,2015-08-14,canceled,2015.0,8.0,19.0,2015,8,14
986,,,False,2015-08-15,current,,,,2015,8,15
784,,,False,2015-08-17,current,,,,2015,8,17
893,,,False,2015-08-18,current,,,,2015,8,18
840,,,False,2015-08-21,current,,,,2015,8,21
975,,,False,2015-08-23,current,,,,2015,8,23
1038,2015-04-26,22.0,True,2015-04-04,canceled,2015.0,4.0,26.0,2015,4,4
739,2015-04-05,0.0,True,2015-04-05,canceled,2015.0,4.0,5.0,2015,4,5
1046,2015-04-07,2.0,True,2015-04-05,canceled,2015.0,4.0,7.0,2015,4,5
1170,2015-07-12,98.0,True,2015-04-05,canceled,2015.0,7.0,12.0,2015,4,5
1268,2015-05-28,52.0,True,2015-04-06,canceled,2015.0,5.0,28.0,2015,4,6
706,2015-07-14,98.0,True,2015-04-07,canceled,2015.0,7.0,14.0,2015,4,7
1222,2015-04-07,0.0,True,2015-04-07,canceled,2015.0,4.0,7.0,2015,4,7
936,2015-04-12,5.0,True,2015-04-07,canceled,2015.0,4.0,12.0,2015,4,7
632,,,False,2015-04-07,current,,,,2015,4,7
606,2015-06-15,68.0,True,2015-04-08,canceled,2015.0,6.0,15.0,2015,4,8
117,,,False,2015-04-08,current,,,,2015,4,8
863,2015-04-12,2.0,True,2015-04-10,canceled,2015.0,4.0,12.0,2015,4,10
94,,,False,2015-04-24,current,,,,2015,4,24
299,,,False,2015-04-24,current,,,,2015,4,24
574,,,False,2015-04-24,current,,,,2015,4,24
212,,,False,2015-04-24,current,,,,2015,4,24
401,,,False,2015-04-24,current,,,,2015,4,24
387,,,False,2015-04-24,current,,,,2015,4,24
1113,,,False,2015-05-06,current,,,,2015,5,6
382,,,False,2015-05-06,current,,,,2015,5,6
8,,,False,2015-05-06,current,,,,2015,5,6
1,,,False,2015-05-06,current,,,,2015,5,6
184,,,False,2015-05-12,current,,,,2015,5,12
61,,,False,2015-05-12,current,,,,2015,5,12
669,2015-07-19,68.0,True,2015-05-12,canceled,2015.0,7.0,19.0,2015,5,12
596,,,False,2015-05-12,current,,,,2015,5,12
7,,,False,2015-05-12,current,,,,2015,5,12
41,,,False,2015-05-13,current,,,,2015,5,13
513,,,False,2015-05-28,current,,,,2015,5,28
545,,,False,2015-05-28,current,,,,2015,5,28
572,,,False,2015-05-28,current,,,,2015,5,28
199,,,False,2015-05-30,current,,,,2015,5,30
1125,2015-05-31,0.0,True,2015-05-31,canceled,2015.0,5.0,31.0,2015,5,31
569,2015-08-09,68.0,True,2015-06-02,canceled,2015.0,8.0,9.0,2015,6,2
14,,,False,2015-06-03,current,,,,2015,6,3
646,,,False,2015-06-04,current,,,,2015,6,4
708,2015-06-05,0.0,True,2015-06-05,canceled,2015.0,6.0,5.0,2015,6,5
708,2015-06-10,5.0,True,2015-06-05,canceled,2015.0,6.0,10.0,2015,6,5
6,,,False,2015-06-05,current,,,,2015,6,5
619,,,False,2015-06-06,current,,,,2015,6,6
912,2015-08-13,68.0,True,2015-06-06,canceled,2015.0,8.0,13.0,2015,6,6
456,,,False,2015-06-07,current,,,,2015,6,7
1025,2015-06-07,0.0,True,2015-06-07,canceled,2015.0,6.0,7.0,2015,6,7
80,,,False,2015-06-07,current,,,,2015,6,7
763,2015-06-14,6.0,True,2015-06-08,canceled,2015.0,6.0,14.0,2015,6,8
116,,,False,2015-05-06,current,,,,2015,5,6
89,,,False,2015-05-07,current,,,,2015,5,7
471,,,False,2015-05-07,current,,,,2015,5,7
1002,,,False,2015-05-07,current,,,,2015,5,7
154,,,False,2015-05-09,current,,,,2015,5,9
58,,,False,2015-05-09,current,,,,2015,5,9
406,,,False,2015-05-10,current,,,,2015,5,10
1062,2015-06-17,38.0,True,2015-05-10,canceled,2015.0,6.0,17.0,2015,5,10
1282,,,False,2015-05-10,current,,,,2015,5,10
162,,,False,2015-05-11,current,,,,2015,5,11
242,,,False,2015-05-11,current,,,,2015,5,11
235,,,False,2015-05-11,current,,,,2015,5,11
928,,,False,2015-05-11,current,,,,2015,5,11
1151,,,False,2015-05-11,current,,,,2015,5,11
249,,,False,2015-05-12,current,,,,2015,5,12
621,,,False,2015-05-12,current,,,,2015,5,12
656,,,False,2015-05-12,current,,,,2015,5,12
497,,,False,2015-05-12,current,,,,2015,5,12
73,,,False,2015-05-28,current,,,,2015,5,28
1184,2015-06-04,6.0,True,2015-05-29,canceled,2015.0,6.0,4.0,2015,5,29
290,,,False,2015-05-30,current,,,,2015,5,30
1290,,,False,2015-06-02,current,,,,2015,6,2
294,,,False,2015-06-04,current,,,,2015,6,4
826,2015-06-09,4.0,True,2015-06-05,canceled,2015.0,6.0,9.0,2015,6,5
750,2015-06-06,0.0,True,2015-06-06,canceled,2015.0,6.0,6.0,2015,6,6
573,,,False,2015-06-07,current,,,,2015,6,7
1081,,,False,2015-06-08,current,,,,2015,6,8
956,2015-08-15,68.0,True,2015-06-08,canceled,2015.0,8.0,15.0,2015,6,8
1172,2015-06-10,1.0,True,2015-06-09,canceled,2015.0,6.0,10.0,2015,6,9
1036,,,False,2015-06-09,current,,,,2015,6,9
1084,2015-07-15,7.0,True,2015-07-08,canceled,2015.0,7.0,15.0,2015,7,8
827,2015-07-12,4.0,True,2015-07-08,canceled,2015.0,7.0,12.0,2015,7,8
271,,,False,2015-07-08,current,,,,2015,7,8
317,,,False,2015-07-09,current,,,,2015,7,9
1257,,,False,2015-07-09,current,,,,2015,7,9
326,,,False,2015-07-09,current,,,,2015,7,9
783,2015-07-19,6.0,True,2015-07-13,canceled,2015.0,7.0,19.0,2015,7,13
748,,,False,2015-06-08,current,,,,2015,6,8
777,2015-08-15,68.0,True,2015-06-08,canceled,2015.0,8.0,15.0,2015,6,8
910,2015-06-15,7.0,True,2015-06-08,canceled,2015.0,6.0,15.0,2015,6,8
296,,,False,2015-06-08,current,,,,2015,6,8
628,,,False,2015-06-09,current,,,,2015,6,9
1262,,,False,2015-06-09,current,,,,2015,6,9
531,,,False,2015-07-08,current,,,,2015,7,8
947,2015-07-13,5.0,True,2015-07-08,canceled,2015.0,7.0,13.0,2015,7,8
1209,,,False,2015-07-09,current,,,,2015,7,9
498,,,False,2015-07-09,current,,,,2015,7,9
1197,2015-07-11,2.0,True,2015-07-09,canceled,2015.0,7.0,11.0,2015,7,9
430,,,False,2015-07-10,current,,,,2015,7,10
694,,,False,2015-07-10,current,,,,2015,7,10
238,,,False,2015-07-13,current,,,,2015,7,13
48,,,False,2015-07-16,current,,,,2015,7,16
47,,,False,2015-07-16,current,,,,2015,7,16
29,,,False,2015-07-16,current,,,,2015,7,16
885,,,False,2015-07-16,current,,,,2015,7,16
164,,,False,2015-07-16,current,,,,2015,7,16
1080,,,False,2015-07-17,current,,,,2015,7,17
402,2015-03-10,57.0,True,2015-01-12,canceled,2015.0,3.0,10.0,2015,1,12
402,,,False,2015-03-10,current,,,,2015,3,10
15,2015-01-17,5.0,True,2015-01-12,canceled,2015.0,1.0,17.0,2015,1,12
15,2015-08-11,160.0,True,2015-03-04,canceled,2015.0,8.0,11.0,2015,3,4
87,,,False,2015-01-12,current,,,,2015,1,12
724,2015-01-18,6.0,True,2015-01-12,canceled,2015.0,1.0,18.0,2015,1,12
134,2015-06-12,127.0,True,2015-02-05,canceled,2015.0,6.0,12.0,2015,2,5
1033,2015-08-13,188.0,True,2015-02-06,canceled,2015.0,8.0,13.0,2015,2,6
782,,,False,2015-07-17,current,,,,2015,7,17
979,,,False,2015-07-17,current,,,,2015,7,17
849,2015-07-19,2.0,True,2015-07-17,canceled,2015.0,7.0,19.0,2015,7,17
898,2015-07-24,6.0,True,2015-07-18,canceled,2015.0,7.0,24.0,2015,7,18
1302,,,False,2015-07-18,current,,,,2015,7,18
879,2015-07-24,6.0,True,2015-07-18,canceled,2015.0,7.0,24.0,2015,7,18
687,,,False,2015-07-20,current,,,,2015,7,20
924,,,False,2015-08-11,current,,,,2015,8,11
946,,,False,2015-08-11,current,,,,2015,8,11
889,2015-08-11,0.0,True,2015-08-11,canceled,2015.0,8.0,11.0,2015,8,11
805,,,False,2015-08-11,current,,,,2015,8,11
552,,,False,2015-08-14,current,,,,2015,8,14
1028,,,False,2015-08-21,current,,,,2015,8,21
1034,2015-07-20,5.0,True,2015-07-15,canceled,2015.0,7.0,20.0,2015,7,15
1159,2015-07-21,5.0,True,2015-07-16,canceled,2015.0,7.0,21.0,2015,7,16
1003,2015-07-20,4.0,True,2015-07-16,canceled,2015.0,7.0,20.0,2015,7,16
122,,,False,2015-07-17,current,,,,2015,7,17
39,,,False,2015-07-17,current,,,,2015,7,17
775,2015-07-24,7.0,True,2015-07-17,canceled,2015.0,7.0,24.0,2015,7,17
393,,,False,2015-07-18,current,,,,2015,7,18
1147,,,False,2015-07-19,current,,,,2015,7,19
325,,,False,2015-07-19,current,,,,2015,7,19
883,,,False,2015-07-19,current,,,,2015,7,19
1224,,,False,2015-07-20,current,,,,2015,7,20
332,,,False,2015-08-11,current,,,,2015,8,11
443,,,False,2014-11-10,current,,,,2014,11,10
309,,,False,2014-11-10,current,,,,2014,11,10
512,2015-03-17,127.0,True,2014-11-10,canceled,2015.0,3.0,17.0,2014,11,10
821,2014-11-16,6.0,True,2014-11-10,canceled,2014.0,11.0,16.0,2014,11,10
230,,,False,2014-11-10,current,,,,2014,11,10
301,,,False,2014-11-10,current,,,,2014,11,10
760,2014-11-13,3.0,True,2014-11-10,canceled,2014.0,11.0,13.0,2014,11,10
506,,,False,2014-11-10,current,,,,2014,11,10
1243,2014-11-18,8.0,True,2014-11-10,canceled,2014.0,11.0,18.0,2014,11,10
737,2014-11-10,0.0,True,2014-11-10,canceled,2014.0,11.0,10.0,2014,11,10
1220,2014-12-17,37.0,True,2014-11-10,canceled,2014.0,12.0,17.0,2014,11,10
878,2014-11-10,0.0,True,2014-11-10,canceled,2014.0,11.0,10.0,2014,11,10
1288,2014-11-15,5.0,True,2014-11-10,canceled,2014.0,11.0,15.0,2014,11,10
755,,,False,2014-11-10,current,,,,2014,11,10
85,2015-03-27,136.0,True,2014-11-11,canceled,2015.0,3.0,27.0,2014,11,11
160,2015-02-18,99.0,True,2014-11-11,canceled,2015.0,2.0,18.0,2014,11,11
1050,,,False,2015-08-11,current,,,,2015,8,11
998,2015-08-18,7.0,True,2015-08-11,canceled,2015.0,8.0,18.0,2015,8,11
834,,,False,2015-08-13,current,,,,2015,8,13
742,,,False,2015-08-14,current,,,,2015,8,14
981,2015-02-07,0.0,True,2015-02-07,canceled,2015.0,2.0,7.0,2015,2,7
535,,,False,2015-02-08,current,,,,2015,2,8
636,2015-02-10,1.0,True,2015-02-09,canceled,2015.0,2.0,10.0,2015,2,9
636,2015-08-12,160.0,True,2015-03-05,canceled,2015.0,8.0,12.0,2015,3,5
423,2015-04-08,58.0,True,2015-02-09,canceled,2015.0,4.0,8.0,2015,2,9
423,,,False,2015-04-08,current,,,,2015,4,8
1112,2015-02-13,3.0,True,2015-02-10,canceled,2015.0,2.0,13.0,2015,2,10
190,2015-04-08,56.0,True,2015-02-11,canceled,2015.0,4.0,8.0,2015,2,11
190,,,False,2015-04-08,current,,,,2015,4,8
1078,2015-02-17,6.0,True,2015-02-11,canceled,2015.0,2.0,17.0,2015,2,11
692,2015-02-24,13.0,True,2015-02-11,canceled,2015.0,2.0,24.0,2015,2,11
904,2015-03-10,5.0,True,2015-03-05,canceled,2015.0,3.0,10.0,2015,3,5
259,2015-03-12,7.0,True,2015-03-05,canceled,2015.0,3.0,12.0,2015,3,5
259,2015-07-14,98.0,True,2015-04-07,canceled,2015.0,7.0,14.0,2015,4,7
653,2015-03-05,0.0,True,2015-03-05,canceled,2015.0,3.0,5.0,2015,3,5
653,,,False,2015-07-08,current,,,,2015,7,8
1177,2015-03-06,0.0,True,2015-03-06,canceled,2015.0,3.0,6.0,2015,3,6
1177,,,False,2015-03-11,current,,,,2015,3,11
233,,,False,2015-03-06,current,,,,2015,3,6
351,,,False,2015-03-08,current,,,,2015,3,8
680,2015-03-12,3.0,True,2015-03-09,canceled,2015.0,3.0,12.0,2015,3,9
1148,2015-03-09,0.0,True,2015-03-09,canceled,2015.0,3.0,9.0,2015,3,9
854,,,False,2015-08-23,current,,,,2015,8,23
880,,,False,2015-08-23,current,,,,2015,8,23
839,2015-01-15,63.0,True,2014-11-13,canceled,2015.0,1.0,15.0,2014,11,13
1161,2014-12-20,37.0,True,2014-11-13,canceled,2014.0,12.0,20.0,2014,11,13
672,,,False,2014-11-14,current,,,,2014,11,14
282,,,False,2014-11-14,current,,,,2014,11,14
155,,,False,2014-11-14,current,,,,2014,11,14
949,2014-11-20,6.0,True,2014-11-14,canceled,2014.0,11.0,20.0,2014,11,14
257,,,False,2014-11-15,current,,,,2014,11,15
311,,,False,2014-11-16,current,,,,2014,11,16
188,,,False,2014-11-16,current,,,,2014,11,16
1146,2014-12-23,37.0,True,2014-11-16,canceled,2014.0,12.0,23.0,2014,11,16
65,2015-02-23,99.0,True,2014-11-16,canceled,2015.0,2.0,23.0,2014,11,16
787,2014-12-23,37.0,True,2014-11-16,canceled,2014.0,12.0,23.0,2014,11,16
941,2015-04-01,22.0,True,2015-03-10,canceled,2015.0,4.0,1.0,2015,3,10
457,,,False,2015-03-10,current,,,,2015,3,10
1119,2015-03-15,4.0,True,2015-03-11,canceled,2015.0,3.0,15.0,2015,3,11
1119,2015-08-16,0.0,True,2015-08-16,canceled,2015.0,8.0,16.0,2015,8,16
899,2015-03-17,6.0,True,2015-03-11,canceled,2015.0,3.0,17.0,2015,3,11
985,2015-04-18,38.0,True,2015-03-11,canceled,2015.0,4.0,18.0,2015,3,11
1186,2015-03-11,0.0,True,2015-03-11,canceled,2015.0,3.0,11.0,2015,3,11
333,,,False,2015-04-01,current,,,,2015,4,1
681,2015-04-07,6.0,True,2015-04-01,canceled,2015.0,4.0,7.0,2015,4,1
681,2015-06-15,6.0,True,2015-06-09,canceled,2015.0,6.0,15.0,2015,6,9
835,2015-01-10,38.0,True,2014-12-03,canceled,2015.0,1.0,10.0,2014,12,3
549,2015-06-10,189.0,True,2014-12-03,canceled,2015.0,6.0,10.0,2014,12,3
660,2015-01-10,38.0,True,2014-12-03,canceled,2015.0,1.0,10.0,2014,12,3
174,2015-03-10,97.0,True,2014-12-03,canceled,2015.0,3.0,10.0,2014,12,3
1261,2014-12-08,5.0,True,2014-12-03,canceled,2014.0,12.0,8.0,2014,12,3
514,2015-06-11,189.0,True,2014-12-04,canceled,2015.0,6.0,11.0,2014,12,4
1135,2014-12-08,4.0,True,2014-12-04,canceled,2014.0,12.0,8.0,2014,12,4
953,2014-12-11,6.0,True,2014-12-05,canceled,2014.0,12.0,11.0,2014,12,5
594,,,False,2014-12-05,current,,,,2014,12,5
137,,,False,2014-12-06,current,,,,2014,12,6
725,2014-12-06,0.0,True,2014-12-06,canceled,2014.0,12.0,6.0,2014,12,6
820,2014-12-09,3.0,True,2014-12-06,canceled,2014.0,12.0,9.0,2014,12,6
778,2014-12-29,22.0,True,2014-12-07,canceled,2014.0,12.0,29.0,2014,12,7
865,2014-12-13,6.0,True,2014-12-07,canceled,2014.0,12.0,13.0,2014,12,7
801,2015-02-03,57.0,True,2014-12-08,canceled,2015.0,2.0,3.0,2014,12,8
1077,2015-01-30,53.0,True,2014-12-08,canceled,2015.0,1.0,30.0,2014,12,8
808,2014-12-30,22.0,True,2014-12-08,canceled,2014.0,12.0,30.0,2014,12,8
241,,,False,2014-12-08,current,,,,2014,12,8
767,2014-12-11,3.0,True,2014-12-08,canceled,2014.0,12.0,11.0,2014,12,8
46,,,False,2014-12-08,current,,,,2014,12,8
917,2014-12-14,5.0,True,2014-12-09,canceled,2014.0,12.0,14.0,2014,12,9
933,2014-12-14,5.0,True,2014-12-09,canceled,2014.0,12.0,14.0,2014,12,9
1246,2014-12-15,6.0,True,2014-12-09,canceled,2014.0,12.0,15.0,2014,12,9
363,,,False,2015-04-02,current,,,,2015,4,2
269,,,False,2015-04-02,current,,,,2015,4,2
528,2015-08-10,129.0,True,2015-04-03,canceled,2015.0,8.0,10.0,2015,4,3
1145,2015-04-04,0.0,True,2015-04-04,canceled,2015.0,4.0,4.0,2015,4,4
658,2015-04-08,2.0,True,2015-04-06,canceled,2015.0,4.0,8.0,2015,4,6
658,2015-04-10,0.0,True,2015-04-10,canceled,2015.0,4.0,10.0,2015,4,10
1158,2015-04-09,2.0,True,2015-04-07,canceled,2015.0,4.0,9.0,2015,4,7
600,,,False,2015-04-07,current,,,,2015,4,7
1115,2015-05-15,37.0,True,2015-04-08,canceled,2015.0,5.0,15.0,2015,4,8
957,2015-04-14,6.0,True,2015-04-08,canceled,2015.0,4.0,14.0,2015,4,8
920,,,False,2015-04-12,current,,,,2015,4,12
447,2015-06-04,41.0,True,2015-04-24,canceled,2015.0,6.0,4.0,2015,4,24
370,,,False,2015-04-24,current,,,,2015,4,24
84,,,False,2015-05-06,current,,,,2015,5,6
255,,,False,2015-05-06,current,,,,2015,5,6
987,2014-12-11,2.0,True,2014-12-09,canceled,2014.0,12.0,11.0,2014,12,9
472,,,False,2015-01-07,current,,,,2015,1,7
802,2015-01-08,0.0,True,2015-01-08,canceled,2015.0,1.0,8.0,2015,1,8
664,2015-01-08,0.0,True,2015-01-08,canceled,2015.0,1.0,8.0,2015,1,8
272,2015-05-15,127.0,True,2015-01-08,canceled,2015.0,5.0,15.0,2015,1,8
32,,,False,2015-01-08,current,,,,2015,1,8
115,,,False,2015-01-11,current,,,,2015,1,11
997,2015-01-12,0.0,True,2015-01-12,canceled,2015.0,1.0,12.0,2015,1,12
434,2015-06-03,142.0,True,2015-01-12,canceled,2015.0,6.0,3.0,2015,1,12
1061,2015-01-14,2.0,True,2015-01-12,canceled,2015.0,1.0,14.0,2015,1,12
532,2015-06-19,158.0,True,2015-01-12,canceled,2015.0,6.0,19.0,2015,1,12
847,2015-01-19,7.0,True,2015-01-12,canceled,2015.0,1.0,19.0,2015,1,12
937,2015-06-13,38.0,True,2015-05-06,canceled,2015.0,6.0,13.0,2015,5,6
927,2015-05-13,7.0,True,2015-05-06,canceled,2015.0,5.0,13.0,2015,5,6
927,2015-07-20,68.0,True,2015-05-13,canceled,2015.0,7.0,20.0,2015,5,13
1022,2015-06-14,38.0,True,2015-05-07,canceled,2015.0,6.0,14.0,2015,5,7
1022,,,False,2015-08-20,current,,,,2015,8,20
320,,,False,2015-05-07,current,,,,2015,5,7
635,,,False,2015-05-07,current,,,,2015,5,7
182,,,False,2015-05-08,current,,,,2015,5,8
298,,,False,2015-05-08,current,,,,2015,5,8
385,,,False,2015-05-08,current,,,,2015,5,8
175,,,False,2015-05-09,current,,,,2015,5,9
942,2015-05-15,5.0,True,2015-05-10,canceled,2015.0,5.0,15.0,2015,5,10
120,,,False,2015-05-11,current,,,,2015,5,11
314,,,False,2015-05-11,current,,,,2015,5,11
331,,,False,2015-05-11,current,,,,2015,5,11
303,,,False,2015-05-11,current,,,,2015,5,11
533,,,False,2015-05-11,current,,,,2015,5,11
1026,2015-05-12,1.0,True,2015-05-11,canceled,2015.0,5.0,12.0,2015,5,11
17,,,False,2015-05-11,current,,,,2015,5,11
129,,,False,2015-05-11,current,,,,2015,5,11
189,,,False,2015-05-12,current,,,,2015,5,12
772,2015-05-19,7.0,True,2015-05-12,canceled,2015.0,5.0,19.0,2015,5,12
870,2015-05-12,0.0,True,2015-05-12,canceled,2015.0,5.0,12.0,2015,5,12
4,,,False,2015-05-12,current,,,,2015,5,12
454,,,False,2015-05-12,current,,,,2015,5,12
715,,,False,2015-05-12,current,,,,2015,5,12
410,2015-08-19,99.0,True,2015-05-12,canceled,2015.0,8.0,19.0,2015,5,12
1007,2015-06-19,38.0,True,2015-05-12,canceled,2015.0,6.0,19.0,2015,5,12
1007,2015-07-23,5.0,True,2015-07-18,canceled,2015.0,7.0,23.0,2015,7,18
758,2015-05-17,5.0,True,2015-05-12,canceled,2015.0,5.0,17.0,2015,5,12
16,,,False,2015-05-13,current,,,,2015,5,13
1165,2015-01-13,1.0,True,2015-01-12,canceled,2015.0,1.0,13.0,2015,1,12
297,,,False,2015-01-12,current,,,,2015,1,12
373,,,False,2015-01-12,current,,,,2015,1,12
1284,2015-01-13,0.0,True,2015-01-13,canceled,2015.0,1.0,13.0,2015,1,13
510,,,False,2015-02-05,current,,,,2015,2,5
645,2015-05-16,96.0,True,2015-02-09,canceled,2015.0,5.0,16.0,2015,2,9
1079,2015-02-09,0.0,True,2015-02-09,canceled,2015.0,2.0,9.0,2015,2,9
1281,2015-02-12,3.0,True,2015-02-09,canceled,2015.0,2.0,12.0,2015,2,9
36,,,False,2015-05-13,current,,,,2015,5,13
1068,2015-05-29,1.0,True,2015-05-28,canceled,2015.0,5.0,29.0,2015,5,28
616,,,False,2015-05-28,current,,,,2015,5,28
55,,,False,2015-05-29,current,,,,2015,5,29
538,,,False,2015-06-02,current,,,,2015,6,2
503,,,False,2015-06-03,current,,,,2015,6,3
196,,,False,2015-06-03,current,,,,2015,6,3
1217,2015-07-28,52.0,True,2015-06-06,canceled,2015.0,7.0,28.0,2015,6,6
1217,,,False,2015-08-13,current,,,,2015,8,13
1106,2015-06-13,6.0,True,2015-06-07,canceled,2015.0,6.0,13.0,2015,6,7
762,2015-07-15,37.0,True,2015-06-08,canceled,2015.0,7.0,15.0,2015,6,8
565,,,False,2015-06-08,current,,,,2015,6,8
897,2015-07-15,37.0,True,2015-06-08,canceled,2015.0,7.0,15.0,2015,6,8
518,,,False,2015-06-08,current,,,,2015,6,8
961,2015-06-11,3.0,True,2015-06-08,canceled,2015.0,6.0,11.0,2015,6,8
384,,,False,2015-06-08,current,,,,2015,6,8
1075,2015-08-16,68.0,True,2015-06-09,canceled,2015.0,8.0,16.0,2015,6,9
888,,,False,2015-06-09,current,,,,2015,6,9
1227,,,False,2015-06-09,current,,,,2015,6,9
176,,,False,2015-07-08,current,,,,2015,7,8
1133,2015-07-15,6.0,True,2015-07-09,canceled,2015.0,7.0,15.0,2015,7,9
1231,,,False,2015-07-09,current,,,,2015,7,9
1005,2015-07-11,2.0,True,2015-07-09,canceled,2015.0,7.0,11.0,2015,7,9
999,2015-02-13,3.0,True,2015-02-10,canceled,2015.0,2.0,13.0,2015,2,10
391,,,False,2015-02-10,current,,,,2015,2,10
1188,2015-03-17,35.0,True,2015-02-10,canceled,2015.0,3.0,17.0,2015,2,10
1200,2015-04-11,38.0,True,2015-03-04,canceled,2015.0,4.0,11.0,2015,3,4
1196,2015-03-11,7.0,True,2015-03-04,canceled,2015.0,3.0,11.0,2015,3,4
113,2015-07-11,129.0,True,2015-03-04,canceled,2015.0,7.0,11.0,2015,3,4
409,,,False,2015-03-06,current,,,,2015,3,6
1082,2015-04-13,38.0,True,2015-03-06,canceled,2015.0,4.0,13.0,2015,3,6
872,,,False,2015-03-06,current,,,,2015,3,6
860,2015-03-11,4.0,True,2015-03-07,canceled,2015.0,3.0,11.0,2015,3,7
828,2015-04-16,38.0,True,2015-03-09,canceled,2015.0,4.0,16.0,2015,3,9
795,2015-03-13,4.0,True,2015-03-09,canceled,2015.0,3.0,13.0,2015,3,9
1100,2015-03-16,6.0,True,2015-03-10,canceled,2015.0,3.0,16.0,2015,3,10
172,,,False,2015-03-10,current,,,,2015,3,10
809,2015-03-14,4.0,True,2015-03-10,canceled,2015.0,3.0,14.0,2015,3,10
1276,,,False,2015-03-10,current,,,,2015,3,10
542,,,False,2015-07-10,current,,,,2015,7,10
1063,2015-07-14,0.0,True,2015-07-14,canceled,2015.0,7.0,14.0,2015,7,14
701,2015-07-20,4.0,True,2015-07-16,canceled,2015.0,7.0,20.0,2015,7,16
526,,,False,2015-07-16,current,,,,2015,7,16
1255,2015-07-23,6.0,True,2015-07-17,canceled,2015.0,7.0,23.0,2015,7,17
355,,,False,2015-07-17,current,,,,2015,7,17
901,,,False,2015-07-17,current,,,,2015,7,17
1023,2015-07-20,3.0,True,2015-07-17,canceled,2015.0,7.0,20.0,2015,7,17
764,,,False,2015-07-17,current,,,,2015,7,17
210,,,False,2015-03-11,current,,,,2015,3,11
1048,,,False,2015-03-11,current,,,,2015,3,11
543,,,False,2015-04-01,current,,,,2015,4,1
1149,,,False,2015-04-01,current,,,,2015,4,1
1175,2015-06-09,68.0,True,2015-04-02,canceled,2015.0,6.0,9.0,2015,4,2
781,,,False,2015-04-02,current,,,,2015,4,2
425,,,False,2015-04-05,current,,,,2015,4,5
118,,,False,2015-04-06,current,,,,2015,4,6
310,,,False,2015-04-06,current,,,,2015,4,6
19,2015-07-13,98.0,True,2015-04-06,canceled,2015.0,7.0,13.0,2015,4,6
1070,,,False,2015-07-19,current,,,,2015,7,19
798,,,False,2015-07-19,current,,,,2015,7,19
1270,2015-07-20,0.0,True,2015-07-20,canceled,2015.0,7.0,20.0,2015,7,20
548,,,False,2015-07-20,current,,,,2015,7,20
1143,,,False,2015-08-11,current,,,,2015,8,11
931,,,False,2015-08-11,current,,,,2015,8,11
1056,,,False,2015-08-12,current,,,,2015,8,12
1235,,,False,2015-08-12,current,,,,2015,8,12
417,,,False,2015-08-12,current,,,,2015,8,12
794,,,False,2015-08-13,current,,,,2015,8,13
921,2015-08-21,4.0,True,2015-08-17,canceled,2015.0,8.0,21.0,2015,8,17
816,,,False,2015-08-20,current,,,,2015,8,20
1269,,,False,2015-08-21,current,,,,2015,8,21
1067,,,False,2015-08-22,current,,,,2015,8,22
1157,,,False,2015-08-22,current,,,,2015,8,22
980,2015-04-14,6.0,True,2015-04-08,canceled,2015.0,4.0,14.0,2015,4,8
726,2015-05-15,37.0,True,2015-04-08,canceled,2015.0,5.0,15.0,2015,4,8
177,,,False,2015-04-10,current,,,,2015,4,10
797,,,False,2015-04-24,current,,,,2015,4,24
49,,,False,2015-04-24,current,,,,2015,4,24
376,,,False,2015-05-05,current,,,,2015,5,5
1004,2015-05-08,2.0,True,2015-05-06,canceled,2015.0,5.0,8.0,2015,5,6
1024,2015-05-11,5.0,True,2015-05-06,canceled,2015.0,5.0,11.0,2015,5,6
228,,,False,2015-05-07,current,,,,2015,5,7
173,,,False,2015-05-07,current,,,,2015,5,7
422,,,False,2015-05-08,current,,,,2015,5,8
236,,,False,2015-05-10,current,,,,2015,5,10
779,2015-06-18,39.0,True,2015-05-10,canceled,2015.0,6.0,18.0,2015,5,10
881,2015-05-14,3.0,True,2015-05-11,canceled,2015.0,5.0,14.0,2015,5,11
1182,,,False,2015-05-11,current,,,,2015,5,11
287,,,False,2015-05-11,current,,,,2015,5,11
648,,,False,2015-05-11,current,,,,2015,5,11
1249,2015-07-18,68.0,True,2015-05-11,canceled,2015.0,7.0,18.0,2015,5,11
519,,,False,2015-05-11,current,,,,2015,5,11
1099,2015-07-18,68.0,True,2015-05-11,canceled,2015.0,7.0,18.0,2015,5,11
566,,,False,2015-05-12,current,,,,2015,5,12
846,2015-06-19,38.0,True,2015-05-12,canceled,2015.0,6.0,19.0,2015,5,12
1052,2015-07-19,68.0,True,2015-05-12,canceled,2015.0,7.0,19.0,2015,5,12
1059,2015-05-18,6.0,True,2015-05-12,canceled,2015.0,5.0,18.0,2015,5,12
661,2015-06-19,38.0,True,2015-05-12,canceled,2015.0,6.0,19.0,2015,5,12
852,,,False,2015-05-12,current,,,,2015,5,12
491,,,False,2015-05-12,current,,,,2015,5,12
445,,,False,2015-05-13,current,,,,2015,5,13
644,,,False,2015-05-13,current,,,,2015,5,13
68,,,False,2015-05-13,current,,,,2015,5,13
489,,,False,2015-06-01,current,,,,2015,6,1
911,2015-06-03,2.0,True,2015-06-01,canceled,2015.0,6.0,3.0,2015,6,1
1291,2015-06-03,0.0,True,2015-06-03,canceled,2015.0,6.0,3.0,2015,6,3
1206,,,False,2015-06-03,current,,,,2015,6,3
414,,,False,2015-06-07,current,,,,2015,6,7
226,,,False,2015-06-08,current,,,,2015,6,8
2,,,False,2015-06-08,current,,,,2015,6,8
1241,2015-06-09,0.0,True,2015-06-09,canceled,2015.0,6.0,9.0,2015,6,9
1187,2015-06-15,6.0,True,2015-06-09,canceled,2015.0,6.0,15.0,2015,6,9
1274,,,False,2015-07-08,current,,,,2015,7,8
218,,,False,2015-07-08,current,,,,2015,7,8
324,,,False,2015-07-09,current,,,,2015,7,9
891,2015-07-15,6.0,True,2015-07-09,canceled,2015.0,7.0,15.0,2015,7,9
1000,,,False,2015-07-11,current,,,,2015,7,11
973,,,False,2015-07-13,current,,,,2015,7,13
806,,,False,2015-07-15,current,,,,2015,7,15
1178,2015-08-07,22.0,True,2015-07-16,canceled,2015.0,8.0,7.0,2015,7,16
832,,,False,2015-07-16,current,,,,2015,7,16
1232,2015-07-17,1.0,True,2015-07-16,canceled,2015.0,7.0,17.0,2015,7,16
1057,2015-07-21,4.0,True,2015-07-17,canceled,2015.0,7.0,21.0,2015,7,17
689,,,False,2015-07-17,current,,,,2015,7,17
1278,,,False,2015-07-17,current,,,,2015,7,17
1272,2015-07-23,6.0,True,2015-07-17,canceled,2015.0,7.0,23.0,2015,7,17
438,,,False,2015-07-17,current,,,,2015,7,17
992,,,False,2015-07-17,current,,,,2015,7,17
575,,,False,2015-07-17,current,,,,2015,7,17
807,2015-07-22,2.0,True,2015-07-20,canceled,2015.0,7.0,22.0,2015,7,20
1298,,,False,2015-08-11,current,,,,2015,8,11
751,,,False,2015-08-11,current,,,,2015,8,11
1176,,,False,2015-08-12,current,,,,2015,8,12
1110,,,False,2015-08-13,current,,,,2015,8,13
1116,2015-08-18,3.0,True,2015-08-15,canceled,2015.0,8.0,18.0,2015,8,15
874,,,False,2015-08-22,current,,,,2015,8,22
686,,,False,2015-08-23,current,,,,2015,8,23
