account_key,join_date,cancel_date,days_active,status
0,2015-01-09,2015-08-27,231,1
1,2015-05-06,2015-08-27,114,1
2,2015-06-08,2015-08-27,81,1
3,2014-11-10,2015-08-27,291,1
4,2015-05-12,2015-08-27,108,1
5,2015-01-07,2015-04-16,100,0
6,2015-06-05,2015-08-27,84,1
7,2015-05-12,2015-08-27,108,1
8,2015-05-06,2015-08-27,114,1
9,2015-01-08,2015-08-27,232,1
10,2014-11-10,2015-08-27,291,1
11,2015-04-24,2015-08-27,126,1
12,2014-11-10,2015-08-27,291,1
13,2015-04-01,2015-08-27,149,1
14,2015-06-03,2015-08-27,86,1
15,2015-01-12,2015-08-11,212,0
16,2015-05-13,2015-08-27,107,1
17,2015-05-11,2015-08-27,109,1
18,2014-11-10,2015-02-17,100,0
19,2015-04-06,2015-07-13,99,0
20,2015-05-11,2015-08-27,109,1
21,2015-07-17,2015-08-27,42,1
22,2015-04-03,2015-08-27,147,1
23,2014-11-10,2015-08-27,291,1
24,2014-12-03,2015-06-10,190,0
25,2014-11-11,2015-08-27,290,1
26,2015-02-11,2015-08-27,198,1
27,2015-05-11,2015-08-27,109,1
28,2015-01-12,2015-08-27,228,1
29,2015-07-16,2015-08-27,43,1
30,2015-02-10,2015-08-27,199,1
31,2014-11-10,2015-08-27,291,1
32,2015-01-08,2015-08-27,232,1
33,2015-01-12,2015-08-27,228,1
34,2014-11-16,2015-08-27,285,1
35,2015-02-08,2015-08-27,201,1
36,2015-05-13,2015-08-27,107,1
37,2014-11-14,2015-08-27,287,1
38,2014-11-14,2015-08-27,287,1
39,2015-07-17,2015-08-27,42,1
40,2015-07-15,2015-08-27,44,1
41,2015-05-13,2015-08-27,107,1
42,2015-03-04,2015-08-27,177,1
43,2014-12-08,2015-03-30,113,0
44,2014-11-10,2015-08-27,291,1
45,2014-11-10,2015-08-27,291,1
46,2014-12-08,2015-08-27,263,1
47,2015-07-16,2015-08-27,43,1
48,2015-07-16,2015-08-27,43,1
49,2015-04-24,2015-08-27,126,1
50,2015-03-04,2015-08-27,177,1
51,2014-11-10,2015-06-17,220,0
52,2014-12-07,2015-03-14,98,0
53,2014-11-14,2015-08-27,287,1
54,2014-12-03,2015-08-27,268,1
55,2015-05-29,2015-08-27,91,1
56,2015-01-07,2015-08-27,233,1
57,2014-11-11,2015-08-27,290,1
58,2015-05-09,2015-08-27,111,1
59,2015-01-10,2015-08-27,230,1
60,2014-11-10,2015-08-27,291,1
61,2015-05-12,2015-08-27,108,1
62,2014-12-08,2015-07-15,220,0
63,2015-05-28,2015-08-27,92,1
64,2014-12-06,2015-04-13,129,0
65,2014-11-16,2015-02-23,100,0
66,2015-01-07,2015-08-27,233,1
67,2015-01-07,2015-03-14,67,0
68,2015-05-13,2015-08-27,107,1
69,2014-11-17,2015-05-24,189,0
70,2015-02-09,2015-08-27,200,1
71,2015-01-07,2015-08-27,233,1
72,2014-11-10,2015-05-17,189,0
73,2015-05-28,2015-08-27,92,1
74,2014-11-15,2015-04-23,160,0
75,2015-04-01,2015-08-27,149,1
76,2014-11-14,2015-08-27,287,1
77,2015-01-07,2015-08-27,233,1
78,2014-12-08,2015-08-27,263,1
79,2014-12-09,2015-07-16,220,0
80,2015-06-07,2015-08-27,82,1
81,2014-11-10,2015-08-27,291,1
82,2015-03-05,2015-08-27,176,1
83,2015-06-06,2015-08-27,83,1
84,2015-05-06,2015-08-27,114,1
85,2014-11-11,2015-03-27,137,0
86,2015-04-02,2015-08-27,148,1
87,2015-01-12,2015-08-27,228,1
88,2014-11-15,2015-08-27,286,1
89,2015-05-07,2015-08-27,113,1
90,2014-11-10,2015-08-27,291,1
91,2014-11-10,2015-08-27,291,1
92,2014-11-12,2015-07-19,250,0
93,2015-01-07,2015-04-14,98,0
94,2015-04-24,2015-08-27,126,1
96,2014-11-17,2015-08-27,284,1
97,2015-02-05,2015-08-27,204,1
98,2015-04-02,2015-07-09,99,0
99,2015-01-13,2015-08-20,220,0
100,2015-02-05,2015-08-27,204,1
101,2014-11-12,2015-04-20,160,0
102,2014-11-10,2015-08-27,291,1
103,2015-01-07,2015-08-27,233,1
104,2015-04-10,2015-08-27,140,1
105,2015-04-07,2015-05-14,38,0
106,2014-11-11,2015-08-27,290,1
107,2015-04-24,2015-08-27,126,1
108,2015-01-07,2015-05-14,128,0
109,2015-05-06,2015-08-27,114,1
110,2014-12-03,2015-05-10,159,0
111,2014-12-07,2015-03-01,85,0
112,2015-05-08,2015-08-27,112,1
113,2015-03-04,2015-07-11,130,0
114,2014-11-10,2015-08-27,291,1
115,2015-01-11,2015-08-27,229,1
116,2015-05-06,2015-08-27,114,1
117,2015-04-08,2015-08-27,142,1
118,2015-04-06,2015-08-27,144,1
119,2014-12-03,2015-08-27,268,1
120,2015-05-11,2015-08-27,109,1
121,2015-06-07,2015-08-27,82,1
122,2015-07-17,2015-08-27,42,1
123,2014-11-10,2015-04-17,159,0
124,2015-05-31,2015-08-27,89,1
125,2015-01-13,2015-08-27,227,1
126,2014-11-14,2015-08-27,287,1
127,2015-04-24,2015-08-27,126,1
128,2015-06-08,2015-08-27,81,1
129,2015-05-11,2015-08-27,109,1
130,2014-11-10,2015-06-17,220,0
131,2014-11-14,2015-08-27,287,1
132,2015-03-04,2015-06-11,100,0
133,2015-06-08,2015-08-27,81,1
134,2015-02-05,2015-06-12,128,0
135,2014-11-14,2015-08-27,287,1
136,2015-02-05,2015-08-27,204,1
137,2014-12-06,2015-08-27,265,1
138,2015-02-10,2015-08-27,199,1
139,2015-03-06,2015-08-27,175,1
140,2014-11-10,2015-08-27,291,1
141,2015-03-07,2015-05-14,69,0
142,2015-01-12,2015-08-27,228,1
143,2015-02-09,2015-06-16,128,0
144,2015-01-09,2015-08-27,231,1
145,2014-11-10,2015-08-27,291,1
146,2015-04-24,2015-08-27,126,1
147,2014-12-03,2015-08-27,268,1
148,2014-11-11,2015-04-18,159,0
149,2015-03-11,2015-08-27,170,1
150,2014-11-10,2015-05-17,189,0
151,2015-01-11,2015-04-02,82,0
152,2014-11-17,2015-08-27,284,1
153,2014-12-07,2015-07-14,220,0
154,2015-05-09,2015-08-27,111,1
155,2014-11-14,2015-08-27,287,1
156,2014-11-10,2015-08-27,291,1
157,2014-11-10,2015-07-17,250,0
158,2015-04-04,2015-08-27,146,1
159,2014-12-09,2015-08-27,262,1
160,2014-11-11,2015-02-18,100,0
161,2014-11-12,2015-05-19,189,0
162,2015-05-11,2015-08-27,109,1
163,2015-07-09,2015-08-27,50,1
164,2015-07-16,2015-08-27,43,1
165,2014-11-10,2015-03-17,128,0
166,2014-12-08,2015-08-27,263,1
167,2015-04-24,2015-08-27,126,1
168,2015-01-12,2015-08-27,228,1
169,2014-12-09,2015-08-12,247,0
170,2015-01-09,2015-08-16,220,0
171,2015-03-08,2015-06-15,100,0
172,2015-03-10,2015-08-27,171,1
173,2015-05-07,2015-08-27,113,1
174,2014-12-03,2015-03-10,98,0
175,2015-05-09,2015-08-27,111,1
176,2015-07-08,2015-08-27,51,1
177,2015-04-10,2015-08-27,140,1
178,2014-11-17,2015-05-09,174,0
179,2014-11-10,2015-03-17,128,0
180,2015-01-12,2015-08-27,228,1
181,2014-11-13,2015-08-27,288,1
182,2015-05-08,2015-08-27,112,1
183,2015-04-01,2015-08-27,149,1
184,2015-05-12,2015-08-27,108,1
185,2014-11-12,2015-08-27,289,1
186,2014-11-14,2015-08-27,287,1
187,2014-11-12,2015-04-19,159,0
188,2014-11-16,2015-08-27,285,1
189,2015-05-12,2015-08-27,108,1
190,2015-02-11,2015-08-27,198,1
191,2014-11-16,2015-08-27,285,1
192,2015-05-09,2015-08-27,111,1
193,2014-12-08,2015-08-27,263,1
194,2014-11-10,2015-08-27,291,1
195,2014-11-10,2015-08-27,291,1
196,2015-06-03,2015-08-27,86,1
197,2015-01-07,2015-06-14,159,0
198,2014-11-10,2015-08-27,291,1
199,2015-05-30,2015-08-27,90,1
200,2015-05-12,2015-08-27,108,1
201,2015-04-24,2015-08-27,126,1
202,2014-12-03,2015-08-27,268,1
203,2014-11-15,2015-07-19,247,0
204,2014-11-10,2015-08-27,291,1
205,2015-04-01,2015-08-27,149,1
206,2014-11-10,2015-08-27,291,1
207,2015-01-07,2015-08-27,233,1
208,2015-03-08,2015-06-15,100,0
209,2014-12-05,2015-08-27,266,1
210,2015-03-11,2015-08-27,170,1
211,2015-05-06,2015-08-27,114,1
212,2015-04-24,2015-08-27,126,1
213,2015-07-14,2015-08-27,45,1
214,2015-01-12,2015-08-27,228,1
215,2014-11-14,2015-08-27,287,1
216,2015-06-02,2015-08-27,87,1
217,2014-11-14,2015-08-27,287,1
218,2015-07-08,2015-08-27,51,1
219,2015-06-06,2015-08-27,83,1
220,2015-04-07,2015-08-27,143,1
221,2014-12-03,2015-02-10,70,0
222,2014-11-17,2015-08-27,284,1
223,2014-11-10,2015-08-27,291,1
224,2014-11-10,2015-08-27,291,1
225,2014-11-10,2015-08-27,291,1
226,2015-06-08,2015-08-27,81,1
227,2014-11-12,2015-08-27,289,1
228,2015-05-07,2015-08-27,113,1
229,2015-01-07,2015-06-14,159,0
230,2014-11-10,2015-08-27,291,1
231,2014-11-14,2015-08-27,287,1
232,2015-01-08,2015-08-27,232,1
233,2015-03-06,2015-08-27,175,1
234,2014-11-11,2015-08-27,290,1
235,2015-05-11,2015-08-27,109,1
236,2015-05-10,2015-08-27,110,1
237,2015-05-10,2015-08-27,110,1
238,2015-07-13,2015-08-27,46,1
239,2015-03-04,2015-08-27,177,1
240,2015-04-24,2015-08-27,126,1
241,2014-12-08,2015-08-27,263,1
242,2015-05-11,2015-08-27,109,1
243,2014-11-16,2015-04-15,151,0
244,2014-12-04,2015-08-27,267,1
245,2014-11-14,2015-08-27,287,1
246,2015-04-01,2015-08-27,149,1
248,2015-06-09,2015-08-27,80,1
249,2015-05-12,2015-08-27,108,1
250,2015-01-12,2015-08-27,228,1
251,2015-02-06,2015-08-27,203,1
252,2015-05-12,2015-08-27,108,1
253,2014-11-16,2015-08-27,285,1
254,2014-11-14,2015-08-27,287,1
255,2015-05-06,2015-08-27,114,1
256,2014-12-03,2015-06-10,190,0
257,2014-11-15,2015-08-27,286,1
258,2014-11-10,2015-07-17,250,0
259,2015-03-05,2015-07-14,132,0
260,2015-05-11,2015-08-27,109,1
261,2014-11-16,2015-02-23,100,0
262,2015-04-24,2015-08-27,126,1
263,2015-01-10,2015-08-27,230,1
264,2014-12-03,2015-02-25,85,0
265,2014-12-04,2015-01-11,39,0
266,2015-06-06,2015-08-27,83,1
267,2015-04-24,2015-08-27,126,1
268,2014-11-10,2015-08-10,274,0
269,2015-04-02,2015-08-27,148,1
270,2015-01-09,2015-05-31,143,0
271,2015-07-08,2015-08-27,51,1
272,2015-01-08,2015-05-15,128,0
273,2014-11-14,2015-08-27,287,1
274,2015-05-06,2015-08-27,114,1
275,2014-11-12,2015-08-27,289,1
276,2015-05-10,2015-08-27,110,1
277,2014-11-15,2015-08-27,286,1
278,2014-12-04,2015-08-27,267,1
279,2015-02-05,2015-08-27,204,1
280,2014-11-15,2015-08-27,286,1
281,2014-11-14,2015-08-27,287,1
282,2014-11-14,2015-08-27,287,1
283,2014-11-13,2015-08-27,288,1
284,2015-02-09,2015-08-27,200,1
285,2015-01-07,2015-08-27,233,1
286,2015-07-08,2015-08-27,51,1
287,2015-05-11,2015-08-27,109,1
288,2014-12-03,2015-08-27,268,1
289,2015-04-07,2015-07-14,99,0
290,2015-05-30,2015-08-27,90,1
291,2015-04-02,2015-08-27,148,1
292,2014-12-05,2015-08-27,266,1
293,2015-05-10,2015-08-17,100,0
294,2015-06-04,2015-08-27,85,1
295,2014-12-07,2015-08-27,264,1
296,2015-06-08,2015-08-27,81,1
297,2015-01-12,2015-08-27,228,1
298,2015-05-08,2015-08-27,112,1
299,2015-04-24,2015-08-27,126,1
300,2014-12-03,2015-08-27,268,1
301,2014-11-10,2015-08-27,291,1
302,2015-04-24,2015-08-27,126,1
303,2015-05-11,2015-08-27,109,1
304,2015-05-10,2015-08-27,110,1
305,2015-03-10,2015-08-27,171,1
306,2015-02-08,2015-08-27,201,1
307,2015-02-10,2015-08-27,199,1
308,2014-11-16,2015-08-27,285,1
309,2014-11-10,2015-08-27,291,1
310,2015-04-06,2015-08-27,144,1
311,2014-11-16,2015-08-27,285,1
313,2015-02-05,2015-08-27,204,1
314,2015-05-11,2015-08-27,109,1
315,2014-11-10,2015-05-17,189,0
316,2014-12-06,2015-06-13,190,0
317,2015-07-09,2015-08-27,50,1
318,2015-06-05,2015-08-27,84,1
319,2014-12-30,2015-08-27,241,1
320,2015-05-07,2015-08-27,113,1
321,2014-11-15,2015-08-27,286,1
322,2014-11-10,2015-08-27,291,1
323,2014-11-10,2015-04-17,159,0
324,2015-07-09,2015-08-27,50,1
325,2015-07-19,2015-08-27,40,1
326,2015-07-09,2015-08-27,50,1
327,2014-11-14,2015-08-27,287,1
328,2014-11-10,2015-08-27,291,1
329,2014-11-10,2015-08-27,291,1
330,2015-05-10,2015-08-27,110,1
331,2015-05-11,2015-08-27,109,1
332,2015-08-11,2015-08-27,17,1
333,2015-04-01,2015-08-27,149,1
334,2014-11-16,2015-08-27,285,1
335,2014-11-12,2015-05-19,189,0
336,2014-11-10,2015-08-27,291,1
337,2015-02-10,2015-08-27,199,1
338,2014-11-15,2015-08-27,286,1
339,2014-11-10,2015-06-17,220,0
340,2015-04-01,2015-08-27,149,1
341,2015-05-10,2015-08-27,110,1
342,2014-12-05,2015-08-27,266,1
343,2014-12-07,2015-03-14,98,0
344,2015-01-11,2015-08-27,229,1
345,2015-01-07,2015-08-27,233,1
346,2014-12-05,2015-08-27,266,1
347,2014-12-07,2015-08-27,264,1
348,2015-02-05,2015-08-27,204,1
349,2015-04-03,2015-08-27,147,1
350,2015-01-07,2015-08-27,233,1
351,2015-03-08,2015-08-27,173,1
352,2015-02-05,2015-08-27,204,1
353,2015-04-24,2015-08-27,126,1
354,2014-11-10,2015-08-27,291,1
355,2015-07-17,2015-08-27,42,1
356,2015-01-09,2015-08-27,231,1
357,2015-01-11,2015-08-27,229,1
358,2014-12-05,2015-08-27,266,1
359,2015-07-15,2015-08-27,44,1
360,2015-05-06,2015-08-27,114,1
361,2015-05-13,2015-06-20,39,0
362,2015-01-09,2015-04-16,98,0
363,2015-04-02,2015-08-27,148,1
364,2014-12-05,2015-08-27,266,1
365,2015-05-13,2015-08-27,107,1
366,2014-11-10,2015-04-17,159,0
367,2014-11-11,2015-04-02,143,0
368,2014-11-10,2015-08-27,291,1
369,2014-11-10,2015-08-27,291,1
370,2015-04-24,2015-08-27,126,1
371,2015-01-13,2015-08-27,227,1
372,2015-03-06,2015-08-27,175,1
373,2015-01-12,2015-08-27,228,1
374,2015-02-06,2015-08-27,203,1
375,2015-03-09,2015-08-27,172,1
376,2015-05-05,2015-08-27,115,1
377,2014-12-05,2015-08-27,266,1
378,2014-11-10,2015-04-17,159,0
379,2015-01-12,2015-08-27,228,1
380,2014-12-08,2015-08-27,263,1
381,2015-02-09,2015-08-27,200,1
382,2015-05-06,2015-08-27,114,1
383,2015-01-07,2015-08-27,233,1
384,2015-06-08,2015-08-27,81,1
385,2015-05-08,2015-08-27,112,1
386,2015-01-13,2015-06-13,152,0
387,2015-04-24,2015-08-27,126,1
388,2014-12-08,2015-08-27,263,1
389,2014-11-14,2015-08-27,287,1
390,2014-11-10,2015-08-27,291,1
391,2015-02-10,2015-08-27,199,1
392,2015-04-02,2015-08-27,148,1
393,2015-07-18,2015-08-27,41,1
394,2014-11-10,2015-04-17,159,0
395,2015-04-08,2015-08-27,142,1
396,2015-04-24,2015-08-27,126,1
397,2014-12-04,2015-08-27,267,1
398,2015-05-11,2015-08-27,109,1
399,2015-05-12,2015-08-27,108,1
400,2015-04-01,2015-08-27,149,1
401,2015-04-24,2015-08-27,126,1
402,2015-01-12,2015-08-27,228,1
403,2015-07-16,2015-08-27,43,1
404,2015-04-07,2015-08-17,133,0
405,2015-06-03,2015-08-27,86,1
406,2015-05-10,2015-08-27,110,1
407,2015-05-06,2015-08-13,100,0
408,2014-11-10,2015-04-17,159,0
409,2015-03-06,2015-08-27,175,1
410,2015-05-12,2015-08-19,100,0
411,2014-12-08,2015-06-15,190,0
412,2014-11-10,2015-08-27,291,1
413,2015-02-06,2015-05-13,97,0
414,2015-06-07,2015-08-27,82,1
415,2014-11-16,2015-08-27,285,1
416,2015-02-11,2015-07-15,155,0
417,2015-08-12,2015-08-27,16,1
418,2015-01-11,2015-07-18,189,0
419,2014-11-17,2015-08-08,265,0
420,2014-11-10,2015-08-27,291,1
421,2015-01-08,2015-08-27,232,1
422,2015-05-08,2015-08-27,112,1
423,2015-02-09,2015-08-27,200,1
424,2015-04-06,2015-08-27,144,1
425,2015-04-05,2015-08-27,145,1
426,2015-04-01,2015-08-14,136,0
427,2015-01-09,2015-06-16,159,0
428,2014-11-10,2015-08-27,291,1
429,2014-11-10,2015-06-17,220,0
430,2015-07-10,2015-08-27,49,1
431,2014-11-10,2015-03-17,128,0
432,2015-03-09,2015-08-27,172,1
433,2015-04-08,2015-08-27,142,1
434,2015-01-12,2015-06-03,143,0
435,2015-02-06,2015-08-27,203,1
436,2015-02-08,2015-08-27,201,1
437,2015-04-02,2015-08-27,148,1
438,2015-07-17,2015-08-27,42,1
439,2014-11-10,2015-08-27,291,1
440,2014-11-11,2015-02-18,100,0
441,2014-11-12,2015-06-19,220,0
442,2015-01-07,2015-08-27,233,1
443,2014-11-10,2015-08-27,291,1
444,2014-12-04,2015-08-27,267,1
445,2015-05-13,2015-08-27,107,1
446,2015-01-07,2015-08-27,233,1
447,2015-04-24,2015-06-04,42,0
449,2015-04-03,2015-08-27,147,1
450,2014-12-07,2015-08-27,264,1
451,2015-04-01,2015-08-27,149,1
452,2015-06-04,2015-08-27,85,1
453,2014-12-08,2015-08-27,263,1
454,2015-05-12,2015-08-27,108,1
455,2015-04-01,2015-08-27,149,1
456,2015-06-07,2015-08-27,82,1
457,2015-03-10,2015-08-27,171,1
458,2014-11-10,2015-08-27,291,1
459,2015-06-08,2015-08-27,81,1
460,2015-01-07,2015-08-27,233,1
461,2014-12-08,2015-08-27,263,1
462,2015-07-09,2015-08-27,50,1
463,2015-02-09,2015-08-27,200,1
464,2015-04-01,2015-08-27,149,1
465,2015-02-05,2015-08-12,189,0
466,2015-05-06,2015-08-27,114,1
467,2015-01-10,2015-07-02,174,0
468,2015-04-02,2015-08-27,148,1
469,2014-11-16,2015-08-27,285,1
471,2015-05-07,2015-08-27,113,1
472,2015-01-07,2015-08-27,233,1
473,2014-12-08,2015-04-15,129,0
474,2014-12-09,2015-03-16,98,0
475,2015-05-09,2015-08-27,111,1
476,2015-05-08,2015-08-27,112,1
477,2015-03-04,2015-07-11,130,0
478,2015-06-09,2015-08-27,80,1
479,2015-05-09,2015-08-27,111,1
480,2014-11-10,2015-08-27,291,1
481,2015-05-28,2015-08-27,92,1
482,2015-04-03,2015-08-27,147,1
483,2014-11-10,2015-04-20,162,0
484,2015-05-07,2015-08-27,113,1
485,2015-03-10,2015-08-27,171,1
486,2015-01-12,2015-08-27,228,1
487,2015-05-10,2015-08-27,110,1
488,2014-11-15,2015-08-27,286,1
489,2015-06-01,2015-08-27,88,1
490,2015-05-13,2015-08-27,107,1
491,2015-05-12,2015-08-27,108,1
492,2015-03-10,2015-08-27,171,1
493,2015-02-05,2015-08-27,204,1
494,2014-11-10,2015-08-27,291,1
495,2014-11-12,2015-08-27,289,1
496,2015-06-03,2015-08-27,86,1
497,2015-05-12,2015-08-27,108,1
498,2015-07-09,2015-08-27,50,1
499,2014-11-17,2015-05-13,178,0
500,2014-11-12,2015-08-27,289,1
501,2015-05-11,2015-08-27,109,1
502,2014-11-15,2015-08-27,286,1
503,2015-06-03,2015-08-27,86,1
504,2014-11-10,2015-06-17,220,0
505,2015-03-07,2015-05-14,69,0
506,2014-11-10,2015-08-27,291,1
507,2015-01-09,2015-08-27,231,1
508,2015-03-04,2015-08-27,177,1
509,2015-03-05,2015-08-27,176,1
510,2015-02-05,2015-08-27,204,1
511,2015-05-11,2015-08-27,109,1
512,2014-11-10,2015-03-17,128,0
513,2015-05-28,2015-08-27,92,1
514,2014-12-04,2015-06-11,190,0
515,2015-01-08,2015-08-27,232,1
516,2014-12-09,2015-08-27,262,1
517,2015-03-06,2015-08-27,175,1
518,2015-06-08,2015-08-27,81,1
519,2015-05-11,2015-08-27,109,1
520,2014-11-10,2015-03-17,128,0
521,2015-02-09,2015-07-16,158,0
522,2014-11-10,2015-08-27,291,1
523,2014-12-03,2015-08-27,268,1
524,2014-12-06,2015-08-27,265,1
525,2014-11-10,2015-07-17,250,0
526,2015-07-16,2015-08-27,43,1
527,2015-01-09,2015-08-27,231,1
528,2015-04-03,2015-08-10,130,0
529,2014-12-08,2015-08-27,263,1
530,2015-01-07,2015-08-27,233,1
531,2015-07-08,2015-08-27,51,1
532,2015-01-12,2015-06-19,159,0
533,2015-05-11,2015-08-27,109,1
534,2015-01-12,2015-04-19,98,0
535,2015-02-08,2015-08-27,201,1
536,2015-04-24,2015-08-27,126,1
537,2014-11-10,2015-08-27,291,1
538,2015-06-02,2015-08-27,87,1
539,2014-12-03,2015-08-27,268,1
540,2015-05-08,2015-08-27,112,1
541,2014-11-12,2015-06-19,220,0
542,2015-07-10,2015-08-27,49,1
543,2015-04-01,2015-08-27,149,1
544,2014-11-10,2015-05-17,189,0
545,2015-05-28,2015-08-27,92,1
546,2014-12-05,2015-08-27,266,1
547,2014-12-09,2015-08-16,251,0
548,2015-07-20,2015-08-27,39,1
549,2014-12-03,2015-06-10,190,0
550,2014-11-10,2015-07-04,237,0
551,2015-04-24,2015-08-27,126,1
552,2015-08-14,2015-08-27,14,1
553,2014-11-10,2015-08-27,291,1
554,2015-06-07,2015-08-27,82,1
555,2015-04-09,2015-08-27,141,1
556,2015-05-12,2015-08-27,108,1
557,2014-12-08,2015-08-27,263,1
558,2014-12-03,2015-08-27,268,1
559,2015-05-07,2015-08-27,113,1
560,2014-12-06,2015-08-27,265,1
561,2015-02-05,2015-08-27,204,1
562,2014-11-10,2015-08-27,291,1
563,2014-12-03,2015-07-10,220,0
564,2015-02-08,2015-08-27,201,1
565,2015-06-08,2015-08-27,81,1
566,2015-05-12,2015-08-27,108,1
567,2015-01-12,2015-08-27,228,1
568,2014-11-10,2015-08-27,291,1
569,2015-06-02,2015-08-09,69,0
570,2014-12-07,2015-08-27,264,1
571,2014-12-08,2015-08-27,263,1
572,2015-05-28,2015-08-27,92,1
573,2015-06-07,2015-08-27,82,1
574,2015-04-24,2015-08-27,126,1
575,2015-07-17,2015-08-27,42,1
576,2014-11-10,2015-02-17,100,0
577,2014-11-12,2015-07-12,243,0
578,2015-04-02,2015-08-27,148,1
579,2014-11-15,2015-08-27,286,1
580,2014-11-10,2015-07-17,250,0
581,2014-12-07,2015-08-27,264,1
582,2014-11-10,2015-08-27,291,1
583,2014-12-08,2015-05-15,159,0
584,2014-11-10,2015-08-27,291,1
585,2015-04-01,2015-08-27,149,1
586,2015-03-10,2015-08-27,171,1
587,2014-11-10,2015-08-27,291,1
588,2015-04-02,2015-08-27,148,1
589,2015-02-05,2015-08-27,204,1
590,2014-12-03,2015-08-27,268,1
591,2014-11-12,2015-08-27,289,1
592,2015-01-07,2015-08-27,233,1
593,2015-04-02,2015-08-27,148,1
594,2014-12-05,2015-08-27,266,1
595,2014-11-10,2015-08-27,291,1
596,2015-05-12,2015-08-27,108,1
597,2015-01-12,2015-07-19,189,0
598,2015-01-12,2015-08-27,228,1
599,2014-11-12,2015-08-27,289,1
600,2015-04-07,2015-08-27,143,1
601,2014-11-10,2015-08-27,291,1
602,2015-02-06,2015-08-13,189,0
603,2015-02-09,2015-08-27,200,1
604,2014-11-10,2015-08-27,291,1
605,2015-02-06,2015-08-27,203,1
606,2015-04-08,2015-06-15,69,0
607,2015-03-05,2015-08-27,176,1
608,2015-05-10,2015-08-27,110,1
609,2015-04-24,2015-08-27,126,1
610,2015-01-07,2015-03-14,67,0
611,2014-12-08,2015-01-15,39,0
612,2014-11-10,2015-03-17,128,0
613,2014-12-05,2015-08-27,266,1
614,2015-03-06,2015-08-27,175,1
615,2015-03-05,2015-08-27,176,1
616,2015-05-28,2015-08-27,92,1
617,2014-11-12,2015-08-27,289,1
618,2014-12-05,2015-04-12,129,0
619,2015-06-06,2015-08-27,83,1
620,2014-11-10,2015-08-27,291,1
621,2015-05-12,2015-08-27,108,1
622,2015-01-08,2015-06-15,159,0
623,2014-12-07,2015-04-15,130,0
624,2015-03-04,2015-06-26,115,0
625,2015-04-02,2015-08-27,148,1
626,2014-11-10,2015-05-11,183,0
627,2014-11-16,2015-08-27,285,1
628,2015-06-09,2015-08-27,80,1
629,2015-06-09,2015-08-27,80,1
630,2014-11-11,2015-03-18,128,0
631,2014-12-03,2015-07-15,225,0
632,2015-04-07,2015-08-27,143,1
633,2015-07-17,2015-08-27,42,1
634,2014-12-09,2015-06-16,190,0
635,2015-05-07,2015-08-27,113,1
636,2015-02-09,2015-08-12,185,0
637,2014-12-06,2015-08-13,251,0
639,2014-11-13,2015-03-20,128,0
640,2014-11-12,2015-08-27,289,1
641,2014-12-09,2015-06-14,188,0
642,2015-01-11,2015-08-27,229,1
643,2014-12-03,2015-08-27,268,1
644,2015-05-13,2015-08-27,107,1
645,2015-02-09,2015-05-16,97,0
646,2015-06-04,2015-08-27,85,1
647,2015-05-06,2015-08-27,114,1
648,2015-05-11,2015-08-27,109,1
649,2014-11-10,2015-03-17,128,0
650,2014-12-04,2015-08-11,251,0
651,2015-04-06,2015-06-13,69,0
652,2015-03-10,2015-08-27,171,1
653,2015-03-05,2015-08-27,176,1
654,2014-12-03,2014-12-04,2,0
655,2014-11-10,2015-01-20,72,0
656,2015-05-12,2015-08-27,108,1
657,2015-01-13,2015-03-20,67,0
658,2015-04-06,2015-04-10,5,0
659,2015-03-10,2015-03-15,6,0
660,2014-12-03,2015-01-10,39,0
661,2015-05-12,2015-06-19,39,0
662,2015-07-17,2015-07-21,5,0
663,2015-06-02,2015-06-15,14,0
664,2015-01-08,2015-01-08,1,0
665,2015-05-12,2015-08-27,108,1
666,2015-02-09,2015-04-16,67,0
667,2014-12-09,2015-01-16,39,0
668,2014-12-09,2015-01-20,43,0
669,2015-05-12,2015-07-19,69,0
670,2015-01-08,2015-04-15,98,0
671,2014-12-09,2015-02-03,57,0
672,2014-11-14,2015-08-27,287,1
673,2015-06-01,2015-08-27,88,1
674,2015-05-12,2015-08-27,108,1
675,2014-11-11,2014-11-16,6,0
676,2015-04-13,2015-08-27,137,1
677,2015-04-08,2015-04-14,7,0
678,2015-01-08,2015-02-15,39,0
679,2015-06-08,2015-06-13,6,0
680,2015-03-09,2015-03-12,4,0
681,2015-04-01,2015-06-15,76,0
682,2014-12-07,2015-05-15,160,0
683,2014-11-14,2014-11-15,2,0
684,2014-11-16,2014-11-21,6,0
685,2015-03-10,2015-03-17,8,0
686,2015-08-23,2015-08-27,5,1
687,2015-07-20,2015-08-27,39,1
688,2015-01-09,2015-01-11,3,0
689,2015-07-17,2015-08-27,42,1
690,2015-02-05,2015-08-27,204,1
691,2015-01-07,2015-01-10,4,0
692,2015-02-11,2015-02-24,14,0
693,2014-11-15,2015-01-23,70,0
694,2015-07-10,2015-08-27,49,1
695,2014-12-09,2014-12-15,7,0
696,2014-11-10,2015-01-20,72,0
697,2014-12-08,2015-01-15,39,0
698,2015-01-08,2015-02-15,39,0
699,2015-08-11,2015-08-18,8,0
700,2014-11-10,2014-11-16,7,0
701,2015-07-16,2015-07-20,5,0
702,2014-11-13,2015-08-27,288,1
703,2015-03-06,2015-03-09,4,0
704,2015-05-06,2015-07-13,69,0
705,2014-12-08,2015-04-28,142,0
706,2015-04-07,2015-07-14,99,0
707,2014-12-03,2014-12-03,1,0
708,2015-06-05,2015-06-10,6,0
709,2015-02-08,2015-03-15,36,0
710,2014-12-08,2015-02-15,70,0
711,2015-05-08,2015-05-08,1,0
712,2014-11-13,2015-03-20,128,0
713,2015-05-12,2015-07-04,54,0
714,2015-05-11,2015-07-12,63,0
715,2015-05-12,2015-08-27,108,1
716,2015-02-11,2015-02-15,5,0
717,2014-12-04,2014-12-04,1,0
718,2015-05-08,2015-06-19,43,0
719,2014-11-17,2014-11-25,9,0
720,2015-03-04,2015-04-11,39,0
721,2015-06-09,2015-07-15,37,0
722,2015-01-12,2015-05-19,128,0
723,2015-04-03,2015-04-06,4,0
724,2015-01-12,2015-01-18,7,0
725,2014-12-06,2014-12-06,1,0
726,2015-04-08,2015-05-15,38,0
727,2014-12-07,2014-12-07,1,0
728,2014-12-05,2014-12-05,1,0
729,2015-04-03,2015-04-25,23,0
730,2015-01-08,2015-01-30,23,0
731,2015-06-03,2015-06-07,5,0
732,2015-01-12,2015-05-19,128,0
733,2015-01-12,2015-01-12,1,0
734,2015-05-13,2015-05-17,5,0
735,2015-04-14,2015-06-09,57,0
736,2014-12-04,2015-03-11,98,0
737,2014-11-10,2014-11-10,1,0
738,2015-02-07,2015-02-13,7,0
739,2015-04-05,2015-04-05,1,0
740,2014-11-11,2014-11-15,5,0
741,2015-02-09,2015-02-15,7,0
742,2015-08-14,2015-08-27,14,1
743,2014-12-09,2015-01-16,39,0
744,2014-11-14,2014-12-21,38,0
745,2014-11-11,2014-11-13,3,0
746,2015-02-05,2015-03-12,36,0
747,2014-12-07,2015-08-27,264,1
748,2015-06-08,2015-08-27,81,1
749,2015-03-05,2015-03-05,1,0
750,2015-06-06,2015-06-06,1,0
751,2015-08-11,2015-08-27,17,1
752,2014-11-10,2014-11-19,10,0
753,2015-03-05,2015-04-12,39,0
754,2015-08-21,2015-08-27,7,1
755,2014-11-10,2015-08-27,291,1
756,2014-11-12,2015-01-15,65,0
757,2015-01-11,2015-02-18,39,0
758,2015-05-12,2015-05-17,6,0
759,2014-12-08,2015-04-15,129,0
760,2014-11-10,2014-11-13,4,0
761,2015-01-11,2015-02-18,39,0
762,2015-06-08,2015-07-15,38,0
763,2015-06-08,2015-06-14,7,0
764,2015-07-17,2015-08-27,42,1
765,2015-01-13,2015-01-18,6,0
766,2015-05-10,2015-05-10,1,0
767,2014-12-08,2014-12-11,4,0
768,2015-03-10,2015-03-11,2,0
769,2015-04-03,2015-04-25,23,0
770,2014-11-15,2014-11-19,5,0
771,2014-12-09,2015-08-27,262,1
772,2015-05-12,2015-05-19,8,0
773,2015-07-17,2015-08-27,42,1
774,2015-01-11,2015-01-15,5,0
775,2015-07-17,2015-07-24,8,0
776,2014-12-08,2015-02-03,58,0
777,2015-06-08,2015-08-15,69,0
778,2014-12-07,2014-12-29,23,0
779,2015-05-10,2015-06-18,40,0
780,2015-01-11,2015-02-18,39,0
781,2015-04-02,2015-08-27,148,1
782,2015-07-17,2015-08-27,42,1
783,2015-07-13,2015-07-19,7,0
784,2015-08-17,2015-08-27,11,1
785,2015-01-12,2015-05-19,128,0
786,2015-04-02,2015-05-09,38,0
787,2014-11-16,2014-12-23,38,0
788,2015-04-01,2015-04-06,6,0
789,2015-02-06,2015-02-06,1,0
790,2014-12-09,2014-12-15,7,0
791,2015-01-08,2015-08-27,232,1
792,2015-02-09,2015-06-16,128,0
793,2015-02-10,2015-04-17,67,0
794,2015-08-13,2015-08-27,15,1
795,2015-03-09,2015-03-13,5,0
796,2015-04-07,2015-04-16,10,0
797,2015-04-24,2015-08-27,126,1
798,2015-07-19,2015-08-27,40,1
799,2015-02-06,2015-02-06,1,0
800,2014-11-12,2015-05-11,181,0
801,2014-12-08,2015-02-03,58,0
802,2015-01-08,2015-01-08,1,0
803,2015-01-08,2015-01-08,1,0
804,2015-06-09,2015-07-16,38,0
805,2015-08-11,2015-08-27,17,1
806,2015-07-15,2015-08-27,44,1
807,2015-07-20,2015-07-22,3,0
808,2014-12-08,2014-12-30,23,0
809,2015-03-10,2015-03-14,5,0
810,2014-11-10,2014-11-13,4,0
811,2015-05-06,2015-06-13,39,0
812,2015-07-09,2015-08-27,50,1
813,2015-07-11,2015-07-17,7,0
814,2015-06-02,2015-06-07,6,0
815,2015-05-12,2015-05-18,7,0
816,2015-08-20,2015-08-27,8,1
817,2014-12-09,2014-12-09,1,0
819,2015-03-04,2015-03-04,1,0
820,2014-12-06,2014-12-09,4,0
821,2014-11-10,2014-11-16,7,0
822,2014-11-17,2015-08-27,284,1
823,2015-02-10,2015-05-17,97,0
824,2015-01-09,2015-03-04,55,0
825,2015-05-06,2015-06-16,42,0
826,2015-06-05,2015-06-09,5,0
827,2015-07-08,2015-07-12,5,0
828,2015-03-09,2015-04-16,39,0
829,2014-11-14,2014-12-22,39,0
830,2015-04-03,2015-04-06,4,0
831,2014-12-03,2015-01-10,39,0
832,2015-07-16,2015-08-27,43,1
833,2015-02-09,2015-03-03,23,0
834,2015-08-13,2015-08-27,15,1
835,2014-12-03,2015-01-10,39,0
836,2014-12-09,2015-08-27,262,1
837,2014-11-10,2014-11-11,2,0
838,2014-11-10,2014-11-11,2,0
839,2014-11-13,2015-01-15,64,0
840,2015-08-21,2015-08-27,7,1
841,2014-11-12,2014-11-12,1,0
842,2015-01-07,2015-01-09,3,0
843,2015-06-02,2015-08-27,87,1
844,2015-04-07,2015-05-12,36,0
845,2014-11-16,2014-11-23,8,0
846,2015-05-12,2015-06-19,39,0
847,2015-01-12,2015-01-19,8,0
848,2015-03-06,2015-08-14,162,0
849,2015-07-17,2015-07-19,3,0
850,2015-07-18,2015-07-22,5,0
851,2015-08-22,2015-08-27,6,1
852,2015-05-12,2015-08-27,108,1
853,2015-04-06,2015-08-27,144,1
854,2015-08-23,2015-08-27,5,1
855,2014-11-14,2014-12-21,38,0
856,2015-07-18,2015-08-09,23,0
857,2015-02-06,2015-08-27,203,1
858,2015-05-12,2015-07-19,69,0
859,2014-11-15,2015-02-18,96,0
860,2015-03-07,2015-03-11,5,0
861,2014-11-16,2014-11-19,4,0
862,2015-01-12,2015-01-18,7,0
863,2015-04-10,2015-04-12,3,0
864,2014-11-10,2014-11-19,10,0
865,2014-12-07,2014-12-13,7,0
866,2014-12-07,2015-01-14,39,0
867,2014-12-09,2014-12-31,23,0
868,2014-11-16,2014-12-08,23,0
869,2014-11-14,2014-11-21,8,0
870,2015-05-12,2015-05-12,1,0
871,2014-11-13,2014-11-13,1,0
872,2015-03-06,2015-08-27,175,1
873,2015-01-08,2015-01-30,23,0
874,2015-08-22,2015-08-27,6,1
875,2014-11-17,2014-11-17,1,0
876,2015-01-08,2015-01-11,4,0
877,2015-05-13,2015-06-04,23,0
878,2014-11-10,2014-11-10,1,0
879,2015-07-18,2015-07-24,7,0
880,2015-08-23,2015-08-27,5,1
881,2015-05-11,2015-05-14,4,0
882,2014-11-10,2014-12-17,38,0
883,2015-07-19,2015-08-27,40,1
884,2015-01-08,2015-01-08,1,0
885,2015-07-16,2015-08-27,43,1
886,2015-05-08,2015-05-13,6,0
887,2015-06-08,2015-08-27,81,1
888,2015-06-09,2015-08-27,80,1
889,2015-08-11,2015-08-11,1,0
890,2014-11-10,2014-11-11,2,0
891,2015-07-09,2015-07-15,7,0
892,2014-11-10,2014-11-12,3,0
893,2015-08-18,2015-08-27,10,1
894,2015-05-06,2015-05-12,7,0
895,2014-11-11,2014-11-19,9,0
896,2014-12-08,2015-08-27,263,1
897,2015-06-08,2015-07-15,38,0
898,2015-07-18,2015-07-24,7,0
899,2015-03-11,2015-03-17,7,0
900,2015-01-10,2015-08-27,230,1
901,2015-07-17,2015-08-27,42,1
902,2015-05-29,2015-05-29,1,0
903,2014-11-16,2014-11-21,6,0
904,2015-03-05,2015-03-10,6,0
905,2015-01-08,2015-03-15,67,0
906,2014-11-17,2015-08-27,284,1
907,2014-12-09,2014-12-15,7,0
908,2014-11-15,2014-11-16,2,0
909,2014-12-05,2014-12-28,24,0
910,2015-06-08,2015-06-15,8,0
911,2015-06-01,2015-06-03,3,0
912,2015-06-06,2015-08-13,69,0
913,2014-11-10,2015-02-17,100,0
914,2015-04-02,2015-07-17,107,0
915,2015-07-16,2015-07-22,7,0
916,2015-02-08,2015-04-15,67,0
917,2014-12-09,2014-12-14,6,0
918,2015-04-06,2015-05-28,53,0
919,2014-11-10,2015-03-17,128,0
920,2015-04-12,2015-08-27,138,1
921,2015-08-17,2015-08-21,5,0
922,2014-12-03,2014-12-08,6,0
923,2014-11-16,2015-08-27,285,1
924,2015-08-11,2015-08-27,17,1
925,2014-12-04,2014-12-05,2,0
926,2015-04-06,2015-04-06,1,0
927,2015-05-06,2015-07-20,76,0
928,2015-05-11,2015-08-27,109,1
929,2014-11-12,2014-11-17,6,0
930,2014-11-13,2014-11-17,5,0
931,2015-08-11,2015-08-27,17,1
932,2014-12-09,2015-01-16,39,0
933,2014-12-09,2014-12-14,6,0
934,2015-01-11,2015-02-18,39,0
935,2014-11-16,2014-11-23,8,0
936,2015-04-07,2015-04-12,6,0
937,2015-05-06,2015-06-13,39,0
938,2014-11-14,2015-01-16,64,0
939,2015-04-24,2015-08-27,126,1
940,2015-07-17,2015-08-27,42,1
941,2015-03-10,2015-04-01,23,0
942,2015-05-10,2015-05-15,6,0
943,2014-11-10,2014-11-17,8,0
944,2015-03-10,2015-03-12,3,0
945,2015-01-13,2015-01-17,5,0
946,2015-08-11,2015-08-27,17,1
947,2015-07-08,2015-07-13,6,0
948,2015-05-06,2015-06-22,48,0
949,2014-11-14,2014-11-20,7,0
950,2015-07-19,2015-08-27,40,1
951,2015-07-08,2015-07-11,4,0
952,2015-02-11,2015-03-18,36,0
953,2014-12-05,2014-12-11,7,0
954,2014-11-10,2015-04-02,144,0
955,2015-05-11,2015-08-18,100,0
956,2015-06-08,2015-08-15,69,0
957,2015-04-08,2015-04-14,7,0
958,2015-03-04,2015-06-07,96,0
959,2014-12-03,2014-12-08,6,0
960,2014-12-09,2014-12-15,7,0
961,2015-06-08,2015-06-11,4,0
962,2014-12-04,2015-02-06,65,0
963,2014-11-10,2014-11-14,5,0
964,2014-12-04,2014-12-04,1,0
965,2015-01-10,2015-04-17,98,0
966,2015-01-07,2015-08-27,233,1
967,2015-08-21,2015-08-27,7,1
968,2015-07-17,2015-07-17,1,0
969,2014-11-14,2014-12-22,39,0
970,2015-05-08,2015-07-23,77,0
971,2015-02-06,2015-02-08,3,0
972,2014-11-15,2015-03-22,128,0
973,2015-07-13,2015-08-27,46,1
974,2014-12-08,2014-12-12,5,0
975,2015-08-23,2015-08-27,5,1
976,2014-12-04,2015-01-11,39,0
977,2015-05-12,2015-08-27,108,1
978,2015-06-09,2015-06-14,6,0
979,2015-07-17,2015-08-27,42,1
980,2015-04-08,2015-04-14,7,0
981,2015-02-07,2015-02-07,1,0
982,2014-12-08,2014-12-09,2,0
983,2014-11-16,2015-01-23,69,0
984,2015-02-05,2015-08-27,204,1
985,2015-03-11,2015-04-18,39,0
986,2015-08-15,2015-08-27,13,1
987,2014-12-09,2014-12-11,3,0
988,2015-05-13,2015-07-20,69,0
989,2015-01-12,2015-06-19,159,0
990,2015-08-23,2015-08-27,5,1
991,2015-01-12,2015-01-18,7,0
992,2015-07-17,2015-08-27,42,1
993,2015-08-11,2015-08-17,7,0
994,2015-04-05,2015-04-06,2,0
995,2015-05-11,2015-05-18,8,0
996,2015-05-29,2015-05-29,1,0
997,2015-01-12,2015-01-12,1,0
998,2015-08-11,2015-08-18,8,0
999,2015-02-10,2015-02-13,4,0
1000,2015-07-11,2015-08-27,48,1
1001,2015-07-09,2015-08-27,50,1
1002,2015-05-07,2015-08-27,113,1
1003,2015-07-16,2015-07-20,5,0
1004,2015-05-06,2015-05-08,3,0
1005,2015-07-09,2015-07-11,3,0
1006,2014-11-10,2014-11-17,8,0
1007,2015-05-12,2015-07-23,73,0
1008,2015-01-07,2015-01-14,8,0
1009,2014-12-05,2015-02-12,70,0
1010,2015-01-11,2015-01-11,1,0
1011,2014-11-11,2015-05-15,186,0
1012,2014-11-17,2014-11-21,5,0
1013,2014-12-04,2015-04-11,129,0
1014,2015-07-18,2015-08-27,41,1
1015,2014-12-03,2015-02-03,63,0
1016,2015-05-13,2015-05-19,7,0
1017,2014-11-16,2014-11-20,5,0
1018,2015-07-20,2015-07-26,7,0
1019,2014-11-11,2015-01-18,69,0
1020,2014-11-10,2014-11-15,6,0
1021,2014-11-12,2014-11-17,6,0
1022,2015-05-07,2015-08-27,113,1
1023,2015-07-17,2015-07-20,4,0
1024,2015-05-06,2015-05-11,6,0
1025,2015-06-07,2015-06-07,1,0
1026,2015-05-11,2015-05-12,2,0
1027,2014-12-09,2014-12-13,5,0
1028,2015-08-21,2015-08-27,7,1
1029,2015-05-12,2015-07-04,54,0
1030,2015-05-11,2015-07-18,69,0
1031,2015-06-09,2015-08-27,80,1
1032,2015-06-08,2015-08-27,81,1
1033,2015-02-06,2015-08-13,189,0
1034,2015-07-15,2015-07-20,6,0
1035,2014-11-13,2015-02-09,89,0
1036,2015-06-09,2015-08-27,80,1
1037,2015-04-02,2015-04-04,3,0
1038,2015-04-04,2015-04-26,23,0
1039,2015-07-19,2015-08-16,29,0
1040,2014-11-11,2015-06-19,221,0
1041,2014-11-15,2014-11-21,7,0
1042,2015-02-06,2015-06-19,134,0
1043,2014-12-03,2014-12-04,2,0
1044,2015-02-08,2015-02-08,1,0
1045,2015-03-06,2015-03-12,7,0
1046,2015-04-05,2015-04-07,3,0
1047,2014-11-10,2014-11-11,2,0
1048,2015-03-11,2015-08-27,170,1
1049,2015-02-10,2015-03-04,23,0
1050,2015-08-11,2015-08-27,17,1
1051,2014-11-14,2014-11-16,3,0
1052,2015-05-12,2015-07-19,69,0
1053,2015-01-11,2015-03-18,67,0
1054,2015-04-07,2015-08-14,130,0
1055,2015-05-08,2015-07-15,69,0
1056,2015-08-12,2015-08-27,16,1
1057,2015-07-17,2015-07-21,5,0
1058,2014-11-10,2015-08-27,291,1
1059,2015-05-12,2015-05-18,7,0
1060,2015-01-11,2015-02-18,39,0
1061,2015-01-12,2015-01-14,3,0
1062,2015-05-10,2015-06-17,39,0
1063,2015-07-14,2015-07-14,1,0
1064,2015-05-11,2015-05-12,2,0
1065,2015-01-08,2015-01-11,4,0
1066,2015-03-10,2015-05-02,54,0
1067,2015-08-22,2015-08-27,6,1
1068,2015-05-28,2015-05-29,2,0
1070,2015-07-19,2015-08-27,40,1
1071,2014-11-10,2015-03-17,128,0
1072,2015-04-02,2015-08-27,148,1
1073,2015-01-07,2015-08-27,233,1
1074,2015-01-11,2015-04-18,98,0
1075,2015-06-09,2015-08-16,69,0
1076,2014-12-08,2014-12-12,5,0
1077,2014-12-08,2015-01-30,54,0
1078,2015-02-11,2015-02-17,7,0
1079,2015-02-09,2015-02-09,1,0
1080,2015-07-17,2015-08-27,42,1
1081,2015-06-08,2015-08-27,81,1
1082,2015-03-06,2015-04-13,39,0
1083,2014-11-11,2014-11-12,2,0
1084,2015-07-08,2015-07-15,8,0
1085,2014-11-14,2014-11-18,5,0
1086,2015-06-09,2015-06-09,1,0
1087,2015-07-20,2015-08-27,39,1
1088,2015-04-03,2015-04-25,23,0
1089,2015-04-06,2015-05-13,38,0
1090,2014-11-11,2014-11-26,16,0
1091,2015-05-12,2015-05-18,7,0
1092,2015-02-05,2015-02-09,5,0
1093,2015-06-08,2015-06-11,4,0
1094,2014-11-10,2014-12-17,38,0
1095,2014-12-09,2015-08-13,248,0
1096,2015-07-08,2015-08-27,51,1
1097,2015-03-05,2015-03-11,7,0
1098,2014-11-10,2015-08-27,291,1
1099,2015-05-11,2015-07-18,69,0
1100,2015-03-10,2015-03-16,7,0
1102,2015-01-08,2015-06-15,159,0
1103,2015-01-13,2015-07-20,189,0
1104,2015-04-10,2015-04-17,8,0
1105,2015-02-09,2015-02-13,5,0
1106,2015-06-07,2015-06-13,7,0
1107,2014-11-11,2014-11-19,9,0
1108,2014-11-12,2014-11-16,5,0
1109,2015-01-12,2015-01-16,5,0
1110,2015-08-13,2015-08-27,15,1
1111,2014-11-11,2015-04-18,159,0
1112,2015-02-10,2015-02-13,4,0
1113,2015-05-06,2015-08-27,114,1
1114,2014-11-12,2014-11-18,7,0
1115,2015-04-08,2015-05-15,38,0
1116,2015-08-15,2015-08-18,4,0
1117,2014-11-11,2015-01-15,66,0
1118,2014-11-12,2014-12-24,43,0
1119,2015-03-11,2015-08-16,159,0
1120,2014-12-04,2014-12-04,1,0
1121,2014-11-11,2015-02-18,100,0
1122,2014-11-10,2014-11-17,8,0
1123,2015-04-03,2015-05-10,38,0
1124,2014-12-09,2015-08-27,262,1
1125,2015-05-31,2015-05-31,1,0
1126,2015-07-10,2015-07-15,6,0
1127,2014-12-07,2014-12-08,2,0
1128,2015-03-11,2015-06-18,100,0
1129,2015-02-11,2015-03-07,25,0
1130,2014-12-03,2015-01-25,54,0
1131,2015-07-16,2015-08-27,43,1
1132,2014-12-03,2014-12-08,6,0
1133,2015-07-09,2015-07-15,7,0
1134,2015-01-08,2015-01-09,2,0
1135,2014-12-04,2014-12-08,5,0
1136,2015-08-18,2015-08-27,10,1
1137,2015-01-08,2015-01-10,3,0
1138,2015-04-07,2015-04-12,6,0
1139,2014-11-11,2015-02-18,100,0
1140,2015-01-10,2015-02-17,39,0
1141,2015-01-09,2015-01-15,7,0
1142,2014-11-10,2015-07-17,250,0
1143,2015-08-11,2015-08-27,17,1
1144,2015-08-18,2015-08-27,10,1
1145,2015-04-04,2015-04-04,1,0
1146,2014-11-16,2014-12-23,38,0
1147,2015-07-19,2015-08-27,40,1
1148,2015-03-09,2015-03-09,1,0
1149,2015-04-01,2015-08-27,149,1
1150,2015-07-16,2015-08-27,43,1
1151,2015-05-11,2015-08-27,109,1
1152,2014-12-05,2015-07-22,230,0
1153,2015-02-06,2015-03-13,36,0
1154,2015-04-05,2015-08-27,145,1
1155,2015-07-17,2015-07-17,1,0
1156,2014-12-06,2014-12-08,3,0
1157,2015-08-22,2015-08-27,6,1
1158,2015-04-07,2015-04-09,3,0
1159,2015-07-16,2015-07-21,6,0
1160,2014-12-05,2015-01-12,39,0
1161,2014-11-13,2014-12-20,38,0
1162,2015-08-14,2015-08-19,6,0
1163,2015-05-06,2015-06-13,39,0
1164,2015-01-09,2015-01-14,6,0
1165,2015-01-12,2015-01-13,2,0
1166,2014-12-03,2014-12-10,8,0
1167,2014-12-03,2015-01-10,39,0
1168,2015-03-10,2015-03-16,7,0
1169,2015-07-10,2015-07-17,8,0
1170,2015-04-05,2015-07-12,99,0
1171,2015-01-07,2015-01-07,1,0
1172,2015-06-09,2015-06-10,2,0
1173,2015-05-08,2015-08-27,112,1
1174,2014-11-10,2015-02-17,100,0
1175,2015-04-02,2015-06-09,69,0
1176,2015-08-12,2015-08-27,16,1
1177,2015-03-06,2015-08-27,175,1
1178,2015-07-16,2015-08-07,23,0
1179,2015-07-17,2015-07-22,6,0
1180,2014-12-09,2014-12-13,5,0
1181,2014-12-05,2015-08-27,266,1
1182,2015-05-11,2015-08-27,109,1
1183,2015-05-11,2015-08-08,90,0
1184,2015-05-29,2015-06-04,7,0
1185,2015-05-13,2015-08-27,107,1
1186,2015-03-11,2015-03-11,1,0
1187,2015-06-09,2015-06-15,7,0
1188,2015-02-10,2015-03-17,36,0
1189,2015-04-07,2015-05-14,38,0
1190,2015-03-06,2015-03-06,1,0
1191,2015-01-11,2015-01-11,1,0
1192,2015-05-12,2015-05-17,6,0
1193,2015-04-04,2015-04-07,4,0
1194,2015-03-11,2015-07-08,120,0
1195,2015-01-13,2015-01-16,4,0
1196,2015-03-04,2015-03-11,8,0
1197,2015-07-09,2015-07-11,3,0
1198,2015-02-11,2015-04-11,60,0
1199,2014-12-08,2015-01-15,39,0
1200,2015-03-04,2015-04-11,39,0
1201,2014-12-07,2015-01-14,39,0
1202,2015-05-07,2015-06-14,39,0
1203,2014-12-04,2014-12-09,6,0
1204,2014-11-10,2014-12-17,38,0
1205,2015-07-17,2015-08-05,20,0
1206,2015-06-03,2015-08-27,86,1
1207,2015-02-06,2015-02-28,23,0
1208,2015-02-05,2015-03-13,37,0
1209,2015-07-09,2015-08-27,50,1
1210,2015-02-07,2015-03-14,36,0
1211,2014-11-14,2015-08-27,287,1
1212,2015-01-10,2015-07-27,199,0
1213,2015-01-12,2015-01-12,1,0
1214,2014-11-10,2015-01-15,67,0
1215,2015-05-11,2015-07-18,69,0
1216,2015-07-16,2015-08-27,43,1
1217,2015-06-06,2015-08-27,83,1
1218,2014-11-15,2014-11-15,1,0
1219,2014-11-12,2014-11-12,1,0
1220,2014-11-10,2014-12-17,38,0
1221,2014-11-14,2014-11-21,8,0
1222,2015-04-07,2015-04-07,1,0
1223,2014-12-08,2014-12-13,6,0
1224,2015-07-20,2015-08-27,39,1
1225,2014-12-05,2014-12-10,6,0
1226,2015-02-05,2015-05-12,97,0
1227,2015-06-09,2015-08-27,80,1
1228,2015-08-19,2015-08-27,9,1
1229,2015-02-09,2015-02-12,4,0
1230,2014-11-17,2014-11-19,3,0
1231,2015-07-09,2015-08-27,50,1
1232,2015-07-16,2015-07-17,2,0
1233,2015-02-11,2015-02-16,6,0
1234,2014-12-09,2014-12-14,6,0
1235,2015-08-12,2015-08-27,16,1
1236,2014-12-05,2015-02-03,61,0
1237,2015-05-28,2015-05-28,1,0
1238,2014-11-10,2014-11-10,1,0
1239,2014-11-17,2014-11-19,3,0
1240,2015-01-12,2015-01-19,8,0
1241,2015-06-09,2015-06-09,1,0
1242,2015-01-12,2015-08-27,228,1
1243,2014-11-10,2014-11-18,9,0
1244,2014-11-10,2015-08-27,291,1
1245,2014-12-05,2014-12-09,5,0
1246,2014-12-09,2014-12-15,7,0
1247,2015-03-05,2015-04-12,39,0
1248,2015-04-06,2015-05-13,38,0
1249,2015-05-11,2015-07-18,69,0
1250,2015-05-11,2015-08-27,109,1
1251,2014-12-05,2015-08-27,266,1
1252,2014-12-05,2014-12-11,7,0
1253,2014-11-10,2015-01-20,72,0
1254,2015-01-10,2015-03-17,67,0
1255,2015-07-17,2015-07-23,7,0
1256,2015-07-18,2015-07-24,7,0
1257,2015-07-09,2015-08-27,50,1
1258,2015-07-15,2015-07-21,7,0
1259,2015-01-13,2015-08-27,227,1
1260,2015-03-11,2015-05-18,69,0
1261,2014-12-03,2014-12-08,6,0
1262,2015-06-09,2015-08-27,80,1
1263,2015-08-16,2015-08-27,12,1
1264,2015-04-02,2015-06-09,69,0
1265,2015-04-08,2015-08-27,142,1
1266,2015-06-07,2015-06-16,10,0
1267,2015-04-02,2015-08-27,148,1
1268,2015-04-06,2015-05-28,53,0
1269,2015-08-21,2015-08-27,7,1
1270,2015-07-20,2015-07-20,1,0
1271,2015-01-07,2015-01-13,7,0
1272,2015-07-17,2015-07-23,7,0
1273,2015-01-12,2015-01-12,1,0
1274,2015-07-08,2015-08-27,51,1
1275,2015-05-09,2015-05-11,3,0
1276,2015-03-10,2015-08-27,171,1
1277,2014-11-14,2015-01-22,70,0
1278,2015-07-17,2015-08-27,42,1
1279,2015-07-17,2015-07-22,6,0
1280,2015-01-12,2015-01-15,4,0
1281,2015-02-09,2015-02-12,4,0
1282,2015-05-10,2015-08-27,110,1
1283,2015-01-07,2015-01-10,4,0
1284,2015-01-13,2015-01-13,1,0
1285,2015-04-07,2015-05-14,38,0
1286,2014-11-14,2014-11-21,8,0
1287,2015-01-13,2015-05-20,128,0
1288,2014-11-10,2014-11-15,6,0
1289,2014-12-04,2015-02-03,62,0
1290,2015-06-02,2015-08-27,87,1
1291,2015-06-03,2015-06-03,1,0
1292,2015-01-07,2015-05-14,128,0
1293,2014-12-08,2014-12-10,3,0
1294,2015-03-10,2015-04-09,31,0
1295,2014-12-09,2015-07-22,226,0
1296,2015-04-06,2015-04-15,10,0
1297,2015-02-05,2015-03-09,33,0
1298,2015-08-11,2015-08-27,17,1
1299,2015-02-05,2015-08-27,204,1
1300,2014-11-10,2014-11-16,7,0
1301,2015-04-03,2015-04-04,2,0
1302,2015-07-18,2015-08-27,41,1
1303,2014-11-14,2015-04-21,159,0
1305,2015-05-12,2015-06-19,39,0
