,id,Python
0,jl_f43cd8061406b3d7,1
1,jl_b59a64d3298e7fe8,1
2,jl_fbadb59b5f73dc18,1
3,jl_90603c7f1f0af480,1
4,jl_70351b5092814475,1
5,jl_05de118416baeef8,1
6,jl_50022587c7a4a8d9,1
7,jl_44da2bd2b0b7e145,1
8,jl_f5945f64ec7013e3,1
9,jl_6c9d0349b46d0aae,1
10,jl_32062be6a68c7531,1
11,jl_e632343c455d80f9,1
12,jl_4fbc1d778df8203e,1
13,jl_2370348e80d8c420,1
14,jl_85c4e91c561780aa,1
15,jl_ada8a7b4477d3923,1
16,jl_25732595a7113f45,1
17,jl_b3462acabd0f43c3,1
18,jl_45aa9a89795b5d2b,1
19,jl_2d63f589c7b4584b,1
20,jl_b8658ac1d1483ab5,1
21,jl_40aa8253449c2054,1
22,jl_9d3c55e683467e2c,1
23,jl_b5b7c26924376b59,1
24,jl_69101ac67eec9ea2,1
25,jl_7ccd144baa4275ab,1
26,jl_ba19b2e0984e8e1f,1
27,jl_5f30454eae8a42bd,1
28,jl_ba29f67e688108c5,1
29,jl_ffb7f83fa7858f6a,1
30,jl_62f334a900a46076,1
31,jl_4ec3c1a1ffc6ff64,1
32,jl_445f9f72145ccbcc,1
33,jl_8d188c08bf77e2fc,1
34,jl_dfef34cc5989dfbe,1
35,jl_a638c3a55a1cfe96,1
36,jl_c28f0284f9a5d601,1
37,jl_d433fe393f99e1f8,1
38,jl_021a7edb5cf4793f,1
39,jl_0ea00cbc973dc761,1
40,jl_e80b58b3976b3590,1
41,jl_b856f9a5bc9b6cef,1
42,jl_8dcb69dd20ec366f,1
43,jl_d2b92fbd9fccfbff,1
44,jl_00e49ce025b8313b,1
45,jl_acce68fa735f50b1,1
46,jl_d1a877c30ca7a5e6,1
47,jl_01a41531e800513c,1
48,jl_3d766c8404b3e286,1
49,jl_5a95e9f625751e1e,1
50,jl_96b85df9263736cd,1
51,jl_7bf6f86c6e512271,1
52,jl_c12d42479c76b035,1
53,jl_765c6fe3235a3127,1
54,jl_c6971ecdae3a7a30,1
55,jl_24087644f126296d,1
56,jl_9cd9e7b06aa64f5a,1
57,jl_9fecada5ca60d6f8,1
58,jl_2880167bb92def60,1
59,jl_3fe35a3fd27ebd9e,1
60,jl_bf971d59ae92d952,1
61,jl_c5d858029d725c01,1
62,jl_1541e1712853907a,1
63,jl_069e91ac98318cac,1
64,jl_2cb218213ebed890,1
65,jl_46dd5d3b34eb8095,1
66,jl_c888c568c29a71b7,1
67,jl_3b58a2212af3ba86,1
68,jl_bddee21cf5be8648,1
69,jl_a4cb78b4a8c25e15,1
70,jl_7134025708fe7144,1
71,jl_a7e71b866947d01e,1
72,jl_fd766cb0b544acf9,1
73,jl_aad34d95918a1375,1
74,jl_3eafa8edc774cce0,1
75,jl_1d247feb6e5e4473,1
76,jl_73cb2723d093d5ec,1
77,jl_31572b6e494bcd16,1
78,jl_96ee8324d1984eb3,1
79,jl_74a2219a6d9549ea,1
80,jl_e962863ee226ea30,1
81,jl_1eb955eee5c52fde,1
82,jl_1c81b34b23854260,1
83,jl_a93cda6fbf6c0acb,1
84,jl_747d7a9796cc5430,1
85,jl_b9534037fb378bb2,1
86,jl_e40649282f4e0b97,1
87,jl_62f348807c98380f,1
88,jl_cb5fcfa7b0df11f9,1
89,jl_0aca95ef4434c6ee,1
90,jl_738e821e2461e436,1
91,jl_04a294feed2acb5a,1
92,jl_1056715d6afd92ce,1
93,jl_104372296a1d5292,1
94,jl_6d0ea7974f64ab6b,1
95,jl_81cf0927167605ca,1
96,jl_7fd98a87cf190b3a,1
97,jl_f00342abd33b2727,1
98,jl_9778928e030197b4,1
99,jl_a7e5cadd2d2cf906,1
100,jl_1414aac901470fe3,1
101,jl_4ed85ce1d965e27a,1
102,jl_a847d9e349564130,1
103,jl_7a492d50ee9478d6,1
104,jl_5d28fc7ff1e3bac0,1
105,jl_14d68df50c17fb50,1
106,jl_d3d2760a9b93e139,1
107,jl_7da7da1ee19795e3,1
108,jl_2e6ac746438cf653,1
109,jl_ae5b9956e76c1984,1
110,jl_cb8cea591851c2a5,1
111,jl_f439f3d81c17de7f,1
112,jl_3e69a31c43713fe1,1
113,jl_0238b5505daeda02,1
114,jl_cab74793e24f6c44,1
115,jl_61e70bda8e226387,1
116,jl_5fcd9df1533410ff,1
117,jl_d745b642c469a467,1
118,jl_37e62fe89af6ac95,1
119,jl_041ab3b2be328f5f,1
120,jl_eaf8c9f2ab91b0e9,1
121,jl_fe2abf553834a492,1
122,jl_7d8cbbf40709bf89,1
123,jl_ec0c0eb870136905,1
124,jl_210293386959b995,1
125,jl_070fbed177deef77,1
126,jl_ba7073323f646ec0,1
127,jl_ebe552dae42d1ce6,1
128,jl_5ae12f4efea272ad,1
129,jl_7c4bf4ba3b390ba4,1
130,jl_5dd9ce0381739250,1
131,jl_d02dbd925a4b8493,1
132,jl_50639cbfc6508f11,1
133,jl_baa3869ed9b0b696,1
134,jl_39b6dfd1dadfb833,1
135,jl_f1d2edef44362cd9,1
136,jl_ecb3f8dff0b8cfc0,1
137,jl_86ee9e143418385c,1
138,jl_e9cdde6fa8c4fe0f,1
139,jl_2d3a9d02c1b6f231,1
140,jl_f5e6050e63495755,1
141,jl_1b0708ad7e04ea1d,1
142,jl_12f9f6c8e1a4e8f2,1
143,jl_2d02469a99c70c4f,1
144,jl_ad07c0f93d0bc43b,1
145,jl_34cd4decc3d1c299,1
146,jl_e74603b20ffdd818,1
147,jl_796c8c5e76ef2c2d,1
148,jl_a48e38e4fc09a2b9,1
149,jl_8c9a8503843eebaf,1
150,jl_d3e7ee950f19bc93,1
151,jl_16adc2284667102e,1
152,jl_70df36f5ca083a49,1
153,jl_98fbcf1df40d912b,1
154,jl_72d61acf3427738a,1
155,jl_5b31e234c3ed1ebf,1
156,jl_fa0e8bf423b57b57,1
157,jl_c70a89b5b8927e98,1
158,jl_3e6ac464d7d1e61b,1
159,jl_e169e3e130593e06,1
160,jl_95ca2d452994b200,1
161,jl_ead9b2b957b62c91,1
162,jl_51e6fd504a62dc78,1
163,jl_865010fecd71f432,1
164,jl_fb45435f476b8872,1
165,jl_a6a332c03fae43ff,1
166,jl_ebebcbf8de1374ee,1
167,jl_62832f65da3d94e5,1
168,jl_6014667ea48259e7,1
169,jl_5d23f27794c61840,1
170,jl_a7f3995532167e78,1
171,jl_38ca74776ebc975e,1
172,jl_1e5c9a3e43640c48,1
173,jl_d9145a1c2f636c28,1
174,jl_2f952787f067faf8,1
175,jl_db4d72b5cf4045ce,1
176,jl_ab4893da67102aa6,1
177,jl_649d2a93df3fefca,1
178,jl_5a7aff08fd51ee2d,1
179,jl_f0e5a5f3a4324009,1
180,jl_0775c714e6f41f6c,1
181,jl_0374ae7e88caa699,1
182,jl_8bb2f0604ca3130f,1
183,jl_7202bf4791ee168c,1
184,jl_fb9dce5942262210,1
185,jl_4d96c101d81ece9b,1
186,jl_808063b546b04d16,1
187,jl_92771cfb5916cfb8,1
188,jl_b0a6f1bb09d9fce1,1
189,jl_1d44c682610460d1,1
190,jl_952541280e473ae9,1
191,jl_222c67d86f642e7d,1
192,jl_da5e69e8f27d8f0d,1
193,jl_03a7134583d29211,1
194,jl_a412ce2e42fac419,1
195,jl_1f0fc9f9c271e3c6,1
196,jl_a71bb3209d83b2df,1
197,jl_b3f2307eb7defa5d,1
198,jl_5fd7d690847a947f,1
199,jl_296ab9058caf5e24,1
200,jl_778ec07a84ce71b3,1
202,jl_945d2c24951198ea,1
203,jl_a9bcab5cfdbb706d,1
204,jl_213867b59f3e1024,1
207,jl_3057f60266379f36,1
208,jl_b5e0539887534cc2,1
209,jl_ebcb73b4f57e34e6,1
211,jl_e63fec23065d5f44,1
212,jl_75a5388a6ec22e24,1
213,jl_b97a4744d470ac46,1
214,jl_4393cacf1078408f,1
215,jl_16750deea8dd32be,1
216,jl_91b954fe8609bc62,1
217,jl_efe1f6009c414c19,1
218,jl_b9d4a3dd221de435,1
219,jl_863c82f3a6e6499c,1
220,jl_e82d2fa409c92914,1
221,jl_685de1553b1c8ac2,1
222,jl_9441717ee65b9177,1
223,jl_aed883c28a3fb71a,1
224,jl_30e157fb71ba8637,1
225,jl_6d0b7bcd478dbb3c,1
226,jl_4576f50fc80a54eb,1
227,jl_bf7e7340611ced27,1
228,jl_c5fed7d21d5c5c5c,1
229,jl_e6e9c2f03b63230e,1
230,jl_9b476549089a6ff7,1
231,jl_636a21ad19c3fcbb,1
232,jl_711f6870454f056c,1
233,jl_633a9c84744f3ab0,1
234,jl_2c5458f35efa6948,1
235,jl_b5539914daac6508,1
236,jl_c9f3d74dfec2b58a,1
237,jl_aa1721403e344083,1
238,jl_92444c8e49c260c6,1
239,jl_97a90ab695f12337,1
240,jl_089f591e30eeed8c,1
241,jl_b4b6456a72609881,1
242,jl_f1c3d4b10a1737a6,1
243,jl_feee65f60f168d6e,1
244,jl_6bfb87a89a0f2928,1
245,jl_ce064112630ab6e3,1
246,jl_7d6452543cb80673,1
247,jl_cd9d6a821ccebd35,1
248,jl_9a4712954b2ae843,1
249,jl_ebc15f25e04090ae,1
250,jl_56a526f9757fc61b,1
251,jl_2ff2f0da41908dbe,1
252,jl_c02b490cb3149ab8,1
253,jl_ae1a44aaddb48640,1
254,jl_6dc1eeaf3ad55781,1
255,jl_363d957aa1aada51,1
256,jl_2980b883c17f295e,1
257,jl_14682eae4320278e,1
258,jl_6e64068574b26ed4,1
259,jl_8695d095dacc7a13,1
260,jl_3d7d20fabddecd8f,1
261,jl_56a47672b46804ba,1
262,jl_0bcfa6d07b5d09d0,1
263,jl_7c388e417a4c39f2,1
264,jl_adb5c876631d27c4,1
265,jl_d6baff3e82b1db8f,1
266,jl_6af721714581f547,1
267,jl_7f53f8a7cd5a7725,1
268,jl_be748ff43d80867e,1
269,jl_c5f3c47b30bb0eba,1
270,jl_8ebdeed9d57c9abb,1
271,jl_baa9d7201515ccaf,1
272,jl_e1e0192be81ac2d3,1
273,jl_8514967d25ce80d3,1
274,jl_4fdd3c07c35f1534,1
275,jl_0851b211dbf3e3e8,1
276,jl_4567b2175e6c3c31,1
277,jl_fda42ac0efb2b26b,1
278,jl_ae66dd9f8a6c2369,1
279,jl_7379050fc325ed77,1
280,jl_bd531aa0b00fa421,1
281,jl_1f2c570c4a5700d1,1
282,jl_20649ecb991873ed,1
283,jl_97a611caab239c99,1
284,jl_ed7ef62aaed6df44,1
285,jl_4554fafebbcef9dc,1
286,jl_0f87d0f659df75a5,1
287,jl_0bf82be2cbdda685,1
288,jl_06c77350e7794eaa,1
289,jl_de2022ddd527014b,1
290,jl_1498023d1041b9af,1
291,jl_14f72ccbbad6c125,1
292,jl_5a067325a46c60da,1
293,jl_05812ba77fa73922,1
294,jl_b39c4036169c614d,1
295,jl_7031c6dd541a6f8c,1
296,jl_21b8f2d75ccf375e,1
297,jl_7ff9a220edc5f335,1
298,jl_812588ce6a53724c,1
299,jl_49d8e621971193e3,1
301,jl_6a906b0d00ff7337,1
302,jl_7ca7ec20e8a87bef,1
303,jl_eba5e6ef0e57e96c,1
304,jl_4c69168b5581484e,1
305,jl_b21f6ad45815fb62,1
306,jl_adf47463432c3a11,1
307,jl_30a0947a2d040753,1
308,jl_1510a78a5449aebd,1
309,jl_72b70793a17036c8,1
