,id,has_startup
0,jl_16adc2284667102e,1
1,jl_788467cccf1800c4,1
2,jl_28643ddfd474331d,1
3,jl_ec0c0eb870136905,1
4,jl_a20aa38ea8517f9b,1
5,jl_f79cfbb7de6579f0,1
6,jl_28ded0222b036ce0,1
7,jl_177f9b5e49c35216,1
8,jl_2b3024870a95445f,1
9,jl_069e91ac98318cac,1
10,jl_a28062d53f0e76b7,1
11,jl_40040d6dcac2f7a4,1
12,jl_26c552ec204ed2bb,1
13,jl_f3692f7634a8bd70,1
14,jl_e0e3ab79ad5802ac,1
15,jl_8426fd79a582a5a3,1
16,jl_7fd98a87cf190b3a,1
17,jl_92307eb3ac5acb6d,1
18,jl_349882fce8422849,1
19,jl_98fbcf1df40d912b,1
20,jl_bf971d59ae92d952,1
21,jl_05654b2739edb3dc,1
22,jl_b594d545b79ebb33,1
23,jl_16115ca1e52fa56a,1
24,jl_c9f3d74dfec2b58a,1
25,jl_5c4c561c417a3a0e,1
26,jl_bacb6a4b0522a8d1,1
27,jl_bf72aa86b4b94354,1
28,jl_ba96a5fe42ebb45a,1
29,jl_a7b9a3ae92cb2fd0,1
30,jl_7b23b565ca64b8f7,1
31,jl_19de10235c8bdde3,1
32,jl_71ebe7d268dce9ca,1
33,jl_3f4451e9ba7610d4,1
34,jl_fe2e580359e6ed09,1
35,jl_9626c817bc6e4a58,1
36,jl_c10909eba8a41128,1
37,jl_26aefeed43055f99,1
38,jl_a847d9e349564130,1
39,jl_27be3e2e56bc155a,1
40,jl_46f9749df0d852a5,1
41,jl_61250b29426460bf,1
42,jl_80f2955f0cbfd8cd,1
43,jl_24418a1fa6946cb5,1
44,jl_a0779424c9079da1,1
45,jl_77151706ac476442,1
46,jl_1b510c7db8656f8b,1
47,jl_2f9d39e20a55df44,1
48,jl_b7e5050ef9d1907a,1
49,jl_77dc10ccf817960d,1
50,jl_cde07460ec58a933,1
51,jl_89d6dcbd01c6ed1e,1
52,jl_548d5d6f4e260c19,1
53,jl_a847d9e349564130,1
54,jl_6c600276c194b9e9,1
55,jl_236c5f472b593823,1
56,jl_df4f67a620710e8a,1
57,jl_cfaf4580a4eba466,1
58,jl_77151706ac476442,1
59,jl_854d05a05acc73df,1
60,jl_80f2955f0cbfd8cd,1
61,jl_24418a1fa6946cb5,1
62,jl_edf3a3681ef7d8b0,1
63,jl_03a8bba20bb105b7,1
64,jl_c38179870b71fdb9,1
65,jl_5809e08f3442a27f,1
66,jl_20682817fe345075,1
67,jl_e3c140123e9b7692,1
68,jl_a93519cd9cc82925,1
69,jl_cb2602853c2706ec,1
70,jl_398a893a4024fe01,1
71,jl_ba19b2e0984e8e1f,1
72,jl_89b7884095f9fff2,1
73,jl_275a5b460844dc3b,1
74,jl_4f12cdd933304825,1
75,jl_27952ac140bbbd06,1
76,jl_ecb3f8dff0b8cfc0,1
77,jl_187f152fed51bfa9,1
78,jl_f4eafb4c336da7ac,1
79,jl_360ee937dd5d3bb7,1
80,jl_16fd663281139121,1
81,jl_ce51bf2b6607c0cd,1
82,jl_a5306401657b46b4,1
83,jl_c98395ff6abb6eaa,1
84,jl_aa46cf30c6aecfb5,1
85,jl_13b17a5f966f15c5,1
86,jl_0401599ef6948a07,1
87,jl_e75253b00cc34652,1
88,jl_9705439541bc5fc5,1
89,jl_5e4dfb0ee330f18f,1
90,jl_139b1e89065b5a17,1
91,jl_688d23a0dffdce61,1
92,jl_ad07c0f93d0bc43b,1
93,jl_6fcfc077d515cf2a,1
94,jl_4576f50fc80a54eb,1
95,jl_617d4a61a8adf605,1
96,jl_a6a332c03fae43ff,1
97,jl_21a46de3c190c6cf,1
98,jl_b071267bf5be6bad,1
99,jl_c0999baee2ba3053,1
100,jl_00624b458e8d2540,1
101,jl_d3952dc4c4d1b99a,1
102,jl_f7f0bb848edac1d8,1
103,jl_8fcdb37d7b37085c,1
104,jl_f42a3b6dfb86dfff,1
105,jl_84071e864a952649,1
106,jl_0bfda17d0dafc51a,1
107,jl_a15fded991125126,1
108,jl_04953396c320fc7d,1
109,jl_d1eb8575c85091db,1
110,jl_6b70e913954aea36,1
111,jl_43eb9ea1277ac1d5,1
112,jl_4e52849e166dfcee,1
113,jl_bb656cb3adf08fc2,1
114,jl_43bfec89ee45eb97,1
115,jl_5ba0882fbaadba37,1
116,jl_8ea12362f5709b84,1
117,jl_2efe484172a37224,1
118,jl_418c36a73af4c33c,1
119,jl_6278da4aaa4f5c22,1
120,jl_5579f9cdd3925684,1
121,jl_697a3e84c4901dea,1
122,jl_5bb6212e910dd74f,1
123,jl_755c3c4b3b612783,1
124,jl_272cafee2199da5c,1
125,jl_8a56baa241d06c05,1
126,jl_eee9efc515bb13d6,1
127,jl_ea04402ec43f4969,1
128,jl_2297ee03e7a65cef,1
129,jl_2e31317f042b280e,1
130,jl_ef92f91da5ee7a07,1
131,jl_146c2225968c56e4,1
132,jl_b7fdbe270e6fa3e4,1
133,jl_2256ca73cf1ab1e2,1
134,jl_36053f00328c2bee,1
135,jl_2dcc9bce8ac7b37d,1
136,jl_05c2805b27536a02,1
137,jl_d17f188ec71ae831,1
138,jl_5ef78db0070fd967,1
139,jl_beaf3daf8fe88b2d,1
140,jl_d04d44933c2d773f,1
141,jl_d5f2bbab01e098f1,1
142,jl_6b0f5b3ec476ba17,1
143,jl_9ae4ca7acea48afa,1
144,jl_1bbfc04eca5f0a84,1
145,jl_fd7ab93a23990a02,1
146,jl_ba439c39716efdb7,1
147,jl_7e4a221a7e48cddb,1
148,jl_4b04b33a61318016,1
149,jl_e08bf325787edffa,1
150,jl_58e0edacff347dd4,1
151,jl_fd7ab93a23990a02,1
152,jl_d04d44933c2d773f,1
153,jl_5ef78db0070fd967,1
154,jl_6a16807792558eca,1
155,jl_2f952787f067faf8,1
156,jl_2ade38eba999fb37,1
157,jl_fc49c86aaae2d436,1
158,jl_4b04b33a61318016,1
159,jl_06860199e2efdf98,1
160,jl_5cef0c3c8fec89d8,1
161,jl_73c857655c008ea4,1
162,jl_bee91916c14f01e0,1
163,jl_784f2a4a45c3d20b,1
164,jl_663d0c9335d5adb9,1
165,jl_fe7331b3aa723acc,1
166,jl_3ffebab789bb83c8,1
167,jl_855ccfa08000b0fb,1
168,jl_e9fc3f6940c7343a,1
169,jl_6b0f5b3ec476ba17,1
170,jl_052b85a29e6051b8,1
171,jl_137dac2ee7b76feb,1
172,jl_27c78225ff663692,1
173,jl_d5f2bbab01e098f1,1
174,jl_a164e874031221fc,1
175,jl_2b93e30cbfd8ff41,1
176,jl_c725e27a4d97f0e8,1
177,jl_e5ce2df3050b1154,1
178,jl_840e48f4af0e5f46,1
179,jl_104ac56715c63005,1
180,jl_776b9db77d9d2fe8,1
181,jl_ec92ad6e4808497f,1
182,jl_f68459789de42a7d,1
183,jl_bc4a2c85eb8d27e4,1
184,jl_691b0450a948de20,1
185,jl_f2a0213aa42df962,1
186,jl_d0786a593ce3d0e5,1
187,jl_4027c5d198e39c04,1
188,jl_7ec13d8d56b60275,1
189,jl_0b37042b9d64f67c,1
190,jl_089f591e30eeed8c,1
191,jl_7859147e08c52906,1
192,jl_767fafb2c67f8b4c,1
193,jl_82ad26380e8617ce,1
194,jl_e62342b587f697af,1
195,jl_1c2c8863212b7f96,1
196,jl_41649c4a8ba69418,1
197,jl_c0653daeb0f6d100,1
198,jl_11af9acdb610afc1,1
199,jl_f3700f100375c29f,1
200,jl_06957d8f878afdf7,1
201,jl_e754ce28f36c4ace,1
202,jl_d5a1a4c1e1a508a3,1
203,jl_c02035fff98bfd45,1
204,jl_3001192cf89f06b0,1
205,jl_9b6656f58ab2546c,1
206,jl_eba35cc86197d2a1,1
207,jl_5e2e6998ec182a6a,1
208,jl_f379e24e35f2f043,1
209,jl_626b5d80714c3971,1
210,jl_9ef863afc95fb76b,1
211,jl_484b12e1bb0f45c5,1
212,jl_c62f846f332037b2,1
213,jl_02698ddc0ffd5696,1
214,jl_a29f364b7cee3d1d,1
215,jl_688311d0b8457ad7,1
216,jl_dbc07853063d02ad,1
217,jl_22bb4301328e0b80,1
218,jl_610f00c537e130a7,1
219,jl_f8ef9db42d025917,1
220,jl_36e27b0e5144df51,1
221,jl_ee744923ebf990d9,1
222,jl_fcd47e023087ac23,1
223,jl_6600be51ffc706fa,1
224,jl_867cd1b8d8edf248,1
225,jl_ae9cfbef41233d6b,1
226,jl_797dd684ced93148,1
227,jl_41d8a9a99327af72,1
228,jl_c881e9e969ebdcb7,1
229,jl_379feb4e1b5b972d,1
230,jl_d59516a611b7a011,1
231,jl_c13bfe5deaf8b296,1
232,jl_a2a7ab5748ac4179,1
233,jl_0dc3e8ec1c990237,1
234,jl_2980b883c17f295e,1
235,jl_6e0597718975aeda,1
236,jl_28736a953e9fece1,1
237,jl_e1e4886fc199f229,1
238,jl_3e0193cbe56d86aa,1
239,jl_690d8c69fd54e5aa,1
240,jl_b48f6f2ea5d1b675,1
241,jl_774533c5c6a58f87,1
242,jl_0b88f453e6987b06,1
243,jl_9c4b47789592b03e,1
244,jl_9a4419dcd59fcfe5,1
245,jl_a8765371184f1211,1
246,jl_45d34a2daa3c26bf,1
247,jl_7bf234822ee4a595,1
248,jl_8802b3462cbbc7a9,1
249,jl_f7ff29b98a841012,1
250,jl_14f72ccbbad6c125,1
251,jl_491e8fca18216cc8,1
252,jl_fda42ac0efb2b26b,1
253,jl_e47ca3e2bb531f44,1
254,jl_557b306ce903c110,1
255,jl_8b277ada46fe0a50,1
256,jl_ba34b9c406e58af8,1
257,jl_4e5a49e7b57bd181,1
258,jl_682dfbc0f8c2979b,1
259,jl_400c125a43a40d57,1
260,jl_1ce5959a5308cdc5,1
261,jl_31bd907dc349ce83,1
262,jl_baa9d7201515ccaf,1
263,jl_d63c1acce3ed8474,1
264,jl_700ec3386a5142a5,1
265,jl_eb0254fd1cae7268,1
266,jl_0851b211dbf3e3e8,1
267,jl_08b514f4a446280a,1
268,jl_155805abf7177e2d,1
269,jl_88f8ba6e27c470fa,1
270,jl_b10707640f7e1590,1
271,jl_48808848217d64f0,1
272,jl_245db200f5d3556e,1
273,jl_2f403be68aee190b,1
274,jl_c2cbd644ae59f5c4,1
275,jl_077daac3b8b47c18,1
276,jl_fb86620734f305fe,1
277,jl_60c00ae9e15f9b07,1
278,jl_21b8f2d75ccf375e,1
279,jl_3b2e3adb4fd427d9,1
280,jl_80ebfd1608c2497b,1
281,jl_d0867b967589a872,1
282,jl_f03b82f8c5e1232c,1
283,jl_7663507b6814a310,1
284,jl_974be8244344ce39,1
285,jl_1cd14944abbffaeb,1
286,jl_caae85351cd782ca,1
287,jl_a5e6280afef0b3bf,1
288,jl_5a6e02e87d78404f,1
289,jl_956939c8c5c79255,1
290,jl_20fe3d419e58809c,1
291,jl_80d79eb20b01d7e7,1
292,jl_4222734a19f8404a,1
293,jl_b75c6d151955805c,1
294,jl_ca9a6e8948c95c60,1
295,jl_27d47a850f9a63a8,1
296,jl_8c70839af57a7428,1
297,jl_29b2fe18235e65fa,1
298,jl_3114e9d13f4b4aad,1
299,jl_2f41402b0d1e22a6,1
300,jl_2864d1437c2dfa23,1
301,jl_caae85351cd782ca,1
302,jl_7f53f8a7cd5a7725,1
303,jl_80d79eb20b01d7e7,1
304,jl_1cd14944abbffaeb,1
305,jl_4222734a19f8404a,1
306,jl_d2cbe8875b6fdc51,1
307,jl_b75c6d151955805c,1
308,jl_7272a43dd9515d20,1
309,jl_b031af5d10006e7d,1
310,jl_39b6dfd1dadfb833,1
311,jl_3114e9d13f4b4aad,1
312,jl_4c7626db5e2e9dda,1
313,jl_ca9a6e8948c95c60,1
314,jl_8c70839af57a7428,1
315,jl_f204071115217471,1
316,jl_d0421b3d39341b5c,1
317,jl_52a8e2e10b8551c2,1
318,jl_29b2fe18235e65fa,1
319,jl_30e53ef111c48496,1
320,jl_b3fee06f9d3e7937,1
321,jl_2f41402b0d1e22a6,1
322,jl_1498023d1041b9af,1
323,jl_9cd5e15b0d52ac3d,1
324,jl_6a906b0d00ff7337,1
325,jl_6bd6dccd747afaf5,1
326,jl_614cffda2822b594,1
327,jl_7ca7ec20e8a87bef,1
328,jl_c324e34081c43ddf,1
329,jl_c7719c15b50f09d9,1
330,jl_102a2bd673d4940d,1
331,jl_494b878f92dec490,1
332,jl_e408261828aa95e7,1
333,jl_ee52cf57a3b6cea7,1
334,jl_6417b88c1e033352,1
335,jl_2209b3d568085f9d,1
336,jl_cb0709ce7194b345,1
337,jl_805247253f6cbc3f,1
338,jl_fbbc5aa0bb981a2d,1
339,jl_eae9bf2b44fc45ca,1
340,jl_72b70793a17036c8,1
341,jl_eba5e6ef0e57e96c,1
342,jl_654ec64d5844c60f,1
343,jl_ad3440156a99519e,1
344,jl_d4d9b14b3514459d,1
345,jl_e2f0fd8d785c83a3,1
346,jl_9455b3e1012d1133,1
347,jl_8d18b0d2d1fc6efd,1
348,jl_b21f6ad45815fb62,1
349,jl_0220b6f5dd0f02e2,1
350,jl_288db7c4e5337442,1
351,jl_44644badc6d0778a,1
352,jl_4c69168b5581484e,1
353,jl_c3280ef90dd3bbc0,1
354,jl_e6df2984b17ae344,1
355,jl_1510a78a5449aebd,1
356,jl_d579f00807bfb812,1
357,jl_85017d6b3a30bdd3,1
358,jl_d511557756494fa0,1
359,jl_0ff1fcdaf48321d8,1
360,jl_e48b2229df07d5eb,1
361,jl_cd810e8bfb49dac4,1
362,jl_fd2cfc1660bcdd3b,1
363,jl_9455b3e1012d1133,1
364,jl_4c69168b5581484e,1
365,jl_e6df2984b17ae344,1
366,jl_1510a78a5449aebd,1
367,jl_d579f00807bfb812,1
368,jl_44644badc6d0778a,1
369,jl_c3280ef90dd3bbc0,1
370,jl_85017d6b3a30bdd3,1
371,jl_d511557756494fa0,1
372,jl_0ff1fcdaf48321d8,1
373,jl_e48b2229df07d5eb,1
374,jl_fd2cfc1660bcdd3b,1
375,jl_cd810e8bfb49dac4,1
376,jl_9455b3e1012d1133,1
377,jl_4c69168b5581484e,1
378,jl_e6df2984b17ae344,1
379,jl_1510a78a5449aebd,1
380,jl_d579f00807bfb812,1
381,jl_44644badc6d0778a,1
382,jl_c3280ef90dd3bbc0,1
383,jl_85017d6b3a30bdd3,1
384,jl_d511557756494fa0,1
385,jl_0ff1fcdaf48321d8,1
386,jl_e48b2229df07d5eb,1
387,jl_fd2cfc1660bcdd3b,1
388,jl_cd810e8bfb49dac4,1
389,jl_288db7c4e5337442,1
390,jl_44644badc6d0778a,1
391,jl_4c69168b5581484e,1
392,jl_c3280ef90dd3bbc0,1
393,jl_e6df2984b17ae344,1
394,jl_1510a78a5449aebd,1
395,jl_d579f00807bfb812,1
396,jl_85017d6b3a30bdd3,1
397,jl_d511557756494fa0,1
398,jl_0ff1fcdaf48321d8,1
399,jl_e48b2229df07d5eb,1
400,jl_cd810e8bfb49dac4,1
401,jl_fd2cfc1660bcdd3b,1
402,jl_9455b3e1012d1133,1
403,jl_4c69168b5581484e,1
404,jl_e6df2984b17ae344,1
405,jl_1510a78a5449aebd,1
406,jl_d579f00807bfb812,1
407,jl_44644badc6d0778a,1
408,jl_c3280ef90dd3bbc0,1
409,jl_85017d6b3a30bdd3,1
410,jl_d511557756494fa0,1
411,jl_0ff1fcdaf48321d8,1
412,jl_e48b2229df07d5eb,1
413,jl_fd2cfc1660bcdd3b,1
414,jl_cd810e8bfb49dac4,1
415,jl_16adc2284667102e,1
416,jl_788467cccf1800c4,1
417,jl_28643ddfd474331d,1
418,jl_a20aa38ea8517f9b,1
419,jl_ec0c0eb870136905,1
420,jl_f79cfbb7de6579f0,1
421,jl_28ded0222b036ce0,1
422,jl_26c552ec204ed2bb,1
423,jl_e0e3ab79ad5802ac,1
424,jl_8426fd79a582a5a3,1
425,jl_40040d6dcac2f7a4,1
426,jl_2b3024870a95445f,1
427,jl_177f9b5e49c35216,1
428,jl_069e91ac98318cac,1
429,jl_b856f9a5bc9b6cef,1
430,jl_a28062d53f0e76b7,1
431,jl_92307eb3ac5acb6d,1
432,jl_7fd98a87cf190b3a,1
433,jl_05654b2739edb3dc,1
434,jl_349882fce8422849,1
435,jl_98fbcf1df40d912b,1
436,jl_b594d545b79ebb33,1
437,jl_c9f3d74dfec2b58a,1
438,jl_bf72aa86b4b94354,1
439,jl_bf971d59ae92d952,1
440,jl_71ebe7d268dce9ca,1
441,jl_7b23b565ca64b8f7,1
442,jl_3f4451e9ba7610d4,1
443,jl_fe2e580359e6ed09,1
444,jl_5c4c561c417a3a0e,1
445,jl_19de10235c8bdde3,1
446,jl_bacb6a4b0522a8d1,1
447,jl_ba96a5fe42ebb45a,1
448,jl_16115ca1e52fa56a,1
449,jl_a7b9a3ae92cb2fd0,1
450,jl_27be3e2e56bc155a,1
451,jl_9626c817bc6e4a58,1
452,jl_26aefeed43055f99,1
453,jl_61250b29426460bf,1
454,jl_bbe723ea98beacea,1
455,jl_c10909eba8a41128,1
456,jl_3a01216fac4b9c51,1
457,jl_02ede2deffdcab0e,1
458,jl_e0e351b8a2aaeb8d,1
459,jl_1b510c7db8656f8b,1
460,jl_77dc10ccf817960d,1
461,jl_2f9d39e20a55df44,1
462,jl_46f9749df0d852a5,1
463,jl_b7e5050ef9d1907a,1
464,jl_a0779424c9079da1,1
465,jl_cde07460ec58a933,1
466,jl_89d6dcbd01c6ed1e,1
467,jl_548d5d6f4e260c19,1
468,jl_a847d9e349564130,1
469,jl_6c600276c194b9e9,1
470,jl_236c5f472b593823,1
471,jl_df4f67a620710e8a,1
472,jl_cfaf4580a4eba466,1
473,jl_77151706ac476442,1
474,jl_854d05a05acc73df,1
475,jl_80f2955f0cbfd8cd,1
476,jl_24418a1fa6946cb5,1
477,jl_edf3a3681ef7d8b0,1
478,jl_03a8bba20bb105b7,1
479,jl_c38179870b71fdb9,1
480,jl_5809e08f3442a27f,1
481,jl_20682817fe345075,1
482,jl_e3c140123e9b7692,1
483,jl_a93519cd9cc82925,1
484,jl_cb2602853c2706ec,1
485,jl_398a893a4024fe01,1
486,jl_ba19b2e0984e8e1f,1
487,jl_89b7884095f9fff2,1
488,jl_275a5b460844dc3b,1
489,jl_4f12cdd933304825,1
490,jl_27952ac140bbbd06,1
491,jl_ecb3f8dff0b8cfc0,1
492,jl_187f152fed51bfa9,1
493,jl_f4eafb4c336da7ac,1
494,jl_360ee937dd5d3bb7,1
495,jl_16fd663281139121,1
496,jl_ce51bf2b6607c0cd,1
497,jl_a5306401657b46b4,1
498,jl_c98395ff6abb6eaa,1
499,jl_aa46cf30c6aecfb5,1
500,jl_13b17a5f966f15c5,1
501,jl_0401599ef6948a07,1
502,jl_e75253b00cc34652,1
503,jl_9705439541bc5fc5,1
504,jl_5e4dfb0ee330f18f,1
505,jl_139b1e89065b5a17,1
506,jl_688d23a0dffdce61,1
507,jl_ad07c0f93d0bc43b,1
508,jl_6fcfc077d515cf2a,1
509,jl_4576f50fc80a54eb,1
510,jl_617d4a61a8adf605,1
511,jl_a6a332c03fae43ff,1
512,jl_21a46de3c190c6cf,1
513,jl_b071267bf5be6bad,1
514,jl_c0999baee2ba3053,1
515,jl_139b1e89065b5a17,1
516,jl_a6a332c03fae43ff,1
517,jl_6fcfc077d515cf2a,1
518,jl_bb656cb3adf08fc2,1
519,jl_617d4a61a8adf605,1
520,jl_f42a3b6dfb86dfff,1
521,jl_84071e864a952649,1
522,jl_c0999baee2ba3053,1
523,jl_6b70e913954aea36,1
524,jl_f7f0bb848edac1d8,1
525,jl_0bfda17d0dafc51a,1
526,jl_4e52849e166dfcee,1
527,jl_5579f9cdd3925684,1
528,jl_d1eb8575c85091db,1
529,jl_418c36a73af4c33c,1
530,jl_6278da4aaa4f5c22,1
531,jl_43bfec89ee45eb97,1
532,jl_697a3e84c4901dea,1
533,jl_8ea12362f5709b84,1
534,jl_2efe484172a37224,1
535,jl_5ba0882fbaadba37,1
536,jl_755c3c4b3b612783,1
537,jl_04953396c320fc7d,1
538,jl_eee9efc515bb13d6,1
539,jl_ef92f91da5ee7a07,1
540,jl_8a56baa241d06c05,1
541,jl_adff12ae0b8b2b3d,1
542,jl_2e31317f042b280e,1
543,jl_1bbfc04eca5f0a84,1
544,jl_272cafee2199da5c,1
545,jl_ea04402ec43f4969,1
546,jl_b7fdbe270e6fa3e4,1
547,jl_146c2225968c56e4,1
548,jl_5bb6212e910dd74f,1
549,jl_2297ee03e7a65cef,1
550,jl_36053f00328c2bee,1
551,jl_97a611caab239c99,1
552,jl_e08bf325787edffa,1
553,jl_2256ca73cf1ab1e2,1
554,jl_054d11e557796aec,1
555,jl_d17f188ec71ae831,1
556,jl_beaf3daf8fe88b2d,1
557,jl_05c2805b27536a02,1
558,jl_8ae690e284f57c29,1
559,jl_f3735cb555ef9177,1
560,jl_ba439c39716efdb7,1
561,jl_7e4a221a7e48cddb,1
562,jl_9ae4ca7acea48afa,1
563,jl_2dcc9bce8ac7b37d,1
564,jl_36d31da8f4c7a665,1
565,jl_58e0edacff347dd4,1
566,jl_fd7ab93a23990a02,1
567,jl_d04d44933c2d773f,1
568,jl_5ef78db0070fd967,1
569,jl_6a16807792558eca,1
570,jl_2f952787f067faf8,1
571,jl_2ade38eba999fb37,1
572,jl_fc49c86aaae2d436,1
573,jl_4b04b33a61318016,1
574,jl_06860199e2efdf98,1
575,jl_5cef0c3c8fec89d8,1
576,jl_73c857655c008ea4,1
577,jl_bee91916c14f01e0,1
578,jl_784f2a4a45c3d20b,1
579,jl_663d0c9335d5adb9,1
580,jl_fe7331b3aa723acc,1
581,jl_3ffebab789bb83c8,1
582,jl_855ccfa08000b0fb,1
583,jl_e9fc3f6940c7343a,1
584,jl_6b0f5b3ec476ba17,1
585,jl_052b85a29e6051b8,1
586,jl_137dac2ee7b76feb,1
587,jl_27c78225ff663692,1
588,jl_d5f2bbab01e098f1,1
589,jl_a164e874031221fc,1
590,jl_2b93e30cbfd8ff41,1
591,jl_c725e27a4d97f0e8,1
592,jl_e5ce2df3050b1154,1
593,jl_840e48f4af0e5f46,1
594,jl_104ac56715c63005,1
595,jl_776b9db77d9d2fe8,1
596,jl_ec92ad6e4808497f,1
597,jl_f68459789de42a7d,1
598,jl_bc4a2c85eb8d27e4,1
599,jl_691b0450a948de20,1
600,jl_f2a0213aa42df962,1
601,jl_d0786a593ce3d0e5,1
602,jl_4027c5d198e39c04,1
603,jl_7ec13d8d56b60275,1
604,jl_0b37042b9d64f67c,1
605,jl_089f591e30eeed8c,1
606,jl_7859147e08c52906,1
607,jl_767fafb2c67f8b4c,1
608,jl_82ad26380e8617ce,1
609,jl_e62342b587f697af,1
610,jl_1c2c8863212b7f96,1
611,jl_41649c4a8ba69418,1
612,jl_c0653daeb0f6d100,1
613,jl_11af9acdb610afc1,1
614,jl_f3700f100375c29f,1
615,jl_06957d8f878afdf7,1
616,jl_e754ce28f36c4ace,1
617,jl_d5a1a4c1e1a508a3,1
618,jl_c02035fff98bfd45,1
619,jl_3001192cf89f06b0,1
620,jl_9b6656f58ab2546c,1
621,jl_eba35cc86197d2a1,1
622,jl_5e2e6998ec182a6a,1
623,jl_f379e24e35f2f043,1
624,jl_626b5d80714c3971,1
625,jl_9ef863afc95fb76b,1
626,jl_484b12e1bb0f45c5,1
627,jl_c62f846f332037b2,1
628,jl_02698ddc0ffd5696,1
629,jl_a29f364b7cee3d1d,1
630,jl_688311d0b8457ad7,1
631,jl_dbc07853063d02ad,1
632,jl_22bb4301328e0b80,1
633,jl_610f00c537e130a7,1
634,jl_f8ef9db42d025917,1
635,jl_36e27b0e5144df51,1
636,jl_ee744923ebf990d9,1
637,jl_fcd47e023087ac23,1
638,jl_6600be51ffc706fa,1
639,jl_867cd1b8d8edf248,1
640,jl_ae9cfbef41233d6b,1
641,jl_797dd684ced93148,1
642,jl_41d8a9a99327af72,1
643,jl_c881e9e969ebdcb7,1
644,jl_379feb4e1b5b972d,1
645,jl_d59516a611b7a011,1
646,jl_c13bfe5deaf8b296,1
647,jl_a2a7ab5748ac4179,1
648,jl_0dc3e8ec1c990237,1
649,jl_2980b883c17f295e,1
650,jl_6e0597718975aeda,1
651,jl_28736a953e9fece1,1
652,jl_e1e4886fc199f229,1
653,jl_3e0193cbe56d86aa,1
654,jl_690d8c69fd54e5aa,1
655,jl_b48f6f2ea5d1b675,1
656,jl_774533c5c6a58f87,1
657,jl_0b88f453e6987b06,1
658,jl_9c4b47789592b03e,1
659,jl_9a4419dcd59fcfe5,1
660,jl_a8765371184f1211,1
661,jl_45d34a2daa3c26bf,1
662,jl_7bf234822ee4a595,1
663,jl_8802b3462cbbc7a9,1
664,jl_f7ff29b98a841012,1
665,jl_ae9cfbef41233d6b,1
666,jl_2b361b2441729013,1
667,jl_8b277ada46fe0a50,1
668,jl_eb0254fd1cae7268,1
669,jl_8802b3462cbbc7a9,1
670,jl_e47ca3e2bb531f44,1
671,jl_a8765371184f1211,1
672,jl_14f72ccbbad6c125,1
673,jl_1ce5959a5308cdc5,1
674,jl_40aa8253449c2054,1
675,jl_fda42ac0efb2b26b,1
676,jl_400c125a43a40d57,1
677,jl_ba34b9c406e58af8,1
678,jl_d63c1acce3ed8474,1
679,jl_155805abf7177e2d,1
680,jl_baa9d7201515ccaf,1
681,jl_27d47a850f9a63a8,1
682,jl_0851b211dbf3e3e8,1
683,jl_c2cbd644ae59f5c4,1
684,jl_682dfbc0f8c2979b,1
685,jl_4e5a49e7b57bd181,1
686,jl_48808848217d64f0,1
687,jl_700ec3386a5142a5,1
688,jl_60c00ae9e15f9b07,1
689,jl_88f8ba6e27c470fa,1
690,jl_7e226087f46a55d2,1
691,jl_245db200f5d3556e,1
692,jl_6adf90f2807e2098,1
693,jl_08b514f4a446280a,1
694,jl_31bd907dc349ce83,1
695,jl_879aca7ef36e6969,1
696,jl_956939c8c5c79255,1
697,jl_177d82fb57c77d7a,1
698,jl_2f403be68aee190b,1
699,jl_fb86620734f305fe,1
700,jl_3b2e3adb4fd427d9,1
701,jl_f03b82f8c5e1232c,1
702,jl_5a6e02e87d78404f,1
703,jl_077daac3b8b47c18,1
704,jl_1ca5bc2189c569ba,1
705,jl_974be8244344ce39,1
706,jl_21b8f2d75ccf375e,1
707,jl_41a87cad013dfc82,1
708,jl_dff5d19275e92423,1
709,jl_80ebfd1608c2497b,1
710,jl_d0867b967589a872,1
711,jl_df8869e3cfee419a,1
712,jl_7663507b6814a310,1
713,jl_20fe3d419e58809c,1
714,jl_a5e6280afef0b3bf,1
715,jl_2864d1437c2dfa23,1
716,jl_caae85351cd782ca,1
717,jl_7f53f8a7cd5a7725,1
718,jl_80d79eb20b01d7e7,1
719,jl_1cd14944abbffaeb,1
720,jl_4222734a19f8404a,1
721,jl_d2cbe8875b6fdc51,1
722,jl_b75c6d151955805c,1
723,jl_7272a43dd9515d20,1
724,jl_b031af5d10006e7d,1
725,jl_39b6dfd1dadfb833,1
726,jl_3114e9d13f4b4aad,1
727,jl_4c7626db5e2e9dda,1
728,jl_ca9a6e8948c95c60,1
729,jl_8c70839af57a7428,1
730,jl_f204071115217471,1
731,jl_d0421b3d39341b5c,1
732,jl_52a8e2e10b8551c2,1
733,jl_29b2fe18235e65fa,1
734,jl_30e53ef111c48496,1
735,jl_b3fee06f9d3e7937,1
736,jl_2f41402b0d1e22a6,1
737,jl_1498023d1041b9af,1
738,jl_9cd5e15b0d52ac3d,1
739,jl_6a906b0d00ff7337,1
740,jl_6bd6dccd747afaf5,1
741,jl_614cffda2822b594,1
742,jl_7ca7ec20e8a87bef,1
743,jl_c324e34081c43ddf,1
744,jl_c7719c15b50f09d9,1
745,jl_102a2bd673d4940d,1
746,jl_494b878f92dec490,1
747,jl_e408261828aa95e7,1
748,jl_ee52cf57a3b6cea7,1
749,jl_6417b88c1e033352,1
750,jl_2209b3d568085f9d,1
751,jl_cb0709ce7194b345,1
752,jl_805247253f6cbc3f,1
753,jl_fbbc5aa0bb981a2d,1
754,jl_eae9bf2b44fc45ca,1
755,jl_72b70793a17036c8,1
756,jl_eba5e6ef0e57e96c,1
757,jl_654ec64d5844c60f,1
758,jl_ad3440156a99519e,1
759,jl_d4d9b14b3514459d,1
760,jl_e2f0fd8d785c83a3,1
761,jl_9455b3e1012d1133,1
762,jl_8d18b0d2d1fc6efd,1
763,jl_b21f6ad45815fb62,1
764,jl_0220b6f5dd0f02e2,1
765,jl_9455b3e1012d1133,1
766,jl_4c69168b5581484e,1
767,jl_e6df2984b17ae344,1
768,jl_1510a78a5449aebd,1
769,jl_d579f00807bfb812,1
770,jl_44644badc6d0778a,1
771,jl_c3280ef90dd3bbc0,1
772,jl_85017d6b3a30bdd3,1
773,jl_d511557756494fa0,1
774,jl_0ff1fcdaf48321d8,1
775,jl_e48b2229df07d5eb,1
776,jl_fd2cfc1660bcdd3b,1
777,jl_cd810e8bfb49dac4,1
778,jl_288db7c4e5337442,1
779,jl_44644badc6d0778a,1
780,jl_4c69168b5581484e,1
781,jl_c3280ef90dd3bbc0,1
782,jl_e6df2984b17ae344,1
783,jl_1510a78a5449aebd,1
784,jl_d579f00807bfb812,1
785,jl_85017d6b3a30bdd3,1
786,jl_d511557756494fa0,1
787,jl_0ff1fcdaf48321d8,1
788,jl_e48b2229df07d5eb,1
789,jl_cd810e8bfb49dac4,1
790,jl_fd2cfc1660bcdd3b,1
791,jl_9455b3e1012d1133,1
792,jl_4c69168b5581484e,1
793,jl_e6df2984b17ae344,1
794,jl_1510a78a5449aebd,1
795,jl_d579f00807bfb812,1
796,jl_44644badc6d0778a,1
797,jl_c3280ef90dd3bbc0,1
798,jl_85017d6b3a30bdd3,1
799,jl_d511557756494fa0,1
800,jl_0ff1fcdaf48321d8,1
801,jl_e48b2229df07d5eb,1
802,jl_fd2cfc1660bcdd3b,1
803,jl_cd810e8bfb49dac4,1
804,jl_288db7c4e5337442,1
805,jl_44644badc6d0778a,1
806,jl_4c69168b5581484e,1
807,jl_c3280ef90dd3bbc0,1
808,jl_e6df2984b17ae344,1
809,jl_1510a78a5449aebd,1
810,jl_d579f00807bfb812,1
811,jl_85017d6b3a30bdd3,1
812,jl_d511557756494fa0,1
813,jl_0ff1fcdaf48321d8,1
814,jl_e48b2229df07d5eb,1
815,jl_cd810e8bfb49dac4,1
816,jl_fd2cfc1660bcdd3b,1
817,jl_9455b3e1012d1133,1
818,jl_4c69168b5581484e,1
819,jl_e6df2984b17ae344,1
820,jl_1510a78a5449aebd,1
821,jl_d579f00807bfb812,1
822,jl_44644badc6d0778a,1
823,jl_c3280ef90dd3bbc0,1
824,jl_85017d6b3a30bdd3,1
825,jl_d511557756494fa0,1
826,jl_0ff1fcdaf48321d8,1
827,jl_e48b2229df07d5eb,1
828,jl_fd2cfc1660bcdd3b,1
829,jl_cd810e8bfb49dac4,1
830,jl_16adc2284667102e,1
831,jl_788467cccf1800c4,1
832,jl_28643ddfd474331d,1
833,jl_ec0c0eb870136905,1
834,jl_a20aa38ea8517f9b,1
835,jl_f79cfbb7de6579f0,1
836,jl_28ded0222b036ce0,1
837,jl_177f9b5e49c35216,1
838,jl_2b3024870a95445f,1
839,jl_069e91ac98318cac,1
840,jl_a28062d53f0e76b7,1
841,jl_40040d6dcac2f7a4,1
842,jl_26c552ec204ed2bb,1
843,jl_f3692f7634a8bd70,1
844,jl_e0e3ab79ad5802ac,1
845,jl_8426fd79a582a5a3,1
846,jl_7fd98a87cf190b3a,1
847,jl_92307eb3ac5acb6d,1
848,jl_349882fce8422849,1
849,jl_98fbcf1df40d912b,1
850,jl_bf971d59ae92d952,1
851,jl_05654b2739edb3dc,1
852,jl_b594d545b79ebb33,1
853,jl_16115ca1e52fa56a,1
854,jl_c9f3d74dfec2b58a,1
855,jl_5c4c561c417a3a0e,1
856,jl_bacb6a4b0522a8d1,1
857,jl_bf72aa86b4b94354,1
858,jl_ba96a5fe42ebb45a,1
859,jl_a7b9a3ae92cb2fd0,1
860,jl_7b23b565ca64b8f7,1
861,jl_19de10235c8bdde3,1
862,jl_71ebe7d268dce9ca,1
863,jl_3f4451e9ba7610d4,1
864,jl_fe2e580359e6ed09,1
865,jl_9626c817bc6e4a58,1
866,jl_c10909eba8a41128,1
867,jl_26aefeed43055f99,1
868,jl_a847d9e349564130,1
869,jl_27be3e2e56bc155a,1
870,jl_46f9749df0d852a5,1
871,jl_61250b29426460bf,1
872,jl_80f2955f0cbfd8cd,1
873,jl_24418a1fa6946cb5,1
874,jl_a0779424c9079da1,1
875,jl_77151706ac476442,1
876,jl_1b510c7db8656f8b,1
877,jl_2f9d39e20a55df44,1
878,jl_b7e5050ef9d1907a,1
879,jl_77dc10ccf817960d,1
880,jl_02ede2deffdcab0e,1
881,jl_bbe723ea98beacea,1
882,jl_cfaf4580a4eba466,1
883,jl_3a01216fac4b9c51,1
884,jl_854d05a05acc73df,1
885,jl_e0e351b8a2aaeb8d,1
886,jl_275a5b460844dc3b,1
887,jl_c38179870b71fdb9,1
888,jl_cde07460ec58a933,1
889,jl_548d5d6f4e260c19,1
890,jl_6c600276c194b9e9,1
891,jl_89d6dcbd01c6ed1e,1
892,jl_236c5f472b593823,1
893,jl_df4f67a620710e8a,1
894,jl_edf3a3681ef7d8b0,1
895,jl_4576f50fc80a54eb,1
896,jl_398a893a4024fe01,1
897,jl_03a8bba20bb105b7,1
898,jl_360ee937dd5d3bb7,1
899,jl_20682817fe345075,1
900,jl_5809e08f3442a27f,1
901,jl_27952ac140bbbd06,1
902,jl_ce51bf2b6607c0cd,1
903,jl_cb2602853c2706ec,1
904,jl_89b7884095f9fff2,1
905,jl_a93519cd9cc82925,1
906,jl_ba19b2e0984e8e1f,1
907,jl_16fd663281139121,1
908,jl_e3c140123e9b7692,1
909,jl_4f12cdd933304825,1
910,jl_ecb3f8dff0b8cfc0,1
911,jl_187f152fed51bfa9,1
912,jl_5e4dfb0ee330f18f,1
913,jl_13b17a5f966f15c5,1
914,jl_f4eafb4c336da7ac,1
915,jl_688d23a0dffdce61,1
916,jl_b071267bf5be6bad,1
917,jl_0401599ef6948a07,1
918,jl_a5306401657b46b4,1
919,jl_aa46cf30c6aecfb5,1
920,jl_00624b458e8d2540,1
921,jl_43eb9ea1277ac1d5,1
922,jl_21a46de3c190c6cf,1
923,jl_d3952dc4c4d1b99a,1
924,jl_9705439541bc5fc5,1
925,jl_ad07c0f93d0bc43b,1
926,jl_e75253b00cc34652,1
927,jl_c98395ff6abb6eaa,1
928,jl_a15fded991125126,1
929,jl_8fcdb37d7b37085c,1
930,jl_00624b458e8d2540,1
931,jl_d3952dc4c4d1b99a,1
932,jl_f7f0bb848edac1d8,1
933,jl_8fcdb37d7b37085c,1
934,jl_f42a3b6dfb86dfff,1
935,jl_84071e864a952649,1
936,jl_0bfda17d0dafc51a,1
937,jl_a15fded991125126,1
938,jl_04953396c320fc7d,1
939,jl_d1eb8575c85091db,1
940,jl_6b70e913954aea36,1
941,jl_43eb9ea1277ac1d5,1
942,jl_4e52849e166dfcee,1
943,jl_bb656cb3adf08fc2,1
944,jl_43bfec89ee45eb97,1
945,jl_5ba0882fbaadba37,1
946,jl_8ea12362f5709b84,1
947,jl_2efe484172a37224,1
948,jl_418c36a73af4c33c,1
949,jl_6278da4aaa4f5c22,1
950,jl_5579f9cdd3925684,1
951,jl_697a3e84c4901dea,1
952,jl_5bb6212e910dd74f,1
953,jl_755c3c4b3b612783,1
954,jl_272cafee2199da5c,1
955,jl_8a56baa241d06c05,1
956,jl_eee9efc515bb13d6,1
957,jl_ea04402ec43f4969,1
958,jl_2297ee03e7a65cef,1
959,jl_2e31317f042b280e,1
960,jl_ef92f91da5ee7a07,1
961,jl_146c2225968c56e4,1
962,jl_b7fdbe270e6fa3e4,1
963,jl_2256ca73cf1ab1e2,1
964,jl_36053f00328c2bee,1
965,jl_2dcc9bce8ac7b37d,1
966,jl_05c2805b27536a02,1
967,jl_d17f188ec71ae831,1
968,jl_5ef78db0070fd967,1
969,jl_beaf3daf8fe88b2d,1
970,jl_d04d44933c2d773f,1
971,jl_d5f2bbab01e098f1,1
972,jl_6b0f5b3ec476ba17,1
973,jl_9ae4ca7acea48afa,1
974,jl_1bbfc04eca5f0a84,1
975,jl_fd7ab93a23990a02,1
976,jl_ba439c39716efdb7,1
977,jl_7e4a221a7e48cddb,1
978,jl_4b04b33a61318016,1
979,jl_e08bf325787edffa,1
980,jl_58e0edacff347dd4,1
981,jl_fd7ab93a23990a02,1
982,jl_d04d44933c2d773f,1
983,jl_5ef78db0070fd967,1
984,jl_6a16807792558eca,1
985,jl_2f952787f067faf8,1
986,jl_2ade38eba999fb37,1
987,jl_fc49c86aaae2d436,1
988,jl_4b04b33a61318016,1
989,jl_06860199e2efdf98,1
990,jl_5cef0c3c8fec89d8,1
991,jl_73c857655c008ea4,1
992,jl_bee91916c14f01e0,1
993,jl_784f2a4a45c3d20b,1
994,jl_663d0c9335d5adb9,1
995,jl_fe7331b3aa723acc,1
996,jl_3ffebab789bb83c8,1
997,jl_855ccfa08000b0fb,1
998,jl_e9fc3f6940c7343a,1
999,jl_6b0f5b3ec476ba17,1
1000,jl_052b85a29e6051b8,1
1001,jl_137dac2ee7b76feb,1
1002,jl_27c78225ff663692,1
1003,jl_d5f2bbab01e098f1,1
1004,jl_a164e874031221fc,1
1005,jl_2b93e30cbfd8ff41,1
1006,jl_c725e27a4d97f0e8,1
1007,jl_e5ce2df3050b1154,1
1008,jl_840e48f4af0e5f46,1
1009,jl_104ac56715c63005,1
1010,jl_776b9db77d9d2fe8,1
1011,jl_ec92ad6e4808497f,1
1012,jl_f68459789de42a7d,1
1013,jl_bc4a2c85eb8d27e4,1
1014,jl_691b0450a948de20,1
1015,jl_f2a0213aa42df962,1
1016,jl_d0786a593ce3d0e5,1
1017,jl_4027c5d198e39c04,1
1018,jl_7ec13d8d56b60275,1
1019,jl_0b37042b9d64f67c,1
1020,jl_089f591e30eeed8c,1
1021,jl_7859147e08c52906,1
1022,jl_767fafb2c67f8b4c,1
1023,jl_82ad26380e8617ce,1
1024,jl_e62342b587f697af,1
1025,jl_1c2c8863212b7f96,1
1026,jl_41649c4a8ba69418,1
1027,jl_c0653daeb0f6d100,1
1028,jl_11af9acdb610afc1,1
1029,jl_f3700f100375c29f,1
1030,jl_e754ce28f36c4ace,1
1031,jl_1c2c8863212b7f96,1
1032,jl_eba35cc86197d2a1,1
1033,jl_7ec13d8d56b60275,1
1034,jl_06957d8f878afdf7,1
1035,jl_9ef863afc95fb76b,1
1036,jl_c62f846f332037b2,1
1037,jl_484b12e1bb0f45c5,1
1038,jl_02698ddc0ffd5696,1
1039,jl_d5a1a4c1e1a508a3,1
1040,jl_9b6656f58ab2546c,1
1041,jl_22bb4301328e0b80,1
1042,jl_7859147e08c52906,1
1043,jl_610f00c537e130a7,1
1044,jl_5e2e6998ec182a6a,1
1045,jl_a29f364b7cee3d1d,1
1046,jl_36e27b0e5144df51,1
1047,jl_fcd47e023087ac23,1
1048,jl_3001192cf89f06b0,1
1049,jl_626b5d80714c3971,1
1050,jl_dbc07853063d02ad,1
1051,jl_f8ef9db42d025917,1
1052,jl_688311d0b8457ad7,1
1053,jl_c881e9e969ebdcb7,1
1054,jl_ee744923ebf990d9,1
1055,jl_379feb4e1b5b972d,1
1056,jl_867cd1b8d8edf248,1
1057,jl_774533c5c6a58f87,1
1058,jl_c13bfe5deaf8b296,1
1059,jl_3e0193cbe56d86aa,1
1060,jl_0dc3e8ec1c990237,1
1061,jl_2980b883c17f295e,1
1062,jl_797dd684ced93148,1
1063,jl_b48f6f2ea5d1b675,1
1064,jl_a2a7ab5748ac4179,1
1065,jl_6e0597718975aeda,1
1066,jl_28736a953e9fece1,1
1067,jl_d59516a611b7a011,1
1068,jl_e1e4886fc199f229,1
1069,jl_41d8a9a99327af72,1
1070,jl_9c4b47789592b03e,1
1071,jl_7bf234822ee4a595,1
1072,jl_0b88f453e6987b06,1
1073,jl_b10707640f7e1590,1
1074,jl_690d8c69fd54e5aa,1
1075,jl_557b306ce903c110,1
1076,jl_45d34a2daa3c26bf,1
1077,jl_f7ff29b98a841012,1
1078,jl_491e8fca18216cc8,1
1079,jl_9a4419dcd59fcfe5,1
1080,jl_ae9cfbef41233d6b,1
1081,jl_2b361b2441729013,1
1082,jl_8b277ada46fe0a50,1
1083,jl_eb0254fd1cae7268,1
1084,jl_8802b3462cbbc7a9,1
1085,jl_e47ca3e2bb531f44,1
1086,jl_a8765371184f1211,1
1087,jl_14f72ccbbad6c125,1
1088,jl_1ce5959a5308cdc5,1
1089,jl_40aa8253449c2054,1
1090,jl_fda42ac0efb2b26b,1
1091,jl_400c125a43a40d57,1
1092,jl_ba34b9c406e58af8,1
1093,jl_d63c1acce3ed8474,1
1094,jl_155805abf7177e2d,1
1095,jl_baa9d7201515ccaf,1
1096,jl_27d47a850f9a63a8,1
1097,jl_0851b211dbf3e3e8,1
1098,jl_c2cbd644ae59f5c4,1
1099,jl_682dfbc0f8c2979b,1
1100,jl_4e5a49e7b57bd181,1
1101,jl_48808848217d64f0,1
1102,jl_700ec3386a5142a5,1
1103,jl_60c00ae9e15f9b07,1
1104,jl_88f8ba6e27c470fa,1
1105,jl_7e226087f46a55d2,1
1106,jl_245db200f5d3556e,1
1107,jl_6adf90f2807e2098,1
1108,jl_08b514f4a446280a,1
1109,jl_31bd907dc349ce83,1
1110,jl_879aca7ef36e6969,1
1111,jl_956939c8c5c79255,1
1112,jl_177d82fb57c77d7a,1
1113,jl_2f403be68aee190b,1
1114,jl_fb86620734f305fe,1
1115,jl_3b2e3adb4fd427d9,1
1116,jl_f03b82f8c5e1232c,1
1117,jl_5a6e02e87d78404f,1
1118,jl_077daac3b8b47c18,1
1119,jl_1ca5bc2189c569ba,1
1120,jl_974be8244344ce39,1
1121,jl_21b8f2d75ccf375e,1
1122,jl_41a87cad013dfc82,1
1123,jl_dff5d19275e92423,1
1124,jl_80ebfd1608c2497b,1
1125,jl_d0867b967589a872,1
1126,jl_df8869e3cfee419a,1
1127,jl_7663507b6814a310,1
1128,jl_20fe3d419e58809c,1
1129,jl_a5e6280afef0b3bf,1
1130,jl_b031af5d10006e7d,1
1131,jl_2864d1437c2dfa23,1
1132,jl_1498023d1041b9af,1
1133,jl_6a906b0d00ff7337,1
1134,jl_6bd6dccd747afaf5,1
1135,jl_f204071115217471,1
1136,jl_7ca7ec20e8a87bef,1
1137,jl_9cd5e15b0d52ac3d,1
1138,jl_2b361b2441729013,1
1139,jl_30e53ef111c48496,1
1140,jl_7f53f8a7cd5a7725,1
1141,jl_40aa8253449c2054,1
1142,jl_614cffda2822b594,1
1143,jl_c324e34081c43ddf,1
1144,jl_d0421b3d39341b5c,1
1145,jl_52a8e2e10b8551c2,1
1146,jl_7e226087f46a55d2,1
1147,jl_df8869e3cfee419a,1
1148,jl_6adf90f2807e2098,1
1149,jl_177d82fb57c77d7a,1
1150,jl_6417b88c1e033352,1
1151,jl_879aca7ef36e6969,1
1152,jl_494b878f92dec490,1
1153,jl_c7719c15b50f09d9,1
1154,jl_1ca5bc2189c569ba,1
1155,jl_41a87cad013dfc82,1
1156,jl_eae9bf2b44fc45ca,1
1157,jl_dff5d19275e92423,1
1158,jl_72b70793a17036c8,1
1159,jl_102a2bd673d4940d,1
1160,jl_eba5e6ef0e57e96c,1
1161,jl_fbbc5aa0bb981a2d,1
1162,jl_e408261828aa95e7,1
1163,jl_d2cbe8875b6fdc51,1
1164,jl_7272a43dd9515d20,1
1165,jl_d4d9b14b3514459d,1
1166,jl_39b6dfd1dadfb833,1
1167,jl_e2f0fd8d785c83a3,1
1168,jl_4c7626db5e2e9dda,1
1169,jl_ad3440156a99519e,1
1170,jl_cb0709ce7194b345,1
1171,jl_8d18b0d2d1fc6efd,1
1172,jl_2209b3d568085f9d,1
1173,jl_288db7c4e5337442,1
1174,jl_0220b6f5dd0f02e2,1
1175,jl_b3fee06f9d3e7937,1
1176,jl_ee52cf57a3b6cea7,1
1177,jl_b21f6ad45815fb62,1
1178,jl_654ec64d5844c60f,1
1179,jl_805247253f6cbc3f,1
1180,jl_288db7c4e5337442,1
1181,jl_44644badc6d0778a,1
1182,jl_4c69168b5581484e,1
1183,jl_c3280ef90dd3bbc0,1
1184,jl_e6df2984b17ae344,1
1185,jl_1510a78a5449aebd,1
1186,jl_d579f00807bfb812,1
1187,jl_85017d6b3a30bdd3,1
1188,jl_d511557756494fa0,1
1189,jl_0ff1fcdaf48321d8,1
1190,jl_e48b2229df07d5eb,1
1191,jl_cd810e8bfb49dac4,1
1192,jl_fd2cfc1660bcdd3b,1
1193,jl_9455b3e1012d1133,1
1194,jl_4c69168b5581484e,1
1195,jl_e6df2984b17ae344,1
1196,jl_1510a78a5449aebd,1
1197,jl_d579f00807bfb812,1
1198,jl_44644badc6d0778a,1
1199,jl_c3280ef90dd3bbc0,1
1200,jl_85017d6b3a30bdd3,1
1201,jl_d511557756494fa0,1
1202,jl_0ff1fcdaf48321d8,1
1203,jl_e48b2229df07d5eb,1
1204,jl_fd2cfc1660bcdd3b,1
1205,jl_cd810e8bfb49dac4,1
1206,jl_288db7c4e5337442,1
1207,jl_44644badc6d0778a,1
1208,jl_4c69168b5581484e,1
1209,jl_c3280ef90dd3bbc0,1
1210,jl_e6df2984b17ae344,1
1211,jl_1510a78a5449aebd,1
1212,jl_d579f00807bfb812,1
1213,jl_85017d6b3a30bdd3,1
1214,jl_d511557756494fa0,1
1215,jl_0ff1fcdaf48321d8,1
1216,jl_e48b2229df07d5eb,1
1217,jl_cd810e8bfb49dac4,1
1218,jl_fd2cfc1660bcdd3b,1
1219,jl_9455b3e1012d1133,1
1220,jl_4c69168b5581484e,1
1221,jl_e6df2984b17ae344,1
1222,jl_1510a78a5449aebd,1
1223,jl_d579f00807bfb812,1
1224,jl_44644badc6d0778a,1
1225,jl_c3280ef90dd3bbc0,1
1226,jl_85017d6b3a30bdd3,1
1227,jl_d511557756494fa0,1
1228,jl_0ff1fcdaf48321d8,1
1229,jl_e48b2229df07d5eb,1
1230,jl_fd2cfc1660bcdd3b,1
1231,jl_cd810e8bfb49dac4,1
1232,jl_9455b3e1012d1133,1
1233,jl_4c69168b5581484e,1
1234,jl_e6df2984b17ae344,1
1235,jl_1510a78a5449aebd,1
1236,jl_d579f00807bfb812,1
1237,jl_44644badc6d0778a,1
1238,jl_c3280ef90dd3bbc0,1
1239,jl_85017d6b3a30bdd3,1
1240,jl_d511557756494fa0,1
1241,jl_0ff1fcdaf48321d8,1
1242,jl_e48b2229df07d5eb,1
1243,jl_fd2cfc1660bcdd3b,1
1244,jl_cd810e8bfb49dac4,1
1245,jl_16adc2284667102e,1
1246,jl_788467cccf1800c4,1
1247,jl_28643ddfd474331d,1
1248,jl_ec0c0eb870136905,1
1249,jl_a20aa38ea8517f9b,1
1250,jl_f79cfbb7de6579f0,1
1251,jl_28ded0222b036ce0,1
1252,jl_177f9b5e49c35216,1
1253,jl_2b3024870a95445f,1
1254,jl_069e91ac98318cac,1
1255,jl_a28062d53f0e76b7,1
1256,jl_40040d6dcac2f7a4,1
1257,jl_26c552ec204ed2bb,1
1258,jl_f3692f7634a8bd70,1
1259,jl_e0e3ab79ad5802ac,1
1260,jl_8426fd79a582a5a3,1
1261,jl_7fd98a87cf190b3a,1
1262,jl_92307eb3ac5acb6d,1
1263,jl_349882fce8422849,1
1264,jl_98fbcf1df40d912b,1
1265,jl_bf971d59ae92d952,1
1266,jl_05654b2739edb3dc,1
1267,jl_b594d545b79ebb33,1
1268,jl_16115ca1e52fa56a,1
1269,jl_c9f3d74dfec2b58a,1
1270,jl_5c4c561c417a3a0e,1
1271,jl_bacb6a4b0522a8d1,1
1272,jl_bf72aa86b4b94354,1
1273,jl_ba96a5fe42ebb45a,1
1274,jl_a7b9a3ae92cb2fd0,1
1275,jl_7b23b565ca64b8f7,1
1276,jl_19de10235c8bdde3,1
1277,jl_71ebe7d268dce9ca,1
1278,jl_3f4451e9ba7610d4,1
1279,jl_fe2e580359e6ed09,1
1280,jl_9626c817bc6e4a58,1
1281,jl_c10909eba8a41128,1
1282,jl_26aefeed43055f99,1
1283,jl_a847d9e349564130,1
1284,jl_27be3e2e56bc155a,1
1285,jl_46f9749df0d852a5,1
1286,jl_61250b29426460bf,1
1287,jl_80f2955f0cbfd8cd,1
1288,jl_24418a1fa6946cb5,1
1289,jl_a0779424c9079da1,1
1290,jl_77151706ac476442,1
1291,jl_1b510c7db8656f8b,1
1292,jl_2f9d39e20a55df44,1
1293,jl_b7e5050ef9d1907a,1
1294,jl_77dc10ccf817960d,1
1295,jl_02ede2deffdcab0e,1
1296,jl_bbe723ea98beacea,1
1297,jl_cfaf4580a4eba466,1
1298,jl_3a01216fac4b9c51,1
1299,jl_854d05a05acc73df,1
1300,jl_e0e351b8a2aaeb8d,1
1301,jl_275a5b460844dc3b,1
1302,jl_c38179870b71fdb9,1
1303,jl_cde07460ec58a933,1
1304,jl_548d5d6f4e260c19,1
1305,jl_6c600276c194b9e9,1
1306,jl_89d6dcbd01c6ed1e,1
1307,jl_236c5f472b593823,1
1308,jl_df4f67a620710e8a,1
1309,jl_edf3a3681ef7d8b0,1
1310,jl_4576f50fc80a54eb,1
1311,jl_398a893a4024fe01,1
1312,jl_03a8bba20bb105b7,1
1313,jl_360ee937dd5d3bb7,1
1314,jl_20682817fe345075,1
1315,jl_5809e08f3442a27f,1
1316,jl_27952ac140bbbd06,1
1317,jl_ce51bf2b6607c0cd,1
1318,jl_cb2602853c2706ec,1
1319,jl_89b7884095f9fff2,1
1320,jl_a93519cd9cc82925,1
1321,jl_ba19b2e0984e8e1f,1
1322,jl_16fd663281139121,1
1323,jl_e3c140123e9b7692,1
1324,jl_4f12cdd933304825,1
1325,jl_ecb3f8dff0b8cfc0,1
1326,jl_187f152fed51bfa9,1
1327,jl_5e4dfb0ee330f18f,1
1328,jl_13b17a5f966f15c5,1
1329,jl_f4eafb4c336da7ac,1
1330,jl_688d23a0dffdce61,1
1331,jl_b071267bf5be6bad,1
1332,jl_0401599ef6948a07,1
1333,jl_a5306401657b46b4,1
1334,jl_aa46cf30c6aecfb5,1
1335,jl_00624b458e8d2540,1
1336,jl_43eb9ea1277ac1d5,1
1337,jl_21a46de3c190c6cf,1
1338,jl_d3952dc4c4d1b99a,1
1339,jl_9705439541bc5fc5,1
1340,jl_ad07c0f93d0bc43b,1
1341,jl_e75253b00cc34652,1
1342,jl_c98395ff6abb6eaa,1
1343,jl_a15fded991125126,1
1344,jl_8fcdb37d7b37085c,1
1345,jl_00624b458e8d2540,1
1346,jl_d3952dc4c4d1b99a,1
1347,jl_f7f0bb848edac1d8,1
1348,jl_8fcdb37d7b37085c,1
1349,jl_f42a3b6dfb86dfff,1
1350,jl_84071e864a952649,1
1351,jl_0bfda17d0dafc51a,1
1352,jl_a15fded991125126,1
1353,jl_04953396c320fc7d,1
1354,jl_d1eb8575c85091db,1
1355,jl_6b70e913954aea36,1
1356,jl_43eb9ea1277ac1d5,1
1357,jl_4e52849e166dfcee,1
1358,jl_bb656cb3adf08fc2,1
1359,jl_43bfec89ee45eb97,1
1360,jl_5ba0882fbaadba37,1
1361,jl_8ea12362f5709b84,1
1362,jl_2efe484172a37224,1
1363,jl_418c36a73af4c33c,1
1364,jl_6278da4aaa4f5c22,1
1365,jl_5579f9cdd3925684,1
1366,jl_697a3e84c4901dea,1
1367,jl_5bb6212e910dd74f,1
1368,jl_755c3c4b3b612783,1
1369,jl_272cafee2199da5c,1
1370,jl_8a56baa241d06c05,1
1371,jl_eee9efc515bb13d6,1
1372,jl_ea04402ec43f4969,1
1373,jl_2297ee03e7a65cef,1
1374,jl_2e31317f042b280e,1
1375,jl_ef92f91da5ee7a07,1
1376,jl_146c2225968c56e4,1
1377,jl_b7fdbe270e6fa3e4,1
1378,jl_2256ca73cf1ab1e2,1
1379,jl_36053f00328c2bee,1
1380,jl_2dcc9bce8ac7b37d,1
1381,jl_05c2805b27536a02,1
1382,jl_d17f188ec71ae831,1
1383,jl_5ef78db0070fd967,1
1384,jl_beaf3daf8fe88b2d,1
1385,jl_d04d44933c2d773f,1
1386,jl_d5f2bbab01e098f1,1
1387,jl_6b0f5b3ec476ba17,1
1388,jl_9ae4ca7acea48afa,1
1389,jl_1bbfc04eca5f0a84,1
1390,jl_fd7ab93a23990a02,1
1391,jl_ba439c39716efdb7,1
1392,jl_7e4a221a7e48cddb,1
1393,jl_4b04b33a61318016,1
1394,jl_e08bf325787edffa,1
1395,jl_58e0edacff347dd4,1
1396,jl_fd7ab93a23990a02,1
1397,jl_d04d44933c2d773f,1
1398,jl_5ef78db0070fd967,1
1399,jl_6a16807792558eca,1
1400,jl_2f952787f067faf8,1
1401,jl_2ade38eba999fb37,1
1402,jl_fc49c86aaae2d436,1
1403,jl_4b04b33a61318016,1
1404,jl_06860199e2efdf98,1
1405,jl_5cef0c3c8fec89d8,1
1406,jl_73c857655c008ea4,1
1407,jl_bee91916c14f01e0,1
1408,jl_784f2a4a45c3d20b,1
1409,jl_663d0c9335d5adb9,1
1410,jl_fe7331b3aa723acc,1
1411,jl_3ffebab789bb83c8,1
1412,jl_855ccfa08000b0fb,1
1413,jl_e9fc3f6940c7343a,1
1414,jl_6b0f5b3ec476ba17,1
1415,jl_052b85a29e6051b8,1
1416,jl_137dac2ee7b76feb,1
1417,jl_27c78225ff663692,1
1418,jl_d5f2bbab01e098f1,1
1419,jl_a164e874031221fc,1
1420,jl_2b93e30cbfd8ff41,1
1421,jl_c725e27a4d97f0e8,1
1422,jl_e5ce2df3050b1154,1
1423,jl_840e48f4af0e5f46,1
1424,jl_104ac56715c63005,1
1425,jl_776b9db77d9d2fe8,1
1426,jl_ec92ad6e4808497f,1
1427,jl_f68459789de42a7d,1
1428,jl_bc4a2c85eb8d27e4,1
1429,jl_691b0450a948de20,1
1430,jl_f2a0213aa42df962,1
1431,jl_d0786a593ce3d0e5,1
1432,jl_4027c5d198e39c04,1
1433,jl_7ec13d8d56b60275,1
1434,jl_0b37042b9d64f67c,1
1435,jl_089f591e30eeed8c,1
1436,jl_7859147e08c52906,1
1437,jl_767fafb2c67f8b4c,1
1438,jl_82ad26380e8617ce,1
1439,jl_e62342b587f697af,1
1440,jl_1c2c8863212b7f96,1
1441,jl_41649c4a8ba69418,1
1442,jl_c0653daeb0f6d100,1
1443,jl_11af9acdb610afc1,1
1444,jl_f3700f100375c29f,1
1445,jl_e754ce28f36c4ace,1
1446,jl_1c2c8863212b7f96,1
1447,jl_eba35cc86197d2a1,1
1448,jl_7ec13d8d56b60275,1
1449,jl_06957d8f878afdf7,1
1450,jl_9ef863afc95fb76b,1
1451,jl_c62f846f332037b2,1
1452,jl_484b12e1bb0f45c5,1
1453,jl_02698ddc0ffd5696,1
1454,jl_d5a1a4c1e1a508a3,1
1455,jl_9b6656f58ab2546c,1
1456,jl_22bb4301328e0b80,1
1457,jl_7859147e08c52906,1
1458,jl_610f00c537e130a7,1
1459,jl_5e2e6998ec182a6a,1
1460,jl_a29f364b7cee3d1d,1
1461,jl_36e27b0e5144df51,1
1462,jl_fcd47e023087ac23,1
1463,jl_3001192cf89f06b0,1
1464,jl_626b5d80714c3971,1
1465,jl_dbc07853063d02ad,1
1466,jl_f8ef9db42d025917,1
1467,jl_688311d0b8457ad7,1
1468,jl_c881e9e969ebdcb7,1
1469,jl_ee744923ebf990d9,1
1470,jl_379feb4e1b5b972d,1
1471,jl_867cd1b8d8edf248,1
1472,jl_774533c5c6a58f87,1
1473,jl_c13bfe5deaf8b296,1
1474,jl_3e0193cbe56d86aa,1
1475,jl_0dc3e8ec1c990237,1
1476,jl_2980b883c17f295e,1
1477,jl_797dd684ced93148,1
1478,jl_b48f6f2ea5d1b675,1
1479,jl_a2a7ab5748ac4179,1
1480,jl_6e0597718975aeda,1
1481,jl_28736a953e9fece1,1
1482,jl_d59516a611b7a011,1
1483,jl_e1e4886fc199f229,1
1484,jl_41d8a9a99327af72,1
1485,jl_9c4b47789592b03e,1
1486,jl_7bf234822ee4a595,1
1487,jl_0b88f453e6987b06,1
1488,jl_b10707640f7e1590,1
1489,jl_690d8c69fd54e5aa,1
1490,jl_557b306ce903c110,1
1491,jl_45d34a2daa3c26bf,1
1492,jl_f7ff29b98a841012,1
1493,jl_491e8fca18216cc8,1
1494,jl_9a4419dcd59fcfe5,1
1495,jl_ae9cfbef41233d6b,1
1496,jl_2b361b2441729013,1
1497,jl_8b277ada46fe0a50,1
1498,jl_eb0254fd1cae7268,1
1499,jl_8802b3462cbbc7a9,1
1500,jl_e47ca3e2bb531f44,1
1501,jl_a8765371184f1211,1
1502,jl_14f72ccbbad6c125,1
1503,jl_1ce5959a5308cdc5,1
1504,jl_40aa8253449c2054,1
1505,jl_fda42ac0efb2b26b,1
1506,jl_400c125a43a40d57,1
1507,jl_ba34b9c406e58af8,1
1508,jl_d63c1acce3ed8474,1
1509,jl_155805abf7177e2d,1
1510,jl_baa9d7201515ccaf,1
1511,jl_27d47a850f9a63a8,1
1512,jl_0851b211dbf3e3e8,1
1513,jl_c2cbd644ae59f5c4,1
1514,jl_682dfbc0f8c2979b,1
1515,jl_4e5a49e7b57bd181,1
1516,jl_48808848217d64f0,1
1517,jl_700ec3386a5142a5,1
1518,jl_60c00ae9e15f9b07,1
1519,jl_88f8ba6e27c470fa,1
1520,jl_7e226087f46a55d2,1
1521,jl_245db200f5d3556e,1
1522,jl_6adf90f2807e2098,1
1523,jl_08b514f4a446280a,1
1524,jl_31bd907dc349ce83,1
1525,jl_879aca7ef36e6969,1
1526,jl_956939c8c5c79255,1
1527,jl_177d82fb57c77d7a,1
1528,jl_2f403be68aee190b,1
1529,jl_fb86620734f305fe,1
1530,jl_3b2e3adb4fd427d9,1
1531,jl_f03b82f8c5e1232c,1
1532,jl_5a6e02e87d78404f,1
1533,jl_077daac3b8b47c18,1
1534,jl_1ca5bc2189c569ba,1
1535,jl_974be8244344ce39,1
1536,jl_21b8f2d75ccf375e,1
1537,jl_41a87cad013dfc82,1
1538,jl_dff5d19275e92423,1
1539,jl_80ebfd1608c2497b,1
1540,jl_d0867b967589a872,1
1541,jl_df8869e3cfee419a,1
1542,jl_7663507b6814a310,1
1543,jl_20fe3d419e58809c,1
1544,jl_a5e6280afef0b3bf,1
1545,jl_b031af5d10006e7d,1
1546,jl_2864d1437c2dfa23,1
1547,jl_1498023d1041b9af,1
1548,jl_6a906b0d00ff7337,1
1549,jl_6bd6dccd747afaf5,1
1550,jl_f204071115217471,1
1551,jl_7ca7ec20e8a87bef,1
1552,jl_9cd5e15b0d52ac3d,1
1553,jl_2b361b2441729013,1
1554,jl_30e53ef111c48496,1
1555,jl_7f53f8a7cd5a7725,1
1556,jl_40aa8253449c2054,1
1557,jl_614cffda2822b594,1
1558,jl_c324e34081c43ddf,1
1559,jl_d0421b3d39341b5c,1
1560,jl_52a8e2e10b8551c2,1
1561,jl_7e226087f46a55d2,1
1562,jl_df8869e3cfee419a,1
1563,jl_6adf90f2807e2098,1
1564,jl_177d82fb57c77d7a,1
1565,jl_6417b88c1e033352,1
1566,jl_879aca7ef36e6969,1
1567,jl_494b878f92dec490,1
1568,jl_c7719c15b50f09d9,1
1569,jl_1ca5bc2189c569ba,1
1570,jl_41a87cad013dfc82,1
1571,jl_eae9bf2b44fc45ca,1
1572,jl_dff5d19275e92423,1
1573,jl_72b70793a17036c8,1
1574,jl_102a2bd673d4940d,1
1575,jl_eba5e6ef0e57e96c,1
1576,jl_fbbc5aa0bb981a2d,1
1577,jl_e408261828aa95e7,1
1578,jl_d2cbe8875b6fdc51,1
1579,jl_7272a43dd9515d20,1
1580,jl_d4d9b14b3514459d,1
1581,jl_39b6dfd1dadfb833,1
1582,jl_e2f0fd8d785c83a3,1
1583,jl_4c7626db5e2e9dda,1
1584,jl_ad3440156a99519e,1
1585,jl_cb0709ce7194b345,1
1586,jl_8d18b0d2d1fc6efd,1
1587,jl_2209b3d568085f9d,1
1588,jl_288db7c4e5337442,1
1589,jl_0220b6f5dd0f02e2,1
1590,jl_b3fee06f9d3e7937,1
1591,jl_ee52cf57a3b6cea7,1
1592,jl_b21f6ad45815fb62,1
1593,jl_654ec64d5844c60f,1
1594,jl_805247253f6cbc3f,1
1595,jl_288db7c4e5337442,1
1596,jl_44644badc6d0778a,1
1597,jl_4c69168b5581484e,1
1598,jl_c3280ef90dd3bbc0,1
1599,jl_e6df2984b17ae344,1
1600,jl_1510a78a5449aebd,1
1601,jl_d579f00807bfb812,1
1602,jl_85017d6b3a30bdd3,1
1603,jl_d511557756494fa0,1
1604,jl_0ff1fcdaf48321d8,1
1605,jl_e48b2229df07d5eb,1
1606,jl_cd810e8bfb49dac4,1
1607,jl_fd2cfc1660bcdd3b,1
1608,jl_9455b3e1012d1133,1
1609,jl_4c69168b5581484e,1
1610,jl_e6df2984b17ae344,1
1611,jl_1510a78a5449aebd,1
1612,jl_d579f00807bfb812,1
1613,jl_44644badc6d0778a,1
1614,jl_c3280ef90dd3bbc0,1
1615,jl_85017d6b3a30bdd3,1
1616,jl_d511557756494fa0,1
1617,jl_0ff1fcdaf48321d8,1
1618,jl_e48b2229df07d5eb,1
1619,jl_fd2cfc1660bcdd3b,1
1620,jl_cd810e8bfb49dac4,1
1621,jl_9455b3e1012d1133,1
1622,jl_4c69168b5581484e,1
1623,jl_e6df2984b17ae344,1
1624,jl_1510a78a5449aebd,1
1625,jl_d579f00807bfb812,1
1626,jl_44644badc6d0778a,1
1627,jl_c3280ef90dd3bbc0,1
1628,jl_85017d6b3a30bdd3,1
1629,jl_d511557756494fa0,1
1630,jl_0ff1fcdaf48321d8,1
1631,jl_e48b2229df07d5eb,1
1632,jl_fd2cfc1660bcdd3b,1
1633,jl_cd810e8bfb49dac4,1
1634,jl_9455b3e1012d1133,1
1635,jl_4c69168b5581484e,1
1636,jl_e6df2984b17ae344,1
1637,jl_1510a78a5449aebd,1
1638,jl_d579f00807bfb812,1
1639,jl_44644badc6d0778a,1
1640,jl_c3280ef90dd3bbc0,1
1641,jl_85017d6b3a30bdd3,1
1642,jl_d511557756494fa0,1
1643,jl_0ff1fcdaf48321d8,1
1644,jl_e48b2229df07d5eb,1
1645,jl_fd2cfc1660bcdd3b,1
1646,jl_cd810e8bfb49dac4,1
1647,jl_9455b3e1012d1133,1
1648,jl_4c69168b5581484e,1
1649,jl_e6df2984b17ae344,1
1650,jl_1510a78a5449aebd,1
1651,jl_d579f00807bfb812,1
1652,jl_44644badc6d0778a,1
1653,jl_c3280ef90dd3bbc0,1
1654,jl_85017d6b3a30bdd3,1
1655,jl_d511557756494fa0,1
1656,jl_0ff1fcdaf48321d8,1
1657,jl_e48b2229df07d5eb,1
1658,jl_fd2cfc1660bcdd3b,1
1659,jl_cd810e8bfb49dac4,1
1660,jl_16adc2284667102e,1
1661,jl_788467cccf1800c4,1
1662,jl_28643ddfd474331d,1
1663,jl_ec0c0eb870136905,1
1664,jl_a20aa38ea8517f9b,1
1665,jl_f79cfbb7de6579f0,1
1666,jl_28ded0222b036ce0,1
1667,jl_177f9b5e49c35216,1
1668,jl_2b3024870a95445f,1
1669,jl_069e91ac98318cac,1
1670,jl_a28062d53f0e76b7,1
1671,jl_40040d6dcac2f7a4,1
1672,jl_26c552ec204ed2bb,1
1673,jl_f3692f7634a8bd70,1
1674,jl_e0e3ab79ad5802ac,1
1675,jl_8426fd79a582a5a3,1
1676,jl_7fd98a87cf190b3a,1
1677,jl_92307eb3ac5acb6d,1
1678,jl_349882fce8422849,1
1679,jl_98fbcf1df40d912b,1
1680,jl_bf971d59ae92d952,1
1681,jl_05654b2739edb3dc,1
1682,jl_b594d545b79ebb33,1
1683,jl_16115ca1e52fa56a,1
1684,jl_c9f3d74dfec2b58a,1
1685,jl_5c4c561c417a3a0e,1
1686,jl_bacb6a4b0522a8d1,1
1687,jl_bf72aa86b4b94354,1
1688,jl_ba96a5fe42ebb45a,1
1689,jl_a7b9a3ae92cb2fd0,1
1690,jl_7b23b565ca64b8f7,1
1691,jl_19de10235c8bdde3,1
1692,jl_71ebe7d268dce9ca,1
1693,jl_3f4451e9ba7610d4,1
1694,jl_fe2e580359e6ed09,1
1695,jl_9626c817bc6e4a58,1
1696,jl_c10909eba8a41128,1
1697,jl_26aefeed43055f99,1
1698,jl_a847d9e349564130,1
1699,jl_27be3e2e56bc155a,1
1700,jl_46f9749df0d852a5,1
1701,jl_61250b29426460bf,1
1702,jl_80f2955f0cbfd8cd,1
1703,jl_24418a1fa6946cb5,1
1704,jl_a0779424c9079da1,1
1705,jl_77151706ac476442,1
1706,jl_1b510c7db8656f8b,1
1707,jl_2f9d39e20a55df44,1
1708,jl_b7e5050ef9d1907a,1
1709,jl_77dc10ccf817960d,1
1710,jl_02ede2deffdcab0e,1
1711,jl_bbe723ea98beacea,1
1712,jl_cfaf4580a4eba466,1
1713,jl_3a01216fac4b9c51,1
1714,jl_854d05a05acc73df,1
1715,jl_e0e351b8a2aaeb8d,1
1716,jl_275a5b460844dc3b,1
1717,jl_c38179870b71fdb9,1
1718,jl_cde07460ec58a933,1
1719,jl_548d5d6f4e260c19,1
1720,jl_6c600276c194b9e9,1
1721,jl_89d6dcbd01c6ed1e,1
1722,jl_236c5f472b593823,1
1723,jl_df4f67a620710e8a,1
1724,jl_edf3a3681ef7d8b0,1
1725,jl_4576f50fc80a54eb,1
1726,jl_398a893a4024fe01,1
1727,jl_03a8bba20bb105b7,1
1728,jl_360ee937dd5d3bb7,1
1729,jl_20682817fe345075,1
1730,jl_5809e08f3442a27f,1
1731,jl_27952ac140bbbd06,1
1732,jl_ce51bf2b6607c0cd,1
1733,jl_cb2602853c2706ec,1
1734,jl_89b7884095f9fff2,1
1735,jl_a93519cd9cc82925,1
1736,jl_ba19b2e0984e8e1f,1
1737,jl_16fd663281139121,1
1738,jl_e3c140123e9b7692,1
1739,jl_4f12cdd933304825,1
1740,jl_ecb3f8dff0b8cfc0,1
1741,jl_187f152fed51bfa9,1
1742,jl_5e4dfb0ee330f18f,1
1743,jl_13b17a5f966f15c5,1
1744,jl_f4eafb4c336da7ac,1
1745,jl_688d23a0dffdce61,1
1746,jl_b071267bf5be6bad,1
1747,jl_0401599ef6948a07,1
1748,jl_a5306401657b46b4,1
1749,jl_aa46cf30c6aecfb5,1
1750,jl_00624b458e8d2540,1
1751,jl_43eb9ea1277ac1d5,1
1752,jl_21a46de3c190c6cf,1
1753,jl_d3952dc4c4d1b99a,1
1754,jl_9705439541bc5fc5,1
1755,jl_ad07c0f93d0bc43b,1
1756,jl_e75253b00cc34652,1
1757,jl_c98395ff6abb6eaa,1
1758,jl_a15fded991125126,1
1759,jl_8fcdb37d7b37085c,1
1760,jl_139b1e89065b5a17,1
1761,jl_a6a332c03fae43ff,1
1762,jl_6fcfc077d515cf2a,1
1763,jl_bb656cb3adf08fc2,1
1764,jl_617d4a61a8adf605,1
1765,jl_f42a3b6dfb86dfff,1
1766,jl_84071e864a952649,1
1767,jl_c0999baee2ba3053,1
1768,jl_6b70e913954aea36,1
1769,jl_f7f0bb848edac1d8,1
1770,jl_0bfda17d0dafc51a,1
1771,jl_4e52849e166dfcee,1
1772,jl_5579f9cdd3925684,1
1773,jl_d1eb8575c85091db,1
1774,jl_418c36a73af4c33c,1
1775,jl_6278da4aaa4f5c22,1
1776,jl_43bfec89ee45eb97,1
1777,jl_697a3e84c4901dea,1
1778,jl_8ea12362f5709b84,1
1779,jl_2efe484172a37224,1
1780,jl_5ba0882fbaadba37,1
1781,jl_755c3c4b3b612783,1
1782,jl_04953396c320fc7d,1
1783,jl_eee9efc515bb13d6,1
1784,jl_ef92f91da5ee7a07,1
1785,jl_8a56baa241d06c05,1
1786,jl_adff12ae0b8b2b3d,1
1787,jl_2e31317f042b280e,1
1788,jl_1bbfc04eca5f0a84,1
1789,jl_272cafee2199da5c,1
1790,jl_ea04402ec43f4969,1
1791,jl_b7fdbe270e6fa3e4,1
1792,jl_146c2225968c56e4,1
1793,jl_5bb6212e910dd74f,1
1794,jl_2297ee03e7a65cef,1
1795,jl_36053f00328c2bee,1
1796,jl_97a611caab239c99,1
1797,jl_e08bf325787edffa,1
1798,jl_2256ca73cf1ab1e2,1
1799,jl_054d11e557796aec,1
1800,jl_d17f188ec71ae831,1
1801,jl_beaf3daf8fe88b2d,1
1802,jl_05c2805b27536a02,1
1803,jl_8ae690e284f57c29,1
1804,jl_f3735cb555ef9177,1
1805,jl_ba439c39716efdb7,1
1806,jl_7e4a221a7e48cddb,1
1807,jl_9ae4ca7acea48afa,1
1808,jl_2dcc9bce8ac7b37d,1
1809,jl_36d31da8f4c7a665,1
1810,jl_58e0edacff347dd4,1
1811,jl_fd7ab93a23990a02,1
1812,jl_d04d44933c2d773f,1
1813,jl_5ef78db0070fd967,1
1814,jl_6a16807792558eca,1
1815,jl_2f952787f067faf8,1
1816,jl_2ade38eba999fb37,1
1817,jl_fc49c86aaae2d436,1
1818,jl_4b04b33a61318016,1
1819,jl_06860199e2efdf98,1
1820,jl_5cef0c3c8fec89d8,1
1821,jl_73c857655c008ea4,1
1822,jl_bee91916c14f01e0,1
1823,jl_784f2a4a45c3d20b,1
1824,jl_663d0c9335d5adb9,1
1825,jl_fe7331b3aa723acc,1
1826,jl_3ffebab789bb83c8,1
1827,jl_855ccfa08000b0fb,1
1828,jl_e9fc3f6940c7343a,1
1829,jl_6b0f5b3ec476ba17,1
1830,jl_052b85a29e6051b8,1
1831,jl_137dac2ee7b76feb,1
1832,jl_27c78225ff663692,1
1833,jl_d5f2bbab01e098f1,1
1834,jl_2b93e30cbfd8ff41,1
1835,jl_a164e874031221fc,1
1836,jl_c725e27a4d97f0e8,1
1837,jl_e5ce2df3050b1154,1
1838,jl_840e48f4af0e5f46,1
1839,jl_104ac56715c63005,1
1840,jl_776b9db77d9d2fe8,1
1841,jl_ec92ad6e4808497f,1
1842,jl_f68459789de42a7d,1
1843,jl_bc4a2c85eb8d27e4,1
1844,jl_691b0450a948de20,1
1845,jl_f2a0213aa42df962,1
1846,jl_d0786a593ce3d0e5,1
1847,jl_4027c5d198e39c04,1
1848,jl_7ec13d8d56b60275,1
1849,jl_0b37042b9d64f67c,1
1850,jl_089f591e30eeed8c,1
1851,jl_7859147e08c52906,1
1852,jl_767fafb2c67f8b4c,1
1853,jl_82ad26380e8617ce,1
1854,jl_e62342b587f697af,1
1855,jl_1c2c8863212b7f96,1
1856,jl_c0653daeb0f6d100,1
1857,jl_41649c4a8ba69418,1
1858,jl_11af9acdb610afc1,1
1859,jl_f3700f100375c29f,1
1860,jl_e754ce28f36c4ace,1
1861,jl_1c2c8863212b7f96,1
1862,jl_eba35cc86197d2a1,1
1863,jl_7ec13d8d56b60275,1
1864,jl_06957d8f878afdf7,1
1865,jl_9ef863afc95fb76b,1
1866,jl_c62f846f332037b2,1
1867,jl_484b12e1bb0f45c5,1
1868,jl_02698ddc0ffd5696,1
1869,jl_d5a1a4c1e1a508a3,1
1870,jl_9b6656f58ab2546c,1
1871,jl_22bb4301328e0b80,1
1872,jl_7859147e08c52906,1
1873,jl_610f00c537e130a7,1
1874,jl_5e2e6998ec182a6a,1
1875,jl_a29f364b7cee3d1d,1
1876,jl_36e27b0e5144df51,1
1877,jl_fcd47e023087ac23,1
1878,jl_3001192cf89f06b0,1
1879,jl_626b5d80714c3971,1
1880,jl_dbc07853063d02ad,1
1881,jl_f8ef9db42d025917,1
1882,jl_688311d0b8457ad7,1
1883,jl_c881e9e969ebdcb7,1
1884,jl_ee744923ebf990d9,1
1885,jl_379feb4e1b5b972d,1
1886,jl_867cd1b8d8edf248,1
1887,jl_774533c5c6a58f87,1
1888,jl_c13bfe5deaf8b296,1
1889,jl_3e0193cbe56d86aa,1
1890,jl_0dc3e8ec1c990237,1
1891,jl_2980b883c17f295e,1
1892,jl_797dd684ced93148,1
1893,jl_b48f6f2ea5d1b675,1
1894,jl_a2a7ab5748ac4179,1
1895,jl_6e0597718975aeda,1
1896,jl_28736a953e9fece1,1
1897,jl_d59516a611b7a011,1
1898,jl_e1e4886fc199f229,1
1899,jl_41d8a9a99327af72,1
1900,jl_9c4b47789592b03e,1
1901,jl_7bf234822ee4a595,1
1902,jl_0b88f453e6987b06,1
1903,jl_690d8c69fd54e5aa,1
1904,jl_b10707640f7e1590,1
1905,jl_557b306ce903c110,1
1906,jl_45d34a2daa3c26bf,1
1907,jl_f7ff29b98a841012,1
1908,jl_491e8fca18216cc8,1
1909,jl_9a4419dcd59fcfe5,1
1910,jl_14f72ccbbad6c125,1
1911,jl_491e8fca18216cc8,1
1912,jl_fda42ac0efb2b26b,1
1913,jl_e47ca3e2bb531f44,1
1914,jl_557b306ce903c110,1
1915,jl_8b277ada46fe0a50,1
1916,jl_ba34b9c406e58af8,1
1917,jl_4e5a49e7b57bd181,1
1918,jl_682dfbc0f8c2979b,1
1919,jl_400c125a43a40d57,1
1920,jl_1ce5959a5308cdc5,1
1921,jl_31bd907dc349ce83,1
1922,jl_baa9d7201515ccaf,1
1923,jl_d63c1acce3ed8474,1
1924,jl_700ec3386a5142a5,1
1925,jl_eb0254fd1cae7268,1
1926,jl_0851b211dbf3e3e8,1
1927,jl_08b514f4a446280a,1
1928,jl_155805abf7177e2d,1
1929,jl_88f8ba6e27c470fa,1
1930,jl_b10707640f7e1590,1
1931,jl_48808848217d64f0,1
1932,jl_245db200f5d3556e,1
1933,jl_2f403be68aee190b,1
1934,jl_c2cbd644ae59f5c4,1
1935,jl_077daac3b8b47c18,1
1936,jl_fb86620734f305fe,1
1937,jl_60c00ae9e15f9b07,1
1938,jl_21b8f2d75ccf375e,1
1939,jl_3b2e3adb4fd427d9,1
1940,jl_80ebfd1608c2497b,1
1941,jl_d0867b967589a872,1
1942,jl_f03b82f8c5e1232c,1
1943,jl_7663507b6814a310,1
1944,jl_974be8244344ce39,1
1945,jl_1cd14944abbffaeb,1
1946,jl_caae85351cd782ca,1
1947,jl_a5e6280afef0b3bf,1
1948,jl_5a6e02e87d78404f,1
1949,jl_956939c8c5c79255,1
1950,jl_20fe3d419e58809c,1
1951,jl_80d79eb20b01d7e7,1
1952,jl_4222734a19f8404a,1
1953,jl_b75c6d151955805c,1
1954,jl_ca9a6e8948c95c60,1
1955,jl_27d47a850f9a63a8,1
1956,jl_8c70839af57a7428,1
1957,jl_29b2fe18235e65fa,1
1958,jl_3114e9d13f4b4aad,1
1959,jl_2f41402b0d1e22a6,1
1960,jl_2864d1437c2dfa23,1
1961,jl_caae85351cd782ca,1
1962,jl_7f53f8a7cd5a7725,1
1963,jl_80d79eb20b01d7e7,1
1964,jl_1cd14944abbffaeb,1
1965,jl_4222734a19f8404a,1
1966,jl_d2cbe8875b6fdc51,1
1967,jl_b75c6d151955805c,1
1968,jl_7272a43dd9515d20,1
1969,jl_b031af5d10006e7d,1
1970,jl_39b6dfd1dadfb833,1
1971,jl_3114e9d13f4b4aad,1
1972,jl_4c7626db5e2e9dda,1
1973,jl_ca9a6e8948c95c60,1
1974,jl_8c70839af57a7428,1
1975,jl_f204071115217471,1
1976,jl_d0421b3d39341b5c,1
1977,jl_52a8e2e10b8551c2,1
1978,jl_29b2fe18235e65fa,1
1979,jl_30e53ef111c48496,1
1980,jl_b3fee06f9d3e7937,1
1981,jl_2f41402b0d1e22a6,1
1982,jl_1498023d1041b9af,1
1983,jl_9cd5e15b0d52ac3d,1
1984,jl_6a906b0d00ff7337,1
1985,jl_6bd6dccd747afaf5,1
1986,jl_614cffda2822b594,1
1987,jl_7ca7ec20e8a87bef,1
1988,jl_c324e34081c43ddf,1
1989,jl_c7719c15b50f09d9,1
1990,jl_102a2bd673d4940d,1
1991,jl_494b878f92dec490,1
1992,jl_e408261828aa95e7,1
1993,jl_ee52cf57a3b6cea7,1
1994,jl_6417b88c1e033352,1
1995,jl_2209b3d568085f9d,1
1996,jl_cb0709ce7194b345,1
1997,jl_805247253f6cbc3f,1
1998,jl_fbbc5aa0bb981a2d,1
1999,jl_eae9bf2b44fc45ca,1
2000,jl_72b70793a17036c8,1
2001,jl_eba5e6ef0e57e96c,1
2002,jl_654ec64d5844c60f,1
2003,jl_ad3440156a99519e,1
2004,jl_d4d9b14b3514459d,1
2005,jl_e2f0fd8d785c83a3,1
2006,jl_9455b3e1012d1133,1
2007,jl_8d18b0d2d1fc6efd,1
2008,jl_b21f6ad45815fb62,1
2009,jl_0220b6f5dd0f02e2,1
2010,jl_288db7c4e5337442,1
2011,jl_44644badc6d0778a,1
2012,jl_4c69168b5581484e,1
2013,jl_c3280ef90dd3bbc0,1
2014,jl_e6df2984b17ae344,1
2015,jl_1510a78a5449aebd,1
2016,jl_d579f00807bfb812,1
2017,jl_85017d6b3a30bdd3,1
2018,jl_d511557756494fa0,1
2019,jl_0ff1fcdaf48321d8,1
2020,jl_e48b2229df07d5eb,1
2021,jl_cd810e8bfb49dac4,1
2022,jl_fd2cfc1660bcdd3b,1
2023,jl_288db7c4e5337442,1
2024,jl_44644badc6d0778a,1
2025,jl_4c69168b5581484e,1
2026,jl_c3280ef90dd3bbc0,1
2027,jl_e6df2984b17ae344,1
2028,jl_1510a78a5449aebd,1
2029,jl_d579f00807bfb812,1
2030,jl_85017d6b3a30bdd3,1
2031,jl_d511557756494fa0,1
2032,jl_0ff1fcdaf48321d8,1
2033,jl_e48b2229df07d5eb,1
2034,jl_cd810e8bfb49dac4,1
2035,jl_fd2cfc1660bcdd3b,1
2036,jl_9455b3e1012d1133,1
2037,jl_4c69168b5581484e,1
2038,jl_e6df2984b17ae344,1
2039,jl_1510a78a5449aebd,1
2040,jl_d579f00807bfb812,1
2041,jl_44644badc6d0778a,1
2042,jl_c3280ef90dd3bbc0,1
2043,jl_85017d6b3a30bdd3,1
2044,jl_d511557756494fa0,1
2045,jl_0ff1fcdaf48321d8,1
2046,jl_e48b2229df07d5eb,1
2047,jl_fd2cfc1660bcdd3b,1
2048,jl_cd810e8bfb49dac4,1
2049,jl_9455b3e1012d1133,1
2050,jl_4c69168b5581484e,1
2051,jl_e6df2984b17ae344,1
2052,jl_1510a78a5449aebd,1
2053,jl_d579f00807bfb812,1
2054,jl_44644badc6d0778a,1
2055,jl_c3280ef90dd3bbc0,1
2056,jl_85017d6b3a30bdd3,1
2057,jl_d511557756494fa0,1
2058,jl_0ff1fcdaf48321d8,1
2059,jl_e48b2229df07d5eb,1
2060,jl_fd2cfc1660bcdd3b,1
2061,jl_cd810e8bfb49dac4,1
2062,jl_288db7c4e5337442,1
2063,jl_44644badc6d0778a,1
2064,jl_4c69168b5581484e,1
2065,jl_c3280ef90dd3bbc0,1
2066,jl_e6df2984b17ae344,1
2067,jl_1510a78a5449aebd,1
2068,jl_d579f00807bfb812,1
2069,jl_85017d6b3a30bdd3,1
2070,jl_d511557756494fa0,1
2071,jl_0ff1fcdaf48321d8,1
2072,jl_e48b2229df07d5eb,1
2073,jl_cd810e8bfb49dac4,1
2074,jl_fd2cfc1660bcdd3b,1
2075,jl_16adc2284667102e,1
2076,jl_788467cccf1800c4,1
2077,jl_28643ddfd474331d,1
2078,jl_ec0c0eb870136905,1
2079,jl_a20aa38ea8517f9b,1
2080,jl_f79cfbb7de6579f0,1
2081,jl_28ded0222b036ce0,1
2082,jl_177f9b5e49c35216,1
2083,jl_2b3024870a95445f,1
2084,jl_069e91ac98318cac,1
2085,jl_a28062d53f0e76b7,1
2086,jl_40040d6dcac2f7a4,1
2087,jl_26c552ec204ed2bb,1
2088,jl_f3692f7634a8bd70,1
2089,jl_e0e3ab79ad5802ac,1
2090,jl_8426fd79a582a5a3,1
2091,jl_7fd98a87cf190b3a,1
2092,jl_92307eb3ac5acb6d,1
2093,jl_349882fce8422849,1
2094,jl_98fbcf1df40d912b,1
2095,jl_bf971d59ae92d952,1
2096,jl_05654b2739edb3dc,1
2097,jl_b594d545b79ebb33,1
2098,jl_16115ca1e52fa56a,1
2099,jl_c9f3d74dfec2b58a,1
2100,jl_5c4c561c417a3a0e,1
2101,jl_bacb6a4b0522a8d1,1
2102,jl_bf72aa86b4b94354,1
2103,jl_ba96a5fe42ebb45a,1
2104,jl_a7b9a3ae92cb2fd0,1
2105,jl_7b23b565ca64b8f7,1
2106,jl_19de10235c8bdde3,1
2107,jl_71ebe7d268dce9ca,1
2108,jl_3f4451e9ba7610d4,1
2109,jl_fe2e580359e6ed09,1
2110,jl_9626c817bc6e4a58,1
2111,jl_c10909eba8a41128,1
2112,jl_26aefeed43055f99,1
2113,jl_a847d9e349564130,1
2114,jl_27be3e2e56bc155a,1
2115,jl_46f9749df0d852a5,1
2116,jl_61250b29426460bf,1
2117,jl_80f2955f0cbfd8cd,1
2118,jl_24418a1fa6946cb5,1
2119,jl_a0779424c9079da1,1
2120,jl_77151706ac476442,1
2121,jl_1b510c7db8656f8b,1
2122,jl_2f9d39e20a55df44,1
2123,jl_b7e5050ef9d1907a,1
2124,jl_77dc10ccf817960d,1
2125,jl_02ede2deffdcab0e,1
2126,jl_bbe723ea98beacea,1
2127,jl_cfaf4580a4eba466,1
2128,jl_3a01216fac4b9c51,1
2129,jl_854d05a05acc73df,1
2130,jl_e0e351b8a2aaeb8d,1
2131,jl_275a5b460844dc3b,1
2132,jl_c38179870b71fdb9,1
2133,jl_cde07460ec58a933,1
2134,jl_548d5d6f4e260c19,1
2135,jl_6c600276c194b9e9,1
2136,jl_89d6dcbd01c6ed1e,1
2137,jl_236c5f472b593823,1
2138,jl_df4f67a620710e8a,1
2139,jl_edf3a3681ef7d8b0,1
2140,jl_4576f50fc80a54eb,1
2141,jl_398a893a4024fe01,1
2142,jl_03a8bba20bb105b7,1
2143,jl_360ee937dd5d3bb7,1
2144,jl_20682817fe345075,1
2145,jl_5809e08f3442a27f,1
2146,jl_27952ac140bbbd06,1
2147,jl_ce51bf2b6607c0cd,1
2148,jl_cb2602853c2706ec,1
2149,jl_89b7884095f9fff2,1
2150,jl_a93519cd9cc82925,1
2151,jl_ba19b2e0984e8e1f,1
2152,jl_16fd663281139121,1
2153,jl_e3c140123e9b7692,1
2154,jl_4f12cdd933304825,1
2155,jl_ecb3f8dff0b8cfc0,1
2156,jl_187f152fed51bfa9,1
2157,jl_5e4dfb0ee330f18f,1
2158,jl_13b17a5f966f15c5,1
2159,jl_f4eafb4c336da7ac,1
2160,jl_688d23a0dffdce61,1
2161,jl_b071267bf5be6bad,1
2162,jl_0401599ef6948a07,1
2163,jl_a5306401657b46b4,1
2164,jl_aa46cf30c6aecfb5,1
2165,jl_00624b458e8d2540,1
2166,jl_43eb9ea1277ac1d5,1
2167,jl_21a46de3c190c6cf,1
2168,jl_d3952dc4c4d1b99a,1
2169,jl_9705439541bc5fc5,1
2170,jl_ad07c0f93d0bc43b,1
2171,jl_e75253b00cc34652,1
2172,jl_c98395ff6abb6eaa,1
2173,jl_a15fded991125126,1
2174,jl_8fcdb37d7b37085c,1
2175,jl_139b1e89065b5a17,1
2176,jl_a6a332c03fae43ff,1
2177,jl_6fcfc077d515cf2a,1
2178,jl_bb656cb3adf08fc2,1
2179,jl_617d4a61a8adf605,1
2180,jl_f42a3b6dfb86dfff,1
2181,jl_84071e864a952649,1
2182,jl_c0999baee2ba3053,1
2183,jl_6b70e913954aea36,1
2184,jl_f7f0bb848edac1d8,1
2185,jl_0bfda17d0dafc51a,1
2186,jl_4e52849e166dfcee,1
2187,jl_5579f9cdd3925684,1
2188,jl_d1eb8575c85091db,1
2189,jl_418c36a73af4c33c,1
2190,jl_6278da4aaa4f5c22,1
2191,jl_43bfec89ee45eb97,1
2192,jl_697a3e84c4901dea,1
2193,jl_8ea12362f5709b84,1
2194,jl_2efe484172a37224,1
2195,jl_5ba0882fbaadba37,1
2196,jl_755c3c4b3b612783,1
2197,jl_04953396c320fc7d,1
2198,jl_eee9efc515bb13d6,1
2199,jl_ef92f91da5ee7a07,1
2200,jl_8a56baa241d06c05,1
2201,jl_adff12ae0b8b2b3d,1
2202,jl_2e31317f042b280e,1
2203,jl_1bbfc04eca5f0a84,1
2204,jl_272cafee2199da5c,1
2205,jl_ea04402ec43f4969,1
2206,jl_b7fdbe270e6fa3e4,1
2207,jl_146c2225968c56e4,1
2208,jl_5bb6212e910dd74f,1
2209,jl_2297ee03e7a65cef,1
2210,jl_36053f00328c2bee,1
2211,jl_97a611caab239c99,1
2212,jl_e08bf325787edffa,1
2213,jl_2256ca73cf1ab1e2,1
2214,jl_054d11e557796aec,1
2215,jl_d17f188ec71ae831,1
2216,jl_beaf3daf8fe88b2d,1
2217,jl_05c2805b27536a02,1
2218,jl_8ae690e284f57c29,1
2219,jl_f3735cb555ef9177,1
2220,jl_ba439c39716efdb7,1
2221,jl_7e4a221a7e48cddb,1
2222,jl_9ae4ca7acea48afa,1
2223,jl_2dcc9bce8ac7b37d,1
2224,jl_36d31da8f4c7a665,1
2225,jl_58e0edacff347dd4,1
2226,jl_fd7ab93a23990a02,1
2227,jl_d04d44933c2d773f,1
2228,jl_5ef78db0070fd967,1
2229,jl_6a16807792558eca,1
2230,jl_2f952787f067faf8,1
2231,jl_2ade38eba999fb37,1
2232,jl_fc49c86aaae2d436,1
2233,jl_4b04b33a61318016,1
2234,jl_06860199e2efdf98,1
2235,jl_5cef0c3c8fec89d8,1
2236,jl_73c857655c008ea4,1
2237,jl_bee91916c14f01e0,1
2238,jl_784f2a4a45c3d20b,1
2239,jl_663d0c9335d5adb9,1
2240,jl_fe7331b3aa723acc,1
2241,jl_3ffebab789bb83c8,1
2242,jl_855ccfa08000b0fb,1
2243,jl_e9fc3f6940c7343a,1
2244,jl_6b0f5b3ec476ba17,1
2245,jl_052b85a29e6051b8,1
2246,jl_137dac2ee7b76feb,1
2247,jl_27c78225ff663692,1
2248,jl_d5f2bbab01e098f1,1
2249,jl_2b93e30cbfd8ff41,1
2250,jl_a164e874031221fc,1
2251,jl_c725e27a4d97f0e8,1
2252,jl_e5ce2df3050b1154,1
2253,jl_840e48f4af0e5f46,1
2254,jl_104ac56715c63005,1
2255,jl_776b9db77d9d2fe8,1
2256,jl_ec92ad6e4808497f,1
2257,jl_f68459789de42a7d,1
2258,jl_bc4a2c85eb8d27e4,1
2259,jl_691b0450a948de20,1
2260,jl_f2a0213aa42df962,1
2261,jl_d0786a593ce3d0e5,1
2262,jl_4027c5d198e39c04,1
2263,jl_7ec13d8d56b60275,1
2264,jl_0b37042b9d64f67c,1
2265,jl_089f591e30eeed8c,1
2266,jl_7859147e08c52906,1
2267,jl_767fafb2c67f8b4c,1
2268,jl_82ad26380e8617ce,1
2269,jl_e62342b587f697af,1
2270,jl_1c2c8863212b7f96,1
2271,jl_c0653daeb0f6d100,1
2272,jl_41649c4a8ba69418,1
2273,jl_11af9acdb610afc1,1
2274,jl_f3700f100375c29f,1
2275,jl_06957d8f878afdf7,1
2276,jl_e754ce28f36c4ace,1
2277,jl_d5a1a4c1e1a508a3,1
2278,jl_c02035fff98bfd45,1
2279,jl_3001192cf89f06b0,1
2280,jl_9b6656f58ab2546c,1
2281,jl_eba35cc86197d2a1,1
2282,jl_5e2e6998ec182a6a,1
2283,jl_f379e24e35f2f043,1
2284,jl_626b5d80714c3971,1
2285,jl_9ef863afc95fb76b,1
2286,jl_484b12e1bb0f45c5,1
2287,jl_c62f846f332037b2,1
2288,jl_02698ddc0ffd5696,1
2289,jl_a29f364b7cee3d1d,1
2290,jl_688311d0b8457ad7,1
2291,jl_dbc07853063d02ad,1
2292,jl_22bb4301328e0b80,1
2293,jl_610f00c537e130a7,1
2294,jl_f8ef9db42d025917,1
2295,jl_36e27b0e5144df51,1
2296,jl_ee744923ebf990d9,1
2297,jl_fcd47e023087ac23,1
2298,jl_6600be51ffc706fa,1
2299,jl_867cd1b8d8edf248,1
2300,jl_ae9cfbef41233d6b,1
2301,jl_797dd684ced93148,1
2302,jl_41d8a9a99327af72,1
2303,jl_c881e9e969ebdcb7,1
2304,jl_379feb4e1b5b972d,1
2305,jl_d59516a611b7a011,1
2306,jl_c13bfe5deaf8b296,1
2307,jl_a2a7ab5748ac4179,1
2308,jl_0dc3e8ec1c990237,1
2309,jl_2980b883c17f295e,1
2310,jl_6e0597718975aeda,1
2311,jl_28736a953e9fece1,1
2312,jl_e1e4886fc199f229,1
2313,jl_3e0193cbe56d86aa,1
2314,jl_690d8c69fd54e5aa,1
2315,jl_b48f6f2ea5d1b675,1
2316,jl_774533c5c6a58f87,1
2317,jl_0b88f453e6987b06,1
2318,jl_9c4b47789592b03e,1
2319,jl_9a4419dcd59fcfe5,1
2320,jl_a8765371184f1211,1
2321,jl_45d34a2daa3c26bf,1
2322,jl_7bf234822ee4a595,1
2323,jl_8802b3462cbbc7a9,1
2324,jl_f7ff29b98a841012,1
2325,jl_14f72ccbbad6c125,1
2326,jl_491e8fca18216cc8,1
2327,jl_fda42ac0efb2b26b,1
2328,jl_e47ca3e2bb531f44,1
2329,jl_557b306ce903c110,1
2330,jl_8b277ada46fe0a50,1
2331,jl_ba34b9c406e58af8,1
2332,jl_4e5a49e7b57bd181,1
2333,jl_682dfbc0f8c2979b,1
2334,jl_400c125a43a40d57,1
2335,jl_1ce5959a5308cdc5,1
2336,jl_31bd907dc349ce83,1
2337,jl_baa9d7201515ccaf,1
2338,jl_d63c1acce3ed8474,1
2339,jl_700ec3386a5142a5,1
2340,jl_eb0254fd1cae7268,1
2341,jl_0851b211dbf3e3e8,1
2342,jl_08b514f4a446280a,1
2343,jl_155805abf7177e2d,1
2344,jl_88f8ba6e27c470fa,1
2345,jl_b10707640f7e1590,1
2346,jl_48808848217d64f0,1
2347,jl_245db200f5d3556e,1
2348,jl_2f403be68aee190b,1
2349,jl_c2cbd644ae59f5c4,1
2350,jl_077daac3b8b47c18,1
2351,jl_fb86620734f305fe,1
2352,jl_60c00ae9e15f9b07,1
2353,jl_21b8f2d75ccf375e,1
2354,jl_3b2e3adb4fd427d9,1
2355,jl_80ebfd1608c2497b,1
2356,jl_d0867b967589a872,1
2357,jl_f03b82f8c5e1232c,1
2358,jl_7663507b6814a310,1
2359,jl_974be8244344ce39,1
2360,jl_1cd14944abbffaeb,1
2361,jl_caae85351cd782ca,1
2362,jl_a5e6280afef0b3bf,1
2363,jl_5a6e02e87d78404f,1
2364,jl_956939c8c5c79255,1
2365,jl_20fe3d419e58809c,1
2366,jl_80d79eb20b01d7e7,1
2367,jl_4222734a19f8404a,1
2368,jl_b75c6d151955805c,1
2369,jl_ca9a6e8948c95c60,1
2370,jl_27d47a850f9a63a8,1
2371,jl_8c70839af57a7428,1
2372,jl_29b2fe18235e65fa,1
2373,jl_3114e9d13f4b4aad,1
2374,jl_2f41402b0d1e22a6,1
2375,jl_b031af5d10006e7d,1
2376,jl_2864d1437c2dfa23,1
2377,jl_1498023d1041b9af,1
2378,jl_6a906b0d00ff7337,1
2379,jl_6bd6dccd747afaf5,1
2380,jl_f204071115217471,1
2381,jl_7ca7ec20e8a87bef,1
2382,jl_9cd5e15b0d52ac3d,1
2383,jl_2b361b2441729013,1
2384,jl_30e53ef111c48496,1
2385,jl_7f53f8a7cd5a7725,1
2386,jl_40aa8253449c2054,1
2387,jl_614cffda2822b594,1
2388,jl_c324e34081c43ddf,1
2389,jl_d0421b3d39341b5c,1
2390,jl_52a8e2e10b8551c2,1
2391,jl_7e226087f46a55d2,1
2392,jl_df8869e3cfee419a,1
2393,jl_6adf90f2807e2098,1
2394,jl_177d82fb57c77d7a,1
2395,jl_6417b88c1e033352,1
2396,jl_879aca7ef36e6969,1
2397,jl_494b878f92dec490,1
2398,jl_c7719c15b50f09d9,1
2399,jl_1ca5bc2189c569ba,1
2400,jl_41a87cad013dfc82,1
2401,jl_eae9bf2b44fc45ca,1
2402,jl_dff5d19275e92423,1
2403,jl_72b70793a17036c8,1
2404,jl_102a2bd673d4940d,1
2405,jl_eba5e6ef0e57e96c,1
2406,jl_fbbc5aa0bb981a2d,1
2407,jl_e408261828aa95e7,1
2408,jl_d2cbe8875b6fdc51,1
2409,jl_7272a43dd9515d20,1
2410,jl_d4d9b14b3514459d,1
2411,jl_39b6dfd1dadfb833,1
2412,jl_4c7626db5e2e9dda,1
2413,jl_e2f0fd8d785c83a3,1
2414,jl_ad3440156a99519e,1
2415,jl_cb0709ce7194b345,1
2416,jl_8d18b0d2d1fc6efd,1
2417,jl_2209b3d568085f9d,1
2418,jl_288db7c4e5337442,1
2419,jl_0220b6f5dd0f02e2,1
2420,jl_b3fee06f9d3e7937,1
2421,jl_ee52cf57a3b6cea7,1
2422,jl_b21f6ad45815fb62,1
2423,jl_654ec64d5844c60f,1
2424,jl_805247253f6cbc3f,1
2425,jl_9455b3e1012d1133,1
2426,jl_4c69168b5581484e,1
2427,jl_e6df2984b17ae344,1
2428,jl_1510a78a5449aebd,1
2429,jl_d579f00807bfb812,1
2430,jl_44644badc6d0778a,1
2431,jl_c3280ef90dd3bbc0,1
2432,jl_85017d6b3a30bdd3,1
2433,jl_d511557756494fa0,1
2434,jl_0ff1fcdaf48321d8,1
2435,jl_e48b2229df07d5eb,1
2436,jl_fd2cfc1660bcdd3b,1
2437,jl_cd810e8bfb49dac4,1
2438,jl_288db7c4e5337442,1
2439,jl_44644badc6d0778a,1
2440,jl_4c69168b5581484e,1
2441,jl_c3280ef90dd3bbc0,1
2442,jl_e6df2984b17ae344,1
2443,jl_1510a78a5449aebd,1
2444,jl_d579f00807bfb812,1
2445,jl_85017d6b3a30bdd3,1
2446,jl_d511557756494fa0,1
2447,jl_0ff1fcdaf48321d8,1
2448,jl_e48b2229df07d5eb,1
2449,jl_cd810e8bfb49dac4,1
2450,jl_fd2cfc1660bcdd3b,1
2451,jl_9455b3e1012d1133,1
2452,jl_4c69168b5581484e,1
2453,jl_e6df2984b17ae344,1
2454,jl_1510a78a5449aebd,1
2455,jl_d579f00807bfb812,1
2456,jl_44644badc6d0778a,1
2457,jl_c3280ef90dd3bbc0,1
2458,jl_85017d6b3a30bdd3,1
2459,jl_d511557756494fa0,1
2460,jl_0ff1fcdaf48321d8,1
2461,jl_e48b2229df07d5eb,1
2462,jl_fd2cfc1660bcdd3b,1
2463,jl_cd810e8bfb49dac4,1
2464,jl_9455b3e1012d1133,1
2465,jl_4c69168b5581484e,1
2466,jl_e6df2984b17ae344,1
2467,jl_1510a78a5449aebd,1
2468,jl_d579f00807bfb812,1
2469,jl_44644badc6d0778a,1
2470,jl_c3280ef90dd3bbc0,1
2471,jl_85017d6b3a30bdd3,1
2472,jl_d511557756494fa0,1
2473,jl_0ff1fcdaf48321d8,1
2474,jl_e48b2229df07d5eb,1
2475,jl_fd2cfc1660bcdd3b,1
2476,jl_cd810e8bfb49dac4,1
2477,jl_288db7c4e5337442,1
2478,jl_44644badc6d0778a,1
2479,jl_4c69168b5581484e,1
2480,jl_c3280ef90dd3bbc0,1
2481,jl_e6df2984b17ae344,1
2482,jl_1510a78a5449aebd,1
2483,jl_d579f00807bfb812,1
2484,jl_85017d6b3a30bdd3,1
2485,jl_d511557756494fa0,1
2486,jl_0ff1fcdaf48321d8,1
2487,jl_e48b2229df07d5eb,1
2488,jl_cd810e8bfb49dac4,1
2489,jl_fd2cfc1660bcdd3b,1
