,id,over_90k,python,ys_0,ys_1,ys_2,ys_3,ys_4,phd,startup
0,jl_85c4e91c561780aa,0,1.0,0.0,1.0,0.0,0.0,0.0,0.0,0.0
1,jl_e632343c455d80f9,0,1.0,1.0,0.0,0.0,0.0,0.0,0.0,0.0
2,jl_1b5a168dfc7b2712,0,0.0,0.0,0.0,0.0,1.0,0.0,0.0,0.0
3,jl_05654b2739edb3dc,0,0.0,1.0,0.0,0.0,0.0,0.0,0.0,1.0
4,jl_1a7766c45b1abbeb,0,0.0,0.0,0.0,0.0,1.0,0.0,1.0,0.0
5,jl_54c0d6b8ad9f9e3d,0,0.0,1.0,0.0,0.0,0.0,0.0,0.0,0.0
6,jl_d5e17d142783f070,0,0.0,0.0,0.0,0.0,0.0,0.0,1.0,0.0
7,jl_d8ed0aa611a75e92,0,0.0,0.0,0.0,0.0,0.0,1.0,0.0,0.0
8,jl_b3462acabd0f43c3,0,1.0,0.0,0.0,0.0,0.0,0.0,1.0,0.0
9,jl_28643ddfd474331d,0,0.0,1.0,0.0,0.0,0.0,0.0,0.0,1.0
10,jl_40aa8253449c2054,0,1.0,0.0,0.0,1.0,0.0,0.0,0.0,1.0
11,jl_9d3c55e683467e2c,0,1.0,0.0,0.0,0.0,0.0,0.0,0.0,0.0
12,jl_36dcad16400764ce,0,0.0,1.0,0.0,0.0,0.0,0.0,0.0,0.0
13,jl_d6be8939fe1561a8,0,0.0,1.0,0.0,0.0,0.0,0.0,0.0,0.0
14,jl_445f9f72145ccbcc,0,1.0,1.0,0.0,0.0,0.0,0.0,1.0,0.0
15,jl_acce68fa735f50b1,0,1.0,0.0,0.0,0.0,0.0,0.0,0.0,0.0
16,jl_c5d858029d725c01,0,1.0,1.0,0.0,0.0,0.0,0.0,0.0,0.0
17,jl_eec7bd3e96930e6c,0,0.0,0.0,0.0,0.0,0.0,0.0,1.0,0.0
18,jl_1a6aee4e9144c6e3,0,0.0,0.0,0.0,0.0,0.0,0.0,0.0,0.0
19,jl_c8dfad018e230cc0,0,0.0,0.0,0.0,0.0,0.0,0.0,0.0,0.0
20,jl_5aee8fc316498244,0,0.0,0.0,0.0,0.0,0.0,1.0,0.0,0.0
21,jl_8f9e18290694c76a,0,0.0,0.0,1.0,0.0,0.0,0.0,0.0,0.0
22,jl_b333e4ed28d84a15,0,0.0,0.0,0.0,0.0,0.0,1.0,0.0,0.0
23,jl_5d12911ea59aa52c,0,0.0,0.0,0.0,0.0,0.0,0.0,0.0,0.0
24,jl_7bf6f86c6e512271,0,1.0,0.0,1.0,0.0,0.0,0.0,0.0,0.0
25,jl_0bb820bd8ae6e87b,0,0.0,0.0,0.0,1.0,0.0,0.0,0.0,0.0
26,jl_96ee8324d1984eb3,0,1.0,0.0,0.0,0.0,0.0,1.0,0.0,0.0
27,jl_ef56b76c21a4dd91,0,0.0,0.0,0.0,0.0,1.0,0.0,0.0,0.0
28,jl_40184ce37228c0fc,0,0.0,0.0,0.0,0.0,0.0,0.0,0.0,0.0
29,jl_76fd7622338daa26,0,0.0,1.0,0.0,0.0,0.0,0.0,1.0,0.0
30,jl_216284a90c10e500,0,0.0,0.0,0.0,0.0,0.0,0.0,0.0,0.0
31,jl_c888c568c29a71b7,0,1.0,0.0,0.0,0.0,0.0,0.0,1.0,0.0
32,jl_73cb2723d093d5ec,0,1.0,0.0,0.0,0.0,0.0,0.0,1.0,0.0
33,jl_1d247feb6e5e4473,0,1.0,0.0,0.0,0.0,0.0,0.0,1.0,0.0
34,jl_1056715d6afd92ce,0,1.0,0.0,0.0,1.0,0.0,0.0,0.0,0.0
35,jl_7fb1c8dce5f6ab7c,0,0.0,0.0,0.0,0.0,0.0,0.0,0.0,0.0
36,jl_a7b9a3ae92cb2fd0,0,0.0,1.0,0.0,0.0,0.0,0.0,1.0,1.0
37,jl_a3ee1268e985e69b,0,0.0,0.0,0.0,0.0,0.0,0.0,0.0,0.0
38,jl_41ce6f16b3e8d6ae,0,0.0,1.0,0.0,0.0,0.0,0.0,0.0,0.0
39,jl_10a1355277be089a,0,0.0,0.0,0.0,0.0,0.0,0.0,0.0,0.0
40,jl_cf7e056cb3fdf0c1,0,0.0,0.0,0.0,1.0,0.0,0.0,0.0,0.0
41,jl_6f5563a8aecb7790,0,0.0,1.0,0.0,0.0,0.0,0.0,0.0,0.0
42,jl_1330682865e84f87,0,0.0,0.0,0.0,1.0,0.0,0.0,0.0,0.0
43,jl_e962863ee226ea30,0,1.0,0.0,0.0,0.0,0.0,0.0,0.0,0.0
44,jl_74a2219a6d9549ea,0,1.0,0.0,0.0,0.0,0.0,0.0,0.0,0.0
45,jl_f7324a5474456020,0,0.0,0.0,0.0,0.0,0.0,0.0,0.0,0.0
46,jl_c97944ccb4e83d78,0,0.0,1.0,0.0,0.0,0.0,0.0,0.0,0.0
47,jl_5cacf17ffc563847,0,0.0,0.0,0.0,0.0,0.0,0.0,0.0,0.0
48,jl_b663150f8f5cbf6f,0,0.0,0.0,0.0,0.0,0.0,0.0,0.0,0.0
49,jl_8d1ce1ebe045d70e,0,0.0,0.0,0.0,0.0,0.0,0.0,0.0,0.0
50,jl_51f7d5598b866cd4,0,0.0,0.0,0.0,0.0,0.0,0.0,0.0,0.0
51,jl_52803441d6ca3148,0,0.0,0.0,0.0,1.0,0.0,0.0,0.0,0.0
52,jl_aad74f951fa95e1d,0,0.0,1.0,0.0,0.0,0.0,0.0,0.0,0.0
53,jl_e004d4a636195d2a,0,0.0,1.0,0.0,0.0,0.0,0.0,0.0,0.0
54,jl_174d886f23f3d05e,0,0.0,0.0,0.0,0.0,0.0,0.0,0.0,0.0
55,jl_21765dfd30090e51,0,0.0,1.0,0.0,0.0,0.0,0.0,0.0,0.0
56,jl_98e3ed3fa737388c,0,0.0,1.0,0.0,0.0,0.0,0.0,0.0,0.0
57,jl_117c5543fad4be7e,0,0.0,1.0,0.0,0.0,0.0,0.0,1.0,0.0
58,jl_90f2aa8945deddd6,0,0.0,0.0,0.0,0.0,0.0,0.0,0.0,0.0
59,jl_0239d05ccad20209,0,0.0,1.0,0.0,0.0,0.0,0.0,0.0,0.0
60,jl_7372f3c988e4b2dd,0,0.0,0.0,0.0,0.0,0.0,1.0,0.0,0.0
61,jl_e752dc58b5b73639,0,0.0,0.0,0.0,0.0,0.0,0.0,0.0,0.0
62,jl_7d5cb2c0eb7b08b5,0,0.0,1.0,0.0,0.0,0.0,0.0,0.0,0.0
63,jl_7cbbb5f946c21409,0,0.0,0.0,0.0,0.0,0.0,0.0,0.0,0.0
64,jl_fa7ce5bb1c769944,0,0.0,0.0,0.0,0.0,0.0,0.0,0.0,0.0
65,jl_5b3e59d29118a745,0,0.0,0.0,0.0,0.0,0.0,0.0,0.0,0.0
66,jl_a41656f64a189287,0,0.0,0.0,0.0,0.0,0.0,0.0,0.0,0.0
67,jl_8e9ee63abe942d45,0,0.0,0.0,0.0,0.0,0.0,0.0,0.0,0.0
68,jl_7178e8d45b83e932,0,0.0,0.0,0.0,0.0,0.0,1.0,0.0,0.0
69,jl_f6f1ba3951ca11b8,0,0.0,0.0,0.0,0.0,0.0,0.0,0.0,0.0
70,jl_cab74793e24f6c44,0,1.0,1.0,0.0,0.0,0.0,0.0,0.0,0.0
71,jl_c49e7c5aea2f1cc1,0,0.0,0.0,0.0,0.0,0.0,0.0,0.0,0.0
72,jl_6688a86229b5c894,0,0.0,0.0,0.0,0.0,0.0,0.0,0.0,0.0
73,jl_26e9169a1d60a22d,0,0.0,0.0,0.0,0.0,0.0,0.0,0.0,0.0
74,jl_89469eecb86425a1,0,0.0,1.0,0.0,0.0,0.0,0.0,0.0,0.0
75,jl_e82006c295b44b56,0,0.0,1.0,0.0,0.0,0.0,0.0,0.0,0.0
76,jl_1fc5961841fe7e1e,0,0.0,1.0,0.0,0.0,0.0,0.0,0.0,0.0
77,jl_a2ff7ee685c881b6,0,0.0,0.0,0.0,1.0,0.0,0.0,0.0,0.0
78,jl_f439f3d81c17de7f,0,1.0,1.0,0.0,0.0,0.0,0.0,0.0,0.0
79,jl_ebe552dae42d1ce6,0,1.0,0.0,0.0,0.0,0.0,0.0,0.0,0.0
80,jl_4f849a837b39aeca,0,0.0,0.0,0.0,0.0,0.0,0.0,0.0,0.0
81,jl_eaf8c9f2ab91b0e9,0,1.0,0.0,0.0,1.0,0.0,0.0,0.0,0.0
82,jl_c8bf61e39611ec97,0,0.0,1.0,0.0,0.0,0.0,0.0,0.0,0.0
83,jl_98bed206eb115e04,0,0.0,0.0,0.0,0.0,0.0,0.0,0.0,0.0
84,jl_37d859c46ce1d31d,0,0.0,0.0,0.0,0.0,0.0,0.0,0.0,0.0
85,jl_783b21cd0b562431,0,0.0,0.0,0.0,0.0,0.0,0.0,0.0,0.0
86,jl_2d02469a99c70c4f,0,1.0,1.0,0.0,0.0,0.0,0.0,1.0,0.0
87,jl_7423411e6b8aa524,0,0.0,1.0,0.0,0.0,0.0,0.0,0.0,0.0
88,jl_5ae12f4efea272ad,0,1.0,0.0,0.0,0.0,0.0,1.0,1.0,0.0
89,jl_031a67c34387642a,0,0.0,0.0,0.0,0.0,0.0,0.0,0.0,0.0
90,jl_e74603b20ffdd818,0,1.0,1.0,0.0,0.0,0.0,0.0,1.0,0.0
91,jl_cc9965049fa248ee,0,0.0,0.0,1.0,0.0,0.0,0.0,0.0,0.0
92,jl_39b6dfd1dadfb833,0,1.0,0.0,0.0,0.0,1.0,0.0,0.0,1.0
93,jl_e2707ea0ca1ca78a,0,0.0,0.0,0.0,1.0,0.0,0.0,0.0,0.0
94,jl_3a8800e8ef8fa047,0,0.0,1.0,0.0,0.0,0.0,0.0,0.0,0.0
95,jl_8c0b545bd37b15e3,0,0.0,0.0,0.0,0.0,0.0,0.0,0.0,0.0
96,jl_ab7313ff85a0837a,0,0.0,1.0,0.0,0.0,0.0,0.0,0.0,0.0
97,jl_01f1aacde0fdc750,0,0.0,0.0,0.0,0.0,0.0,0.0,0.0,0.0
98,jl_a988b8b70a31fd60,0,0.0,0.0,0.0,0.0,0.0,1.0,1.0,0.0
99,jl_c1cf47e4029b80d8,0,0.0,1.0,0.0,0.0,0.0,0.0,0.0,0.0
100,jl_5dcae32cb98bfb9b,0,0.0,0.0,0.0,0.0,0.0,0.0,1.0,0.0
101,jl_d86bcb9f9252412b,0,0.0,1.0,0.0,0.0,0.0,0.0,0.0,0.0
102,jl_bcf70e6d5941022d,0,0.0,0.0,0.0,0.0,0.0,0.0,0.0,0.0
103,jl_3668e07841d11f27,0,0.0,0.0,0.0,0.0,1.0,0.0,1.0,0.0
104,jl_5e1006a9b5b5ba11,0,0.0,0.0,0.0,0.0,0.0,0.0,0.0,0.0
105,jl_89e155c2be3466f7,0,0.0,0.0,0.0,0.0,0.0,0.0,0.0,0.0
106,jl_a48e38e4fc09a2b9,0,1.0,0.0,0.0,0.0,0.0,0.0,0.0,0.0
107,jl_6fb22e28aa1ef231,0,0.0,0.0,0.0,0.0,0.0,0.0,0.0,0.0
108,jl_b0f565490f5bfdb8,0,0.0,0.0,0.0,0.0,0.0,0.0,1.0,0.0
109,jl_2428059b13279bec,0,0.0,0.0,0.0,0.0,0.0,0.0,0.0,0.0
110,jl_3f6261b9b9a49d31,0,0.0,0.0,0.0,0.0,0.0,0.0,0.0,0.0
111,jl_70df36f5ca083a49,0,1.0,0.0,0.0,0.0,0.0,0.0,0.0,0.0
112,jl_7536e0796c00e320,0,0.0,0.0,0.0,0.0,0.0,0.0,0.0,0.0
113,jl_3c900166c222ee9d,0,0.0,0.0,0.0,0.0,0.0,0.0,0.0,0.0
114,jl_1cdd06e2b05cd648,0,0.0,0.0,0.0,0.0,0.0,0.0,0.0,0.0
115,jl_b1bf5e018c6d02d5,0,0.0,0.0,0.0,0.0,0.0,0.0,0.0,0.0
116,jl_fa0e8bf423b57b57,0,1.0,0.0,0.0,0.0,0.0,0.0,1.0,0.0
117,jl_3348d2c9671e8766,0,0.0,0.0,0.0,0.0,0.0,0.0,0.0,0.0
118,jl_1decb14aaba4187c,0,0.0,1.0,0.0,0.0,0.0,0.0,0.0,0.0
119,jl_6be50ac08077b401,0,0.0,0.0,0.0,0.0,0.0,0.0,0.0,0.0
120,jl_7d93bd3bbf3eb891,0,0.0,1.0,0.0,0.0,0.0,0.0,0.0,0.0
121,jl_3e6ac464d7d1e61b,0,1.0,1.0,0.0,0.0,0.0,0.0,1.0,0.0
122,jl_378f0a162d14fdb4,0,0.0,1.0,0.0,0.0,0.0,0.0,0.0,0.0
123,jl_206b81e2c3c8e0a7,0,0.0,1.0,0.0,0.0,0.0,0.0,1.0,0.0
124,jl_e4c3bb89a400c5dd,0,0.0,0.0,0.0,0.0,1.0,0.0,0.0,0.0
125,jl_1e5c9a3e43640c48,0,1.0,0.0,0.0,0.0,0.0,0.0,0.0,0.0
126,jl_49cbaeb0a70b01a0,0,0.0,0.0,0.0,0.0,0.0,0.0,0.0,0.0
127,jl_ad29321195a24b7c,0,0.0,0.0,0.0,0.0,0.0,0.0,0.0,0.0
128,jl_af0b42d091a0a4b1,0,0.0,1.0,0.0,0.0,0.0,0.0,1.0,0.0
129,jl_8dfa55979c45310c,0,0.0,0.0,0.0,0.0,0.0,1.0,0.0,0.0
130,jl_d068a1ab962e6fe5,0,0.0,0.0,0.0,0.0,1.0,0.0,0.0,0.0
131,jl_5abb8bf27f10d97e,0,0.0,0.0,0.0,1.0,0.0,0.0,0.0,0.0
132,jl_9d05b84e28df9769,0,0.0,0.0,0.0,0.0,0.0,0.0,0.0,0.0
133,jl_bacb6a4b0522a8d1,0,0.0,0.0,0.0,1.0,0.0,0.0,0.0,1.0
134,jl_fb45435f476b8872,0,1.0,0.0,0.0,1.0,0.0,0.0,1.0,0.0
135,jl_499836e596261ad9,0,0.0,0.0,0.0,0.0,0.0,0.0,0.0,0.0
136,jl_9f58e96d8825bd3f,0,0.0,1.0,0.0,0.0,0.0,0.0,0.0,0.0
137,jl_4cb98bcbc991b66d,0,0.0,0.0,0.0,1.0,0.0,0.0,0.0,0.0
138,jl_b032b6fbad9eae20,0,0.0,0.0,1.0,0.0,0.0,0.0,0.0,0.0
139,jl_8f00334a7d5ae38c,0,0.0,0.0,0.0,0.0,0.0,1.0,0.0,0.0
140,jl_abe32cd7f66050b6,0,0.0,0.0,0.0,0.0,0.0,0.0,1.0,0.0
141,jl_ebebcbf8de1374ee,0,1.0,0.0,0.0,1.0,0.0,0.0,0.0,0.0
142,jl_82fd0f489c1fdce7,0,0.0,0.0,0.0,0.0,0.0,0.0,1.0,0.0
143,jl_c41c8f0feb1ea275,0,0.0,0.0,0.0,0.0,1.0,0.0,0.0,0.0
144,jl_ffdf08bfd382ea3e,0,0.0,0.0,0.0,1.0,0.0,0.0,0.0,0.0
145,jl_9d22b3897a2804e9,0,0.0,0.0,0.0,0.0,0.0,0.0,1.0,0.0
146,jl_ceddc9b51910c28c,0,0.0,1.0,0.0,0.0,0.0,0.0,0.0,0.0
147,jl_62832f65da3d94e5,0,1.0,0.0,0.0,0.0,0.0,0.0,1.0,0.0
148,jl_6a8c3a1fe942d40b,0,0.0,0.0,0.0,0.0,0.0,0.0,0.0,0.0
149,jl_75dc22d9171b4771,0,0.0,0.0,0.0,0.0,0.0,0.0,1.0,0.0
150,jl_6415bc43046064fa,0,0.0,1.0,0.0,0.0,0.0,0.0,0.0,0.0
151,jl_65ed38d200b56ac9,0,0.0,0.0,0.0,0.0,0.0,1.0,0.0,0.0
152,jl_8ddc813ab6f21aa3,0,0.0,0.0,0.0,0.0,1.0,0.0,0.0,0.0
153,jl_7e9e2d43b39f475d,0,0.0,1.0,0.0,0.0,0.0,0.0,0.0,0.0
154,jl_c793ca9a4578e709,0,0.0,0.0,0.0,0.0,1.0,0.0,0.0,0.0
155,jl_594de6f9221135af,0,0.0,0.0,0.0,0.0,1.0,0.0,0.0,0.0
156,jl_32701a6298181627,0,0.0,1.0,0.0,0.0,0.0,0.0,0.0,0.0
157,jl_649d2a93df3fefca,0,1.0,1.0,0.0,0.0,0.0,0.0,0.0,0.0
158,jl_d15eff22b8dbec67,0,0.0,1.0,0.0,0.0,0.0,0.0,0.0,0.0
159,jl_a3b107ebeefd41c5,0,0.0,0.0,0.0,0.0,0.0,0.0,0.0,0.0
160,jl_63f4fcf507f5f367,0,0.0,0.0,0.0,0.0,0.0,0.0,0.0,0.0
161,jl_143fdc9c1081012d,0,0.0,0.0,1.0,0.0,0.0,0.0,0.0,0.0
162,jl_397e757ee9496a63,0,0.0,0.0,0.0,0.0,0.0,1.0,0.0,0.0
163,jl_b62e6f9dcedefd52,0,0.0,0.0,0.0,0.0,0.0,0.0,0.0,0.0
164,jl_9aa6ad2020d28ea6,0,0.0,0.0,0.0,0.0,0.0,0.0,0.0,0.0
165,jl_1ff8e1f4f652f8ed,0,0.0,0.0,0.0,0.0,1.0,0.0,0.0,0.0
166,jl_6e59610ca5380ae4,0,0.0,0.0,0.0,0.0,1.0,0.0,0.0,0.0
167,jl_9af256cacb274da6,0,0.0,0.0,0.0,0.0,1.0,0.0,0.0,0.0
168,jl_0374ae7e88caa699,0,1.0,1.0,0.0,0.0,0.0,0.0,1.0,0.0
169,jl_ab7aa67f2f87eeab,0,0.0,0.0,0.0,0.0,0.0,0.0,1.0,0.0
170,jl_e9a5778081e30d94,0,0.0,0.0,0.0,0.0,0.0,0.0,0.0,0.0
171,jl_5cb8f9f757e9af0e,0,0.0,0.0,0.0,0.0,0.0,0.0,0.0,0.0
172,jl_b7e2fb457e8da702,0,0.0,0.0,0.0,0.0,0.0,0.0,0.0,0.0
173,jl_b4e4e60e62237fb5,0,0.0,0.0,0.0,1.0,0.0,0.0,0.0,0.0
174,jl_43a27df4c3f28ba6,0,0.0,0.0,0.0,0.0,0.0,0.0,0.0,0.0
175,jl_cf72c8823fc7ee12,0,0.0,1.0,0.0,0.0,0.0,0.0,0.0,0.0
176,jl_f8bcd79ec3bb9c48,0,0.0,1.0,0.0,0.0,0.0,0.0,0.0,0.0
177,jl_fb9dce5942262210,0,1.0,1.0,0.0,0.0,0.0,0.0,1.0,0.0
178,jl_9e33b3c759f172d3,0,0.0,0.0,1.0,0.0,0.0,0.0,0.0,0.0
179,jl_39ec6f5ff5343675,0,0.0,0.0,0.0,0.0,0.0,0.0,1.0,0.0
180,jl_3274851e2db36059,0,0.0,1.0,0.0,0.0,0.0,0.0,0.0,0.0
181,jl_70d479ba9a4bba68,0,0.0,1.0,0.0,0.0,0.0,0.0,0.0,0.0
182,jl_6be35d775daee8e3,0,0.0,0.0,0.0,0.0,0.0,0.0,0.0,0.0
183,jl_cbd87194f10be725,0,0.0,0.0,0.0,0.0,1.0,0.0,1.0,0.0
184,jl_30e4d5ae69d55215,0,0.0,0.0,0.0,1.0,0.0,0.0,1.0,0.0
185,jl_dbacfe0f9cf54962,0,0.0,0.0,0.0,0.0,1.0,0.0,0.0,0.0
186,jl_ceca6d599f2c119e,0,0.0,0.0,0.0,0.0,0.0,1.0,0.0,0.0
187,jl_57449db460ab8956,0,0.0,1.0,0.0,0.0,0.0,0.0,0.0,0.0
188,jl_a412ce2e42fac419,0,1.0,1.0,0.0,0.0,0.0,0.0,0.0,0.0
189,jl_36c933df8d810383,0,0.0,0.0,0.0,0.0,1.0,0.0,0.0,0.0
190,jl_3f1a59e36fbf6c65,0,0.0,0.0,0.0,0.0,0.0,0.0,0.0,0.0
191,jl_16f6a793da84afa0,0,0.0,1.0,0.0,0.0,0.0,0.0,0.0,0.0
192,jl_9abe9069b31343a6,0,0.0,0.0,0.0,0.0,0.0,0.0,0.0,0.0
193,jl_1288cdf1a948add9,0,0.0,0.0,0.0,0.0,0.0,1.0,0.0,0.0
194,jl_6a6fd7e509abf9c0,0,0.0,0.0,0.0,1.0,0.0,0.0,0.0,0.0
195,jl_e6015114a9d9edc1,0,0.0,0.0,0.0,0.0,0.0,1.0,0.0,0.0
196,jl_ecfc633bfef533ce,0,0.0,0.0,0.0,0.0,0.0,0.0,0.0,0.0
197,jl_6d83b9b99c77c799,0,0.0,0.0,0.0,0.0,0.0,0.0,0.0,0.0
198,jl_8ae3342a8d253818,0,0.0,0.0,0.0,0.0,1.0,0.0,0.0,0.0
199,jl_c9e1f3cee4e096a2,0,0.0,0.0,0.0,0.0,0.0,0.0,0.0,0.0
200,jl_b7aafd3ad51d9533,0,0.0,1.0,0.0,0.0,0.0,0.0,0.0,0.0
201,jl_e41b953902711230,0,0.0,0.0,0.0,1.0,0.0,0.0,0.0,0.0
202,jl_125a5b87d702c81f,0,0.0,0.0,0.0,0.0,1.0,0.0,0.0,0.0
203,jl_825cfcc79c23eaf1,0,0.0,0.0,0.0,0.0,0.0,0.0,0.0,0.0
204,jl_81117a845679ae80,0,0.0,0.0,0.0,0.0,0.0,1.0,0.0,0.0
205,jl_1f7183b1ab902bdd,0,0.0,0.0,0.0,0.0,0.0,0.0,0.0,0.0
206,jl_6d4e1b373e145561,0,0.0,0.0,0.0,0.0,0.0,0.0,0.0,0.0
207,jl_dd76a1302329f6da,0,0.0,0.0,0.0,0.0,0.0,0.0,0.0,0.0
208,jl_ad5d4131fa72ceb2,0,0.0,0.0,0.0,0.0,0.0,0.0,0.0,0.0
209,jl_0d83713f531b2f2c,0,0.0,0.0,0.0,1.0,0.0,0.0,0.0,0.0
210,jl_e7505f33cebcf76f,0,0.0,0.0,0.0,0.0,0.0,0.0,0.0,0.0
211,jl_a83ca6a05172e660,0,0.0,0.0,0.0,1.0,0.0,0.0,0.0,0.0
212,jl_5fd7d690847a947f,0,1.0,0.0,0.0,0.0,0.0,0.0,1.0,0.0
213,jl_03e0ebb3248afff0,0,0.0,0.0,0.0,0.0,0.0,0.0,0.0,0.0
214,jl_71c768b4a96b87e2,0,0.0,0.0,0.0,1.0,0.0,0.0,0.0,0.0
215,jl_5d21dcde764dfa3b,0,0.0,0.0,0.0,0.0,0.0,0.0,0.0,0.0
216,jl_acb104e5e58d3cfa,0,0.0,1.0,0.0,0.0,0.0,0.0,0.0,0.0
217,jl_e1e3c806589293d1,0,0.0,0.0,0.0,0.0,0.0,1.0,1.0,0.0
218,jl_a9bcab5cfdbb706d,0,1.0,0.0,0.0,1.0,0.0,0.0,0.0,0.0
219,jl_958a012db430a8ef,0,0.0,0.0,0.0,0.0,1.0,0.0,0.0,0.0
220,jl_8b57cb2b6a269595,0,0.0,0.0,0.0,0.0,0.0,0.0,0.0,0.0
221,jl_d628a3abc83f789c,0,0.0,0.0,0.0,0.0,0.0,1.0,1.0,0.0
222,jl_866f0611498d20e9,0,0.0,0.0,1.0,0.0,0.0,0.0,1.0,0.0
223,jl_44ed8699ea9d3c02,0,0.0,0.0,0.0,0.0,0.0,0.0,0.0,0.0
224,jl_76e55a15ce3bd2c1,0,0.0,0.0,0.0,1.0,0.0,0.0,0.0,0.0
225,jl_d3032d6d871ea037,0,0.0,1.0,0.0,0.0,0.0,0.0,0.0,0.0
226,jl_2cfb85aac6a33d4b,0,0.0,0.0,0.0,0.0,0.0,1.0,0.0,0.0
227,jl_2487a56256a5607e,0,0.0,0.0,0.0,0.0,0.0,0.0,0.0,0.0
228,jl_e63fec23065d5f44,0,1.0,1.0,0.0,0.0,0.0,0.0,0.0,0.0
229,jl_4393cacf1078408f,0,1.0,0.0,0.0,0.0,1.0,0.0,0.0,0.0
230,jl_90b9049bd790c8d6,0,0.0,0.0,0.0,0.0,0.0,0.0,0.0,0.0
231,jl_4a5633c41b326f80,0,0.0,0.0,0.0,0.0,0.0,0.0,0.0,0.0
232,jl_17f1aa06a0c4d34b,0,0.0,0.0,0.0,0.0,0.0,1.0,1.0,0.0
233,jl_06ddab1b40eb23b2,0,0.0,0.0,0.0,0.0,0.0,0.0,0.0,0.0
234,jl_b11c3ebbe249447e,0,0.0,0.0,0.0,1.0,0.0,0.0,0.0,0.0
235,jl_31a3a1323e4740c5,0,0.0,0.0,0.0,0.0,0.0,0.0,0.0,0.0
236,jl_2de1e7fa2507400e,0,0.0,1.0,0.0,0.0,0.0,0.0,0.0,0.0
237,jl_97b25fe20ce67086,0,0.0,0.0,0.0,0.0,0.0,0.0,1.0,0.0
238,jl_f1d75bcc461a2d03,0,0.0,0.0,0.0,0.0,0.0,0.0,0.0,0.0
239,jl_ee99d2f1d59e54e5,0,0.0,1.0,0.0,0.0,0.0,0.0,1.0,0.0
240,jl_8ff5d2e895e45c61,0,0.0,0.0,0.0,0.0,0.0,0.0,0.0,0.0
241,jl_82ac385f2d150612,0,0.0,0.0,0.0,0.0,1.0,0.0,1.0,0.0
242,jl_64e7c1a629c83bc5,0,0.0,0.0,0.0,0.0,0.0,0.0,0.0,0.0
243,jl_025f17046b8f0cce,0,0.0,1.0,0.0,0.0,0.0,0.0,0.0,0.0
244,jl_6437ecada5577748,0,0.0,0.0,0.0,0.0,1.0,0.0,0.0,0.0
245,jl_7c09a9cc12d2ae6b,0,0.0,1.0,0.0,0.0,0.0,0.0,1.0,0.0
246,jl_85877b09235dfab3,0,0.0,0.0,0.0,0.0,0.0,0.0,1.0,0.0
247,jl_88e4143d49558a82,0,0.0,1.0,0.0,0.0,0.0,0.0,0.0,0.0
248,jl_fca550dfda4c85a5,0,0.0,1.0,0.0,0.0,0.0,0.0,0.0,0.0
249,jl_4cf5ae4c9c4893d1,0,0.0,0.0,0.0,0.0,0.0,1.0,0.0,0.0
250,jl_651dde8bfb83dd0e,0,0.0,0.0,0.0,0.0,1.0,0.0,0.0,0.0
251,jl_6412bc32a8825a36,0,0.0,0.0,0.0,1.0,0.0,0.0,0.0,0.0
252,jl_8822f269cfc35271,0,0.0,0.0,0.0,0.0,1.0,0.0,0.0,0.0
253,jl_574b9b4afe67086d,0,0.0,0.0,0.0,1.0,0.0,0.0,0.0,0.0
254,jl_df51eeafcdf15666,0,0.0,0.0,0.0,0.0,0.0,0.0,0.0,0.0
255,jl_b0a6f1bb09d9fce1,0,1.0,0.0,0.0,0.0,0.0,0.0,0.0,0.0
256,jl_5635b8cfe137421f,0,0.0,0.0,0.0,0.0,0.0,0.0,0.0,0.0
257,jl_f4a1dfa0e579f246,0,0.0,0.0,0.0,0.0,0.0,0.0,0.0,0.0
258,jl_21da5ef47b797ba8,0,0.0,0.0,0.0,0.0,0.0,1.0,1.0,0.0
259,jl_c4257a9476edaa7e,0,0.0,1.0,0.0,0.0,0.0,0.0,1.0,0.0
260,jl_9e011332a094dd5f,0,0.0,0.0,0.0,0.0,0.0,0.0,0.0,0.0
261,jl_213867b59f3e1024,0,1.0,1.0,0.0,0.0,0.0,0.0,1.0,0.0
262,jl_ac781131720493cf,0,0.0,0.0,0.0,1.0,0.0,0.0,0.0,0.0
263,jl_7335d9c40edd1c85,0,0.0,0.0,0.0,0.0,1.0,0.0,0.0,0.0
264,jl_da9308efa5e50110,0,0.0,0.0,0.0,0.0,1.0,0.0,0.0,0.0
265,jl_58c296e760903a10,0,0.0,0.0,0.0,0.0,0.0,1.0,0.0,0.0
266,jl_90452c5d44495aa1,0,0.0,0.0,0.0,0.0,0.0,0.0,0.0,0.0
267,jl_b1358ff61a89b5ab,0,0.0,1.0,0.0,0.0,0.0,0.0,0.0,0.0
268,jl_59a620ca49b2ea24,0,0.0,0.0,0.0,0.0,0.0,0.0,0.0,0.0
269,jl_7467ce24d1eca107,0,0.0,0.0,0.0,0.0,0.0,0.0,0.0,0.0
270,jl_3dba818f040eb490,0,0.0,0.0,0.0,0.0,0.0,0.0,0.0,0.0
271,jl_8e4b02623f52b763,0,0.0,0.0,0.0,0.0,0.0,0.0,0.0,0.0
272,jl_5a15d6aa44847d20,0,0.0,0.0,0.0,0.0,1.0,0.0,0.0,0.0
273,jl_8de4fed02cdae10f,0,0.0,0.0,0.0,1.0,0.0,0.0,0.0,0.0
274,jl_23869997048c5424,0,0.0,0.0,0.0,1.0,0.0,0.0,0.0,0.0
275,jl_8b7ca6450e2a0ccf,0,0.0,0.0,0.0,0.0,0.0,1.0,1.0,0.0
276,jl_fee5aa4c2c82fd91,0,0.0,0.0,0.0,0.0,0.0,0.0,0.0,0.0
277,jl_7e86e54d9fdbf163,0,0.0,0.0,0.0,0.0,0.0,0.0,0.0,0.0
278,jl_7fa554dbadc6b190,0,0.0,0.0,0.0,0.0,0.0,0.0,0.0,0.0
279,jl_79425aad32838bd6,0,0.0,0.0,0.0,0.0,0.0,0.0,0.0,0.0
280,jl_59c488f46eee381e,0,0.0,0.0,0.0,0.0,0.0,0.0,0.0,0.0
281,jl_085a5aa99230e5c0,0,0.0,0.0,0.0,0.0,0.0,0.0,0.0,0.0
282,jl_2b777bc1677a5385,0,0.0,0.0,0.0,0.0,0.0,0.0,1.0,0.0
283,jl_cbdcb87a52d18708,0,0.0,0.0,0.0,0.0,0.0,0.0,0.0,0.0
284,jl_d197d53af713b16c,0,0.0,0.0,0.0,0.0,0.0,0.0,0.0,0.0
285,jl_e5aab763760b2d36,0,0.0,0.0,0.0,0.0,0.0,0.0,0.0,0.0
286,jl_2d4887e9086d6ad4,0,0.0,0.0,0.0,0.0,0.0,0.0,0.0,0.0
287,jl_ee699275ca6bc820,0,0.0,0.0,0.0,0.0,1.0,0.0,0.0,0.0
288,jl_15e6687f3ec87224,0,0.0,0.0,0.0,0.0,0.0,0.0,0.0,0.0
289,jl_754cac7a9d3e77e3,0,0.0,0.0,0.0,1.0,0.0,0.0,0.0,0.0
290,jl_9e68f1318c508d79,0,0.0,1.0,0.0,0.0,0.0,0.0,0.0,0.0
291,jl_beabd7bf0b5b9e77,0,0.0,0.0,0.0,0.0,1.0,0.0,0.0,0.0
292,jl_8e3f019e13a60850,0,0.0,0.0,0.0,0.0,0.0,0.0,0.0,0.0
293,jl_4542b72d737c908d,0,0.0,0.0,0.0,1.0,0.0,0.0,0.0,0.0
294,jl_980d81e309c8ed39,0,0.0,0.0,0.0,1.0,0.0,0.0,1.0,0.0
295,jl_543dd69279176122,0,0.0,0.0,0.0,0.0,0.0,0.0,0.0,0.0
296,jl_ed80820ccc6ddf21,0,0.0,0.0,0.0,0.0,0.0,0.0,0.0,0.0
297,jl_a40c538b91a4ab76,0,0.0,0.0,0.0,1.0,0.0,0.0,0.0,0.0
298,jl_11e49a84ac18592b,0,0.0,0.0,0.0,0.0,0.0,0.0,0.0,0.0
299,jl_48f5b9b2d09f9a08,0,0.0,0.0,0.0,0.0,0.0,0.0,1.0,0.0
300,jl_d15a36bad3854041,0,0.0,0.0,0.0,0.0,0.0,0.0,0.0,0.0
301,jl_f9bbaff2734d2c07,0,0.0,1.0,0.0,0.0,0.0,0.0,0.0,0.0
302,jl_2f3a763b699e3717,0,0.0,0.0,0.0,0.0,0.0,0.0,0.0,0.0
303,jl_e6e9c2f03b63230e,0,1.0,1.0,0.0,0.0,0.0,0.0,0.0,0.0
304,jl_365d1f0fd71444d8,0,0.0,0.0,0.0,1.0,0.0,0.0,0.0,0.0
305,jl_6336ca941684fcf6,0,0.0,0.0,0.0,0.0,0.0,0.0,0.0,0.0
306,jl_e472ddc967164c8b,0,0.0,1.0,0.0,0.0,0.0,0.0,0.0,0.0
307,jl_eb2b822c8e28280c,0,0.0,1.0,0.0,0.0,0.0,0.0,0.0,0.0
308,jl_0e01538c7db6a1d2,0,0.0,0.0,0.0,0.0,0.0,0.0,1.0,0.0
309,jl_88f7cf12fa0a26ea,0,0.0,0.0,0.0,0.0,0.0,1.0,0.0,0.0
310,jl_45bdf40ebd63e2c4,0,0.0,0.0,0.0,0.0,0.0,0.0,0.0,0.0
311,jl_c1f99c0b01d840d0,0,0.0,1.0,0.0,0.0,0.0,0.0,0.0,0.0
312,jl_064ece79e3df6e13,0,0.0,0.0,0.0,0.0,1.0,0.0,0.0,0.0
313,jl_9ccc89d44358ba5a,0,0.0,0.0,0.0,0.0,0.0,0.0,1.0,0.0
314,jl_fdadc9c7ff1680ff,0,0.0,0.0,0.0,0.0,0.0,0.0,0.0,0.0
315,jl_d1b95e9aa3308340,0,0.0,0.0,0.0,0.0,0.0,0.0,1.0,0.0
316,jl_0c0157eca798596c,0,0.0,0.0,0.0,0.0,0.0,0.0,0.0,0.0
317,jl_1030cf7e8211fbba,0,0.0,0.0,0.0,0.0,0.0,0.0,0.0,0.0
318,jl_6d534ea7dc0764d5,0,0.0,1.0,0.0,0.0,0.0,0.0,0.0,0.0
319,jl_2de451d98d40d08f,0,0.0,0.0,0.0,0.0,0.0,0.0,0.0,0.0
320,jl_636a21ad19c3fcbb,0,1.0,0.0,0.0,1.0,0.0,0.0,1.0,0.0
321,jl_ef2d5c1ab846258e,0,0.0,0.0,0.0,1.0,0.0,0.0,0.0,0.0
322,jl_a62c009a975f774d,0,0.0,0.0,0.0,0.0,0.0,0.0,0.0,0.0
323,jl_186060c358262179,0,0.0,0.0,0.0,0.0,1.0,0.0,0.0,0.0
324,jl_5b3210d196d3e33b,0,0.0,1.0,0.0,0.0,0.0,0.0,0.0,0.0
325,jl_810e9aac17e3fdf4,0,0.0,0.0,0.0,0.0,0.0,1.0,0.0,0.0
326,jl_664c077a5bafbfea,0,0.0,1.0,0.0,0.0,0.0,0.0,0.0,0.0
327,jl_f1c3d4b10a1737a6,0,1.0,0.0,0.0,0.0,0.0,0.0,1.0,0.0
328,jl_fc4393b04a09734b,0,0.0,0.0,0.0,0.0,0.0,0.0,0.0,0.0
329,jl_78d0cf9cf307f9a5,0,0.0,0.0,0.0,0.0,0.0,0.0,1.0,0.0
330,jl_b46f6221eeb3a253,0,0.0,0.0,0.0,0.0,0.0,0.0,0.0,0.0
331,jl_ac93360c3a6eeca1,0,0.0,0.0,0.0,0.0,1.0,0.0,0.0,0.0
332,jl_aa1721403e344083,0,1.0,0.0,0.0,0.0,0.0,0.0,1.0,0.0
333,jl_3825479dd089dc9f,0,0.0,0.0,0.0,0.0,0.0,1.0,1.0,0.0
334,jl_1f6e760127e7b63c,0,0.0,0.0,0.0,0.0,1.0,0.0,0.0,0.0
335,jl_aca94848461bb4af,0,0.0,0.0,0.0,0.0,0.0,0.0,1.0,0.0
336,jl_e9811bb71cffe5c4,0,0.0,1.0,0.0,0.0,0.0,0.0,1.0,0.0
337,jl_1d622931c16bfc23,0,0.0,0.0,0.0,0.0,0.0,0.0,0.0,0.0
338,jl_d0d4f8b580dafc13,0,0.0,0.0,0.0,0.0,0.0,0.0,1.0,0.0
339,jl_ca0415673a82ada9,0,0.0,1.0,0.0,0.0,0.0,0.0,0.0,0.0
340,jl_9c671f293ac4a7ff,0,0.0,0.0,0.0,0.0,0.0,0.0,0.0,0.0
341,jl_8a1f3a0d0a13121f,0,0.0,0.0,0.0,0.0,0.0,0.0,0.0,0.0
342,jl_0f2a521f54f66849,0,0.0,0.0,0.0,0.0,0.0,0.0,0.0,0.0
343,jl_1c9aeb7f87e00732,0,0.0,0.0,1.0,0.0,0.0,0.0,0.0,0.0
344,jl_6db7d7f426f98057,0,0.0,0.0,1.0,0.0,0.0,0.0,0.0,0.0
345,jl_6c1208bc7aac6c1a,0,0.0,0.0,0.0,0.0,0.0,1.0,0.0,0.0
346,jl_b0ac77f8058d126c,0,0.0,0.0,0.0,0.0,0.0,0.0,0.0,0.0
347,jl_61e9f8843211c3e0,0,0.0,0.0,0.0,0.0,0.0,0.0,0.0,0.0
348,jl_b3774e7570439b70,0,0.0,1.0,0.0,0.0,0.0,0.0,0.0,0.0
349,jl_03646a271e03048e,0,0.0,1.0,0.0,0.0,0.0,0.0,1.0,0.0
350,jl_d27635c0172569a1,0,0.0,0.0,1.0,0.0,0.0,0.0,0.0,0.0
351,jl_e64e49f8ea8aab88,0,0.0,0.0,0.0,0.0,0.0,0.0,0.0,0.0
352,jl_b162eed165143b19,0,0.0,1.0,0.0,0.0,0.0,0.0,0.0,0.0
353,jl_37e7ff36d5712e74,0,0.0,0.0,1.0,0.0,0.0,0.0,0.0,0.0
354,jl_42aae740801db526,0,0.0,1.0,0.0,0.0,0.0,0.0,0.0,0.0
355,jl_b305ee437b583d4e,0,0.0,0.0,0.0,0.0,0.0,0.0,0.0,0.0
356,jl_96015a8a6b83e4a2,0,0.0,1.0,0.0,0.0,0.0,0.0,0.0,0.0
357,jl_40d02aaaa69fa7f1,0,0.0,0.0,0.0,0.0,0.0,0.0,0.0,0.0
358,jl_afa5ee8086d0eced,0,0.0,0.0,0.0,0.0,0.0,0.0,0.0,0.0
359,jl_03f3d0bf89a61037,0,0.0,1.0,0.0,0.0,0.0,0.0,0.0,0.0
360,jl_b1c56c8b0184aa1a,0,0.0,1.0,0.0,0.0,0.0,0.0,0.0,0.0
361,jl_e6deaf69242f5fc7,0,0.0,1.0,0.0,0.0,0.0,0.0,0.0,0.0
362,jl_b7d512391f7b8533,0,0.0,0.0,0.0,0.0,0.0,0.0,0.0,0.0
363,jl_c802e30b1a4ae8a1,0,0.0,0.0,0.0,1.0,0.0,0.0,0.0,0.0
364,jl_565115cc3d2a2539,0,0.0,1.0,0.0,0.0,0.0,0.0,0.0,0.0
365,jl_9cecb23bf8c2da16,0,0.0,0.0,0.0,0.0,0.0,0.0,0.0,0.0
366,jl_ce064112630ab6e3,0,1.0,0.0,0.0,0.0,1.0,0.0,1.0,0.0
367,jl_15591348118a4b44,0,0.0,0.0,0.0,0.0,0.0,1.0,0.0,0.0
368,jl_b75b1081037800a9,0,0.0,1.0,0.0,0.0,0.0,0.0,1.0,0.0
369,jl_835c4d64189de5c9,0,0.0,1.0,0.0,0.0,0.0,0.0,0.0,0.0
370,jl_8de9f0ee78387f13,0,0.0,1.0,0.0,0.0,0.0,0.0,0.0,0.0
371,jl_7e8ac22c90815fa9,0,0.0,1.0,0.0,0.0,0.0,0.0,0.0,0.0
372,jl_969fc7ccfae03e45,0,0.0,0.0,0.0,0.0,0.0,0.0,0.0,0.0
373,jl_136bfce5dafd26e8,0,0.0,0.0,0.0,0.0,0.0,0.0,0.0,0.0
374,jl_b425320ca64968d7,0,0.0,0.0,0.0,0.0,0.0,0.0,1.0,0.0
375,jl_60fd5ca58cfdac0a,0,0.0,0.0,0.0,0.0,0.0,1.0,0.0,0.0
376,jl_4081ee078908251b,0,0.0,0.0,0.0,0.0,0.0,0.0,0.0,0.0
377,jl_1db19e8a03f309f4,0,0.0,0.0,0.0,0.0,0.0,0.0,0.0,0.0
378,jl_08a6c1709bf1a02b,0,0.0,0.0,0.0,1.0,0.0,0.0,0.0,0.0
379,jl_029a51e93c5e114e,0,0.0,0.0,1.0,0.0,0.0,0.0,0.0,0.0
380,jl_f7ec88b5f2e80966,0,0.0,0.0,0.0,0.0,0.0,1.0,0.0,0.0
381,jl_b140520982dd3d77,0,0.0,0.0,0.0,0.0,0.0,1.0,0.0,0.0
382,jl_5968364e73201f1f,0,0.0,1.0,0.0,0.0,0.0,0.0,0.0,0.0
383,jl_c02b490cb3149ab8,0,1.0,0.0,0.0,0.0,0.0,0.0,1.0,0.0
384,jl_0d428e4582c3e5e0,0,0.0,0.0,0.0,1.0,0.0,0.0,0.0,0.0
385,jl_06b803c3f0ea9bef,0,0.0,0.0,0.0,0.0,0.0,0.0,0.0,0.0
386,jl_d0b5b7f634634f51,0,0.0,0.0,0.0,0.0,0.0,0.0,0.0,0.0
387,jl_29ad94bc1e6f8836,0,0.0,0.0,0.0,0.0,0.0,0.0,0.0,0.0
388,jl_ae9e4c7e01faa2c3,0,0.0,0.0,0.0,0.0,1.0,0.0,0.0,0.0
389,jl_451440b8fbc354ed,0,0.0,1.0,0.0,0.0,0.0,0.0,1.0,0.0
390,jl_53e6990a9d8ec34c,0,0.0,1.0,0.0,0.0,0.0,0.0,0.0,0.0
391,jl_ae1a44aaddb48640,0,1.0,0.0,0.0,0.0,1.0,0.0,0.0,0.0
392,jl_81224a41d2d4c369,0,0.0,0.0,0.0,0.0,0.0,0.0,0.0,0.0
393,jl_eb3d017bfeb92a97,0,0.0,0.0,0.0,0.0,0.0,0.0,0.0,0.0
394,jl_1d462ce7ed9df5e1,0,0.0,1.0,0.0,0.0,0.0,0.0,0.0,0.0
395,jl_54309aa697ac0d34,0,0.0,0.0,0.0,1.0,0.0,0.0,0.0,0.0
396,jl_adb5c876631d27c4,0,1.0,0.0,0.0,0.0,0.0,1.0,0.0,0.0
397,jl_643f3e5fe979eaac,0,0.0,1.0,0.0,0.0,0.0,0.0,1.0,0.0
398,jl_c27b87e217c370b1,0,0.0,0.0,0.0,0.0,0.0,0.0,0.0,0.0
399,jl_6661e6259973de86,0,0.0,0.0,0.0,0.0,0.0,0.0,0.0,0.0
400,jl_1e8c28bc992d6e4d,0,0.0,0.0,1.0,0.0,0.0,0.0,0.0,0.0
401,jl_eb1474381d62bbfd,0,0.0,0.0,0.0,1.0,0.0,0.0,0.0,0.0
402,jl_56a47672b46804ba,0,1.0,0.0,0.0,1.0,0.0,0.0,0.0,0.0
403,jl_ce70ddbe2c173865,0,0.0,0.0,0.0,0.0,0.0,0.0,0.0,0.0
404,jl_aa00999baf2c600c,0,0.0,1.0,0.0,0.0,0.0,0.0,0.0,0.0
405,jl_a120650e6abacf3d,0,0.0,0.0,0.0,0.0,0.0,1.0,0.0,0.0
406,jl_3e514f6c4bcde418,0,0.0,0.0,0.0,1.0,0.0,0.0,0.0,0.0
407,jl_40f7c222f9109378,0,0.0,0.0,0.0,1.0,0.0,0.0,1.0,0.0
408,jl_f05336448ae0a620,0,0.0,0.0,0.0,0.0,0.0,0.0,1.0,0.0
409,jl_36c428d6bb061a1c,0,0.0,0.0,0.0,0.0,0.0,0.0,0.0,0.0
410,jl_18573129be2ef0f8,0,0.0,0.0,0.0,0.0,0.0,0.0,0.0,0.0
411,jl_6957a6f0219d8499,0,0.0,0.0,0.0,0.0,0.0,1.0,0.0,0.0
412,jl_a0be1705d18fc9f7,0,0.0,1.0,0.0,0.0,0.0,0.0,0.0,0.0
413,jl_ce3b36ce4622d771,0,0.0,0.0,0.0,0.0,0.0,0.0,1.0,0.0
414,jl_3f8e8f6558eb04ef,0,0.0,0.0,0.0,0.0,0.0,0.0,0.0,0.0
415,jl_8237e5f65e53b6ec,0,0.0,0.0,0.0,0.0,0.0,0.0,0.0,0.0
416,jl_20031a6c2bb1d54c,0,0.0,0.0,0.0,0.0,0.0,0.0,0.0,0.0
417,jl_619cfb62aa572757,0,0.0,0.0,1.0,0.0,0.0,0.0,0.0,0.0
418,jl_92752afa2d796ab9,0,0.0,0.0,0.0,0.0,0.0,0.0,0.0,0.0
419,jl_111fa91f575c67a4,0,0.0,1.0,0.0,0.0,0.0,0.0,0.0,0.0
420,jl_c0aa1f152ee40365,0,0.0,0.0,0.0,0.0,0.0,0.0,0.0,0.0
421,jl_88234076ad3bb473,0,0.0,0.0,0.0,0.0,0.0,0.0,0.0,0.0
422,jl_8ebdeed9d57c9abb,0,1.0,1.0,0.0,0.0,0.0,0.0,1.0,0.0
423,jl_148b08ffb48b5797,0,0.0,0.0,0.0,0.0,0.0,1.0,0.0,0.0
424,jl_92e8acb4a97fc0a7,0,0.0,1.0,0.0,0.0,0.0,0.0,0.0,0.0
425,jl_e438e228408eccec,0,0.0,0.0,1.0,0.0,0.0,0.0,0.0,0.0
426,jl_4b3dafdb60f62849,0,0.0,0.0,0.0,0.0,0.0,0.0,0.0,0.0
427,jl_7fa77d836912f6a3,0,0.0,0.0,1.0,0.0,0.0,0.0,0.0,0.0
428,jl_040819296bc6f2a6,0,0.0,0.0,0.0,0.0,1.0,0.0,0.0,0.0
429,jl_746a9c7b6115ae1b,0,0.0,1.0,0.0,0.0,0.0,0.0,0.0,0.0
430,jl_7b3f6de755e399a4,0,0.0,0.0,0.0,0.0,0.0,0.0,0.0,0.0
431,jl_8a73ff0037fede87,0,0.0,0.0,0.0,1.0,0.0,0.0,0.0,0.0
432,jl_25f16017787efd66,0,0.0,0.0,0.0,0.0,1.0,0.0,0.0,0.0
433,jl_2fe154973a4109dd,0,0.0,0.0,0.0,0.0,0.0,0.0,0.0,0.0
434,jl_2a867fe58a9332dd,0,0.0,0.0,0.0,1.0,0.0,0.0,0.0,0.0
435,jl_68e1a85381bef21f,0,0.0,0.0,0.0,0.0,0.0,0.0,0.0,0.0
436,jl_81db58a28694a8d2,0,0.0,0.0,0.0,0.0,0.0,0.0,0.0,0.0
437,jl_7db3cf5af0a5f397,0,0.0,0.0,0.0,1.0,0.0,0.0,1.0,0.0
438,jl_731af02e52b0a1d3,0,0.0,0.0,0.0,0.0,0.0,0.0,0.0,0.0
439,jl_136d98a5373aeec9,0,0.0,1.0,0.0,0.0,0.0,0.0,0.0,0.0
440,jl_cf097328f5832f46,0,0.0,0.0,0.0,0.0,0.0,0.0,0.0,0.0
441,jl_2b8311a7195c44aa,0,0.0,0.0,0.0,0.0,0.0,0.0,0.0,0.0
442,jl_c5f3c47b30bb0eba,0,1.0,0.0,0.0,0.0,0.0,1.0,0.0,0.0
443,jl_ae66dd9f8a6c2369,0,1.0,0.0,0.0,0.0,0.0,0.0,0.0,0.0
444,jl_7379050fc325ed77,0,1.0,1.0,0.0,0.0,0.0,0.0,0.0,0.0
445,jl_d2c0f211ecf1fca5,0,0.0,0.0,0.0,1.0,0.0,0.0,0.0,0.0
446,jl_027e3c953609ef2c,0,0.0,0.0,0.0,0.0,0.0,1.0,0.0,0.0
447,jl_a1b8900ae7788e57,0,0.0,0.0,0.0,0.0,0.0,0.0,0.0,0.0
448,jl_9ad2d63fd0f8a0ea,0,0.0,0.0,0.0,1.0,0.0,0.0,1.0,0.0
449,jl_d9a8a4ac50a5b066,0,0.0,0.0,0.0,0.0,0.0,0.0,0.0,0.0
450,jl_82b1fab940f458d9,0,0.0,1.0,0.0,0.0,0.0,0.0,0.0,0.0
451,jl_a0e4299b58120c01,0,0.0,1.0,0.0,0.0,0.0,0.0,0.0,0.0
452,jl_f4b2be3961cc8e11,0,0.0,0.0,0.0,1.0,0.0,0.0,0.0,0.0
453,jl_3fe0a21006973510,0,0.0,0.0,0.0,0.0,0.0,0.0,1.0,0.0
454,jl_9fad691a569ce00a,0,0.0,0.0,0.0,0.0,0.0,0.0,1.0,0.0
455,jl_c692f04727fbfbe4,0,0.0,0.0,0.0,0.0,0.0,1.0,0.0,0.0
456,jl_33ab36b68cf6db84,0,0.0,1.0,0.0,0.0,0.0,0.0,1.0,0.0
457,jl_74d6524c27713d38,0,0.0,0.0,1.0,0.0,0.0,0.0,0.0,0.0
458,jl_2cf5b91e7ea31bde,0,0.0,0.0,0.0,1.0,0.0,0.0,0.0,0.0
459,jl_1b9ca1fbf8bf94f4,0,0.0,0.0,0.0,1.0,0.0,0.0,0.0,0.0
460,jl_69dc0183e2a56e8f,0,0.0,0.0,0.0,0.0,1.0,0.0,1.0,0.0
461,jl_253517009207bdc8,0,0.0,0.0,0.0,0.0,1.0,0.0,0.0,0.0
462,jl_ddb41042541ddc73,0,0.0,0.0,0.0,0.0,0.0,0.0,0.0,0.0
463,jl_afddf842e893ea03,0,0.0,0.0,0.0,0.0,0.0,0.0,0.0,0.0
464,jl_e2c1985021f3c84b,0,0.0,1.0,0.0,0.0,0.0,0.0,0.0,0.0
465,jl_902fc29c22211586,0,0.0,0.0,0.0,0.0,0.0,0.0,0.0,0.0
466,jl_826471111e7b2c8d,0,0.0,0.0,0.0,0.0,0.0,1.0,1.0,0.0
467,jl_7c52b09d9780e6ff,0,0.0,0.0,0.0,0.0,0.0,1.0,0.0,0.0
468,jl_9747f523d56212cc,0,0.0,0.0,0.0,0.0,0.0,0.0,0.0,0.0
469,jl_14789512b5078b9f,0,0.0,0.0,0.0,0.0,0.0,0.0,0.0,0.0
470,jl_1f2c570c4a5700d1,0,1.0,1.0,0.0,0.0,0.0,0.0,1.0,0.0
471,jl_f8048108d8baff04,0,0.0,0.0,0.0,0.0,0.0,0.0,0.0,0.0
472,jl_8410cb78751c2c43,0,0.0,0.0,0.0,0.0,0.0,1.0,0.0,0.0
473,jl_0d1351822d3a6df5,0,0.0,0.0,0.0,0.0,0.0,1.0,1.0,0.0
474,jl_23ad9ed2df326bf2,0,0.0,0.0,0.0,0.0,0.0,1.0,0.0,0.0
475,jl_5246b82b2bc97597,0,0.0,0.0,0.0,0.0,0.0,0.0,0.0,0.0
476,jl_99767c9ba3ba1698,0,0.0,0.0,0.0,0.0,0.0,0.0,1.0,0.0
477,jl_7df94116a7371697,0,0.0,0.0,0.0,0.0,0.0,0.0,0.0,0.0
478,jl_aed31f65b4c2f312,0,0.0,0.0,0.0,0.0,0.0,0.0,0.0,0.0
479,jl_0d59d3744a323d2d,0,0.0,1.0,0.0,0.0,0.0,0.0,0.0,0.0
480,jl_3686f9b2c9019507,0,0.0,0.0,0.0,1.0,0.0,0.0,0.0,0.0
481,jl_84d4ceb1a4cc359e,0,0.0,0.0,1.0,0.0,0.0,0.0,0.0,0.0
482,jl_f7675564182cbb12,0,0.0,1.0,0.0,0.0,0.0,0.0,0.0,0.0
483,jl_c04abb68b602128e,0,0.0,0.0,0.0,0.0,1.0,0.0,1.0,0.0
484,jl_1fc0c9526d699259,0,0.0,0.0,0.0,0.0,0.0,0.0,0.0,0.0
485,jl_14448cabcc67a119,0,0.0,0.0,0.0,0.0,0.0,0.0,0.0,0.0
486,jl_a71e5e95a6e0c50c,0,0.0,0.0,0.0,0.0,0.0,0.0,0.0,0.0
487,jl_f6348b08419e4491,0,0.0,0.0,0.0,1.0,0.0,0.0,0.0,0.0
488,jl_27dea95f72ea337c,0,0.0,0.0,1.0,0.0,0.0,0.0,0.0,0.0
489,jl_045b9a3aa6563eef,0,0.0,0.0,0.0,0.0,1.0,0.0,0.0,0.0
490,jl_2b2f9db3749995e8,0,0.0,1.0,0.0,0.0,0.0,0.0,0.0,0.0
491,jl_3efe2d315de95474,0,0.0,0.0,0.0,0.0,0.0,0.0,0.0,0.0
492,jl_ed7ef62aaed6df44,0,1.0,0.0,0.0,0.0,0.0,1.0,0.0,0.0
493,jl_b8119df87292f52a,0,0.0,1.0,0.0,0.0,0.0,0.0,0.0,0.0
494,jl_efb9f74f42ba5f39,0,0.0,0.0,0.0,1.0,0.0,0.0,0.0,0.0
495,jl_dfecd1140b48eb5f,0,0.0,0.0,0.0,0.0,0.0,0.0,0.0,0.0
496,jl_44d4dc2baa6a519c,0,0.0,0.0,0.0,0.0,0.0,0.0,0.0,0.0
497,jl_8dbbfc6d02e52835,0,0.0,0.0,0.0,0.0,0.0,0.0,1.0,0.0
498,jl_8bb2bb3ae97e5288,0,0.0,1.0,0.0,0.0,0.0,0.0,0.0,0.0
499,jl_6110b97e9b4001e9,0,0.0,0.0,0.0,0.0,0.0,0.0,0.0,0.0
500,jl_a1b3b5ff71b258a6,0,0.0,0.0,0.0,0.0,0.0,1.0,1.0,0.0
501,jl_0c21238b066375a0,0,0.0,0.0,0.0,1.0,0.0,0.0,0.0,0.0
502,jl_40b7269ad9c6b89e,0,0.0,0.0,0.0,0.0,1.0,0.0,0.0,0.0
503,jl_caba321cede54de6,0,0.0,0.0,0.0,0.0,0.0,0.0,0.0,0.0
504,jl_a38a9139a2539005,0,0.0,1.0,0.0,0.0,0.0,0.0,1.0,0.0
505,jl_e8c75793de543c04,0,0.0,0.0,0.0,0.0,0.0,1.0,0.0,0.0
506,jl_f04f351cb80a4150,0,0.0,0.0,0.0,0.0,0.0,0.0,0.0,0.0
507,jl_e2711f6d66bb05ac,0,0.0,1.0,0.0,0.0,0.0,0.0,1.0,0.0
508,jl_c8662a3f98452573,0,0.0,0.0,0.0,0.0,0.0,0.0,0.0,0.0
509,jl_d38322e29962917c,0,0.0,1.0,0.0,0.0,0.0,0.0,0.0,0.0
510,jl_bf54ca107940128c,0,0.0,0.0,0.0,0.0,0.0,0.0,0.0,0.0
511,jl_3d7c51bac3bff5b0,0,0.0,0.0,0.0,0.0,0.0,0.0,1.0,0.0
512,jl_812588ce6a53724c,0,1.0,1.0,0.0,0.0,0.0,0.0,0.0,0.0
513,jl_bebf3effda9f263f,0,0.0,0.0,0.0,0.0,0.0,0.0,0.0,0.0
514,jl_d6dcbcd34d45ad40,0,0.0,0.0,0.0,0.0,0.0,0.0,0.0,0.0
515,jl_d09a81f96d7adef7,0,0.0,0.0,0.0,0.0,0.0,0.0,0.0,0.0
516,jl_efcc064917c2cedf,0,0.0,1.0,0.0,0.0,0.0,0.0,0.0,0.0
517,jl_283375167e91cd53,0,0.0,1.0,0.0,0.0,0.0,0.0,0.0,0.0
518,jl_c9f98f70c78a91bd,0,0.0,1.0,0.0,0.0,0.0,0.0,0.0,0.0
519,jl_f91843d934a9d80f,0,0.0,0.0,0.0,0.0,1.0,0.0,0.0,0.0
520,jl_9be439da5854a37f,0,0.0,1.0,0.0,0.0,0.0,0.0,0.0,0.0
521,jl_8a2e2cfe299d0293,0,0.0,0.0,0.0,0.0,0.0,0.0,0.0,0.0
522,jl_7092d131c354c2c6,0,0.0,0.0,0.0,0.0,0.0,0.0,0.0,0.0
523,jl_100daa4903ccb872,0,0.0,0.0,0.0,0.0,0.0,0.0,1.0,0.0
524,jl_7e8edbff28b1b3c3,0,0.0,1.0,0.0,0.0,0.0,0.0,0.0,0.0
525,jl_bae990bd1c4ff7cc,0,0.0,0.0,0.0,0.0,0.0,0.0,0.0,0.0
526,jl_d0a0a8d4118d6393,0,0.0,1.0,0.0,0.0,0.0,0.0,0.0,0.0
527,jl_1960eac165fffe54,0,0.0,0.0,0.0,1.0,0.0,0.0,0.0,0.0
528,jl_42ff990ea0ae6805,0,0.0,0.0,0.0,0.0,0.0,0.0,0.0,0.0
529,jl_e3414a7fbcabf8e4,0,0.0,0.0,0.0,0.0,0.0,1.0,0.0,0.0
530,jl_ae5dc308c4e548a6,0,0.0,1.0,0.0,0.0,0.0,0.0,0.0,0.0
531,jl_2c6a4bb98eb1727c,0,0.0,0.0,0.0,0.0,0.0,0.0,0.0,0.0
532,jl_c25e538ac1574b0f,0,0.0,0.0,0.0,0.0,0.0,1.0,0.0,0.0
533,jl_b21f6ad45815fb62,0,1.0,0.0,0.0,0.0,0.0,0.0,0.0,1.0
534,jl_295a5eb128dfe437,0,0.0,0.0,0.0,0.0,0.0,0.0,0.0,0.0
535,jl_e198cda6240db139,0,0.0,0.0,0.0,0.0,1.0,0.0,0.0,0.0
536,jl_11ece9a05ade2380,0,0.0,1.0,0.0,0.0,0.0,0.0,0.0,0.0
537,jl_85017d6b3a30bdd3,0,0.0,0.0,0.0,0.0,0.0,1.0,1.0,1.0
538,jl_dda2b70d1865371e,0,0.0,0.0,0.0,0.0,0.0,0.0,0.0,0.0
539,jl_61956da39b445a3c,1,0.0,1.0,0.0,0.0,0.0,0.0,0.0,0.0
540,jl_b59a64d3298e7fe8,1,1.0,0.0,0.0,0.0,0.0,0.0,0.0,0.0
541,jl_f43cd8061406b3d7,1,1.0,0.0,0.0,0.0,0.0,0.0,0.0,0.0
542,jl_fbadb59b5f73dc18,1,1.0,1.0,0.0,0.0,0.0,0.0,0.0,0.0
543,jl_f5945f64ec7013e3,1,1.0,1.0,0.0,0.0,0.0,0.0,0.0,0.0
544,jl_70351b5092814475,1,1.0,0.0,0.0,0.0,0.0,0.0,1.0,0.0
545,jl_50022587c7a4a8d9,1,1.0,1.0,0.0,0.0,0.0,0.0,0.0,0.0
546,jl_4fbc1d778df8203e,1,1.0,0.0,0.0,1.0,0.0,0.0,0.0,0.0
547,jl_04a882314da504d4,1,0.0,0.0,0.0,0.0,1.0,0.0,1.0,0.0
548,jl_44da2bd2b0b7e145,1,1.0,1.0,0.0,0.0,0.0,0.0,1.0,0.0
549,jl_9a65d867c55198db,1,0.0,0.0,0.0,0.0,0.0,0.0,0.0,0.0
550,jl_b0b4a4c5be84240c,1,0.0,1.0,0.0,0.0,0.0,0.0,0.0,0.0
551,jl_32062be6a68c7531,1,1.0,0.0,0.0,0.0,0.0,1.0,1.0,0.0
552,jl_6c9d0349b46d0aae,1,1.0,0.0,0.0,0.0,1.0,0.0,1.0,0.0
553,jl_90603c7f1f0af480,1,1.0,1.0,0.0,0.0,0.0,0.0,0.0,0.0
554,jl_9315b3a96ad20ac0,1,0.0,0.0,0.0,0.0,0.0,0.0,0.0,0.0
555,jl_25732595a7113f45,1,1.0,0.0,0.0,1.0,0.0,0.0,0.0,0.0
556,jl_2370348e80d8c420,1,1.0,0.0,0.0,0.0,1.0,0.0,0.0,0.0
557,jl_ada8a7b4477d3923,1,1.0,0.0,0.0,0.0,1.0,0.0,1.0,0.0
558,jl_2d63f589c7b4584b,1,1.0,0.0,0.0,1.0,0.0,0.0,1.0,0.0
559,jl_cccc5118af562f28,1,0.0,0.0,0.0,0.0,0.0,0.0,0.0,0.0
560,jl_4ec3c1a1ffc6ff64,1,1.0,0.0,0.0,0.0,0.0,1.0,0.0,0.0
561,jl_45aa9a89795b5d2b,1,1.0,1.0,0.0,0.0,0.0,0.0,1.0,0.0
562,jl_b5b7c26924376b59,1,1.0,1.0,0.0,0.0,0.0,0.0,0.0,0.0
563,jl_ffb7f83fa7858f6a,1,1.0,0.0,0.0,0.0,0.0,0.0,1.0,0.0
564,jl_ba19b2e0984e8e1f,1,1.0,0.0,0.0,0.0,1.0,0.0,1.0,1.0
565,jl_b8658ac1d1483ab5,1,1.0,1.0,0.0,0.0,0.0,0.0,0.0,0.0
566,jl_e80b58b3976b3590,1,1.0,0.0,0.0,1.0,0.0,0.0,0.0,0.0
567,jl_a638c3a55a1cfe96,1,1.0,0.0,1.0,0.0,0.0,0.0,1.0,0.0
568,jl_5f30454eae8a42bd,1,1.0,0.0,0.0,0.0,1.0,0.0,1.0,0.0
569,jl_8dcb69dd20ec366f,1,1.0,0.0,1.0,0.0,0.0,0.0,1.0,0.0
570,jl_00e49ce025b8313b,1,1.0,0.0,0.0,0.0,0.0,0.0,1.0,0.0
571,jl_01a41531e800513c,1,1.0,0.0,0.0,1.0,0.0,0.0,1.0,0.0
572,jl_62f334a900a46076,1,1.0,0.0,0.0,1.0,0.0,0.0,0.0,0.0
573,jl_61ebef7e64d12ccb,1,0.0,0.0,0.0,0.0,0.0,0.0,0.0,0.0
574,jl_24087644f126296d,1,1.0,0.0,1.0,0.0,0.0,0.0,0.0,0.0
575,jl_49945a260d999eaf,1,0.0,0.0,0.0,1.0,0.0,0.0,0.0,0.0
576,jl_8d188c08bf77e2fc,1,1.0,0.0,0.0,0.0,0.0,1.0,1.0,0.0
577,jl_bddee21cf5be8648,1,1.0,0.0,0.0,0.0,0.0,0.0,1.0,0.0
578,jl_dfef34cc5989dfbe,1,1.0,0.0,0.0,0.0,0.0,1.0,1.0,0.0
579,jl_765c6fe3235a3127,1,1.0,1.0,0.0,0.0,0.0,0.0,0.0,0.0
580,jl_5184ebe09a412e43,1,0.0,0.0,0.0,0.0,1.0,0.0,0.0,0.0
581,jl_42e2d8b24d8c9d77,1,0.0,0.0,0.0,0.0,0.0,0.0,0.0,0.0
582,jl_2880167bb92def60,1,1.0,0.0,0.0,0.0,0.0,0.0,0.0,0.0
583,jl_c28f0284f9a5d601,1,1.0,0.0,0.0,0.0,0.0,0.0,1.0,0.0
584,jl_dcc9b0bba01a9ef4,1,0.0,0.0,0.0,0.0,0.0,1.0,0.0,0.0
585,jl_021a7edb5cf4793f,1,1.0,0.0,0.0,0.0,0.0,0.0,1.0,0.0
586,jl_b8bdbec632b9e81b,1,0.0,0.0,0.0,0.0,0.0,0.0,0.0,0.0
587,jl_46dd5d3b34eb8095,1,1.0,1.0,0.0,0.0,0.0,0.0,1.0,0.0
588,jl_46f9749df0d852a5,1,0.0,0.0,0.0,0.0,0.0,1.0,0.0,1.0
589,jl_b856f9a5bc9b6cef,1,1.0,1.0,0.0,0.0,0.0,0.0,1.0,1.0
590,jl_3fe35a3fd27ebd9e,1,1.0,1.0,0.0,0.0,0.0,0.0,0.0,0.0
591,jl_72ed95a4455c8cf8,1,0.0,0.0,0.0,0.0,1.0,0.0,1.0,0.0
592,jl_ef63d9af1db6f2a3,1,0.0,1.0,0.0,0.0,0.0,0.0,0.0,0.0
593,jl_d1a877c30ca7a5e6,1,1.0,1.0,0.0,0.0,0.0,0.0,0.0,0.0
594,jl_033222419605ed3f,1,0.0,0.0,0.0,0.0,1.0,0.0,1.0,0.0
595,jl_1a11bd8fbe3b50ce,1,0.0,0.0,0.0,0.0,0.0,0.0,1.0,0.0
596,jl_3d766c8404b3e286,1,1.0,1.0,0.0,0.0,0.0,0.0,0.0,0.0
597,jl_5a95e9f625751e1e,1,1.0,0.0,0.0,0.0,0.0,0.0,0.0,0.0
598,jl_2cb218213ebed890,1,1.0,1.0,0.0,0.0,0.0,0.0,1.0,0.0
599,jl_bcc9dbeff863aadc,1,0.0,1.0,0.0,0.0,0.0,0.0,0.0,0.0
600,jl_a7e71b866947d01e,1,1.0,1.0,0.0,0.0,0.0,0.0,0.0,0.0
601,jl_de6b3fb121b5f655,1,0.0,0.0,0.0,0.0,0.0,0.0,0.0,0.0
602,jl_c12d42479c76b035,1,1.0,0.0,0.0,1.0,0.0,0.0,1.0,0.0
603,jl_7d23fb51a6d2b792,1,0.0,1.0,0.0,0.0,0.0,0.0,0.0,0.0
604,jl_c6971ecdae3a7a30,1,1.0,0.0,0.0,0.0,0.0,1.0,1.0,0.0
605,jl_765d5d6d1e3c30af,1,0.0,0.0,0.0,0.0,0.0,1.0,0.0,0.0
606,jl_349882fce8422849,1,0.0,1.0,0.0,0.0,0.0,0.0,0.0,1.0
607,jl_9fecada5ca60d6f8,1,1.0,0.0,0.0,0.0,0.0,0.0,0.0,0.0
608,jl_62948e9c407ca034,1,0.0,1.0,0.0,0.0,0.0,0.0,1.0,0.0
609,jl_4d9c42761434f0e0,1,0.0,0.0,0.0,0.0,0.0,0.0,0.0,0.0
610,jl_069e91ac98318cac,1,1.0,0.0,0.0,0.0,1.0,0.0,1.0,1.0
611,jl_3eafa8edc774cce0,1,1.0,0.0,0.0,0.0,0.0,1.0,0.0,0.0
612,jl_3b58a2212af3ba86,1,1.0,0.0,0.0,1.0,0.0,0.0,0.0,0.0
613,jl_aef9f7ae2dc40433,1,0.0,0.0,0.0,0.0,0.0,0.0,0.0,0.0
614,jl_a4cb78b4a8c25e15,1,1.0,1.0,0.0,0.0,0.0,0.0,0.0,0.0
615,jl_7134025708fe7144,1,1.0,1.0,0.0,0.0,0.0,0.0,0.0,0.0
616,jl_1c81b34b23854260,1,1.0,0.0,0.0,0.0,0.0,0.0,1.0,0.0
617,jl_bf971d59ae92d952,1,1.0,0.0,0.0,1.0,0.0,0.0,0.0,1.0
618,jl_cb5fcfa7b0df11f9,1,1.0,0.0,0.0,0.0,1.0,0.0,0.0,0.0
619,jl_fd766cb0b544acf9,1,1.0,0.0,0.0,0.0,0.0,0.0,1.0,0.0
620,jl_31572b6e494bcd16,1,1.0,0.0,1.0,0.0,0.0,0.0,1.0,0.0
621,jl_eac13a64d7059549,1,0.0,0.0,0.0,0.0,0.0,0.0,0.0,0.0
622,jl_104372296a1d5292,1,1.0,1.0,0.0,0.0,0.0,0.0,1.0,0.0
623,jl_1a043154658e5166,1,0.0,0.0,0.0,0.0,0.0,0.0,1.0,0.0
624,jl_89b3b83a5b0fd82c,1,0.0,0.0,0.0,0.0,0.0,1.0,0.0,0.0
625,jl_e40649282f4e0b97,1,1.0,0.0,0.0,0.0,0.0,1.0,1.0,0.0
626,jl_f24414be419168a0,1,0.0,0.0,0.0,0.0,0.0,0.0,0.0,0.0
627,jl_5b215c1ea0687d2a,1,0.0,0.0,0.0,0.0,0.0,1.0,0.0,0.0
628,jl_c8d5cf12236e7ad2,1,0.0,0.0,0.0,0.0,0.0,0.0,0.0,0.0
629,jl_62f348807c98380f,1,1.0,1.0,0.0,0.0,0.0,0.0,0.0,0.0
630,jl_0aca95ef4434c6ee,1,1.0,0.0,0.0,0.0,0.0,0.0,0.0,0.0
631,jl_04a294feed2acb5a,1,1.0,0.0,0.0,0.0,0.0,0.0,1.0,0.0
632,jl_3f4451e9ba7610d4,1,0.0,1.0,0.0,0.0,0.0,0.0,0.0,1.0
633,jl_747d7a9796cc5430,1,1.0,0.0,0.0,0.0,0.0,0.0,1.0,0.0
634,jl_21d15e6f125bf3f4,1,0.0,0.0,0.0,0.0,1.0,0.0,0.0,0.0
635,jl_6059a43bec56d8f4,1,0.0,0.0,0.0,0.0,0.0,0.0,1.0,0.0
636,jl_9c5b351c29cb5686,1,0.0,0.0,0.0,0.0,0.0,1.0,0.0,0.0
637,jl_78cd346bfca06105,1,0.0,0.0,0.0,0.0,0.0,0.0,0.0,0.0
638,jl_a097dba8f6b662a5,1,0.0,0.0,0.0,0.0,0.0,0.0,0.0,0.0
639,jl_5f758137c97b6296,1,0.0,0.0,0.0,0.0,0.0,0.0,0.0,0.0
640,jl_4ed85ce1d965e27a,1,1.0,0.0,0.0,0.0,0.0,0.0,1.0,0.0
641,jl_6d0ea7974f64ab6b,1,1.0,0.0,0.0,1.0,0.0,0.0,0.0,0.0
642,jl_5d28fc7ff1e3bac0,1,1.0,0.0,0.0,0.0,0.0,1.0,1.0,0.0
643,jl_81cf0927167605ca,1,1.0,0.0,0.0,1.0,0.0,0.0,0.0,0.0
644,jl_14d68df50c17fb50,1,1.0,0.0,1.0,0.0,0.0,0.0,0.0,0.0
645,jl_b68b9094b18389f8,1,0.0,0.0,0.0,0.0,0.0,1.0,0.0,0.0
646,jl_c3e4287a6aa69722,1,0.0,0.0,0.0,0.0,1.0,0.0,1.0,0.0
647,jl_7fd98a87cf190b3a,1,1.0,0.0,0.0,0.0,1.0,0.0,1.0,1.0
648,jl_9778928e030197b4,1,1.0,0.0,0.0,0.0,1.0,0.0,1.0,0.0
649,jl_a7e5cadd2d2cf906,1,1.0,0.0,0.0,0.0,0.0,0.0,1.0,0.0
650,jl_770ee63428ff8a22,1,0.0,0.0,0.0,0.0,0.0,0.0,1.0,0.0
651,jl_d3d2760a9b93e139,1,1.0,0.0,0.0,1.0,0.0,0.0,0.0,0.0
652,jl_1c5341f06a933eb2,1,0.0,0.0,0.0,0.0,0.0,0.0,1.0,0.0
653,jl_210293386959b995,1,1.0,0.0,0.0,0.0,1.0,0.0,0.0,0.0
654,jl_7a492d50ee9478d6,1,1.0,0.0,0.0,0.0,1.0,0.0,1.0,0.0
655,jl_ae5b9956e76c1984,1,1.0,0.0,0.0,0.0,1.0,0.0,1.0,0.0
656,jl_edf3a3681ef7d8b0,1,0.0,0.0,0.0,0.0,0.0,1.0,0.0,1.0
657,jl_7da7da1ee19795e3,1,1.0,0.0,0.0,0.0,0.0,0.0,0.0,0.0
658,jl_2e6ac746438cf653,1,1.0,0.0,0.0,0.0,0.0,0.0,0.0,0.0
659,jl_86ee9e143418385c,1,1.0,0.0,0.0,0.0,1.0,0.0,1.0,0.0
660,jl_0d10ec5c2c7c0452,1,0.0,0.0,0.0,1.0,0.0,0.0,1.0,0.0
661,jl_3e69a31c43713fe1,1,1.0,0.0,0.0,0.0,0.0,0.0,0.0,0.0
662,jl_0238b5505daeda02,1,1.0,0.0,0.0,0.0,0.0,0.0,0.0,0.0
663,jl_ec0c0eb870136905,1,1.0,0.0,0.0,0.0,1.0,0.0,1.0,1.0
664,jl_b9f2b2216a555168,1,0.0,0.0,0.0,0.0,0.0,1.0,1.0,0.0
665,jl_5dd9ce0381739250,1,1.0,0.0,0.0,0.0,0.0,1.0,0.0,0.0
666,jl_fe2abf553834a492,1,1.0,0.0,0.0,0.0,0.0,0.0,0.0,0.0
667,jl_2d3a9d02c1b6f231,1,1.0,0.0,0.0,0.0,1.0,0.0,0.0,0.0
668,jl_81c5ad491188bbcb,1,0.0,0.0,0.0,0.0,0.0,1.0,1.0,0.0
669,jl_2a31438012a7a082,1,0.0,0.0,0.0,1.0,0.0,0.0,0.0,0.0
670,jl_3d221f094c0db8df,1,0.0,0.0,0.0,0.0,0.0,1.0,1.0,0.0
671,jl_e339bb0f06dd3eff,1,0.0,0.0,0.0,0.0,0.0,0.0,0.0,0.0
672,jl_070fbed177deef77,1,1.0,0.0,0.0,0.0,1.0,0.0,1.0,0.0
673,jl_eb5126d8471fad97,1,0.0,0.0,0.0,0.0,1.0,0.0,0.0,0.0
674,jl_c70a89b5b8927e98,1,1.0,1.0,0.0,0.0,0.0,0.0,0.0,0.0
675,jl_13bc1e588fba6589,1,0.0,0.0,0.0,0.0,0.0,0.0,0.0,0.0
676,jl_7c4bf4ba3b390ba4,1,1.0,0.0,0.0,0.0,0.0,1.0,0.0,0.0
677,jl_baa3869ed9b0b696,1,1.0,1.0,0.0,0.0,0.0,0.0,0.0,0.0
678,jl_ddc4022f1fb62759,1,0.0,1.0,0.0,0.0,0.0,0.0,1.0,0.0
679,jl_f5e6050e63495755,1,1.0,0.0,0.0,0.0,0.0,0.0,1.0,0.0
680,jl_413557e57c52570c,1,0.0,0.0,0.0,0.0,0.0,1.0,0.0,0.0
681,jl_d745b642c469a467,1,1.0,0.0,0.0,0.0,0.0,0.0,0.0,0.0
682,jl_041ab3b2be328f5f,1,1.0,0.0,0.0,0.0,0.0,0.0,0.0,0.0
683,jl_94691dc1a219a73b,1,0.0,0.0,0.0,0.0,0.0,0.0,0.0,0.0
684,jl_0c91fdd07de88b93,1,0.0,0.0,0.0,0.0,0.0,1.0,0.0,0.0
685,jl_bb44b3b714d2e72e,1,0.0,0.0,0.0,0.0,0.0,1.0,0.0,0.0
686,jl_38ca74776ebc975e,1,1.0,0.0,0.0,0.0,0.0,1.0,0.0,0.0
687,jl_72a3dfa78f5b7c5e,1,0.0,0.0,0.0,0.0,0.0,0.0,0.0,0.0
688,jl_c48921aca733afe9,1,0.0,0.0,0.0,0.0,0.0,1.0,1.0,0.0
689,jl_51e6fd504a62dc78,1,1.0,0.0,0.0,0.0,1.0,0.0,1.0,0.0
690,jl_263a2f24f85debda,1,0.0,0.0,0.0,0.0,0.0,0.0,0.0,0.0
691,jl_290a462a7a902158,1,0.0,0.0,0.0,0.0,1.0,0.0,0.0,0.0
692,jl_796c8c5e76ef2c2d,1,1.0,1.0,0.0,0.0,0.0,0.0,1.0,0.0
693,jl_834e18841034374f,1,0.0,0.0,0.0,0.0,0.0,1.0,1.0,0.0
694,jl_169fef1d3acc08cb,1,0.0,0.0,0.0,0.0,0.0,0.0,0.0,0.0
695,jl_e7c85f4920c4e38c,1,0.0,0.0,0.0,0.0,0.0,1.0,0.0,0.0
696,jl_8682aecb8b54b7be,1,0.0,1.0,0.0,0.0,0.0,0.0,1.0,0.0
697,jl_3c6f8a3f85bf8718,1,0.0,0.0,0.0,0.0,0.0,0.0,0.0,0.0
698,jl_548d5d6f4e260c19,1,0.0,0.0,0.0,0.0,0.0,1.0,0.0,1.0
699,jl_2b3024870a95445f,1,0.0,0.0,0.0,0.0,1.0,0.0,0.0,1.0
700,jl_51f17bf245f2adb5,1,0.0,0.0,0.0,0.0,0.0,0.0,0.0,0.0
701,jl_5c4c561c417a3a0e,1,0.0,0.0,0.0,0.0,0.0,0.0,0.0,1.0
702,jl_fa8592452682f9a1,1,0.0,0.0,0.0,0.0,0.0,0.0,1.0,0.0
703,jl_72d61acf3427738a,1,1.0,0.0,0.0,0.0,0.0,0.0,1.0,0.0
704,jl_2f47af1fba61399f,1,0.0,0.0,0.0,0.0,0.0,0.0,0.0,0.0
705,jl_93f69e4971617b43,1,0.0,0.0,0.0,0.0,0.0,0.0,0.0,0.0
706,jl_5b31e234c3ed1ebf,1,1.0,0.0,0.0,0.0,1.0,0.0,0.0,0.0
707,jl_f0e5a5f3a4324009,1,1.0,0.0,0.0,0.0,0.0,0.0,0.0,0.0
708,jl_9111ab7b84e5d1eb,1,0.0,0.0,0.0,0.0,0.0,0.0,0.0,0.0
709,jl_981ea1cca891ad1d,1,0.0,0.0,0.0,0.0,0.0,0.0,0.0,0.0
710,jl_96b85df9263736cd,1,1.0,1.0,0.0,0.0,0.0,0.0,0.0,0.0
711,jl_9cd9e7b06aa64f5a,1,1.0,0.0,0.0,0.0,0.0,0.0,0.0,0.0
712,jl_6c5f8f457868ac8d,1,0.0,0.0,0.0,0.0,0.0,1.0,0.0,0.0
713,jl_98fbcf1df40d912b,1,1.0,0.0,0.0,0.0,0.0,1.0,1.0,1.0
714,jl_5d23f27794c61840,1,1.0,0.0,0.0,0.0,0.0,1.0,1.0,0.0
715,jl_222c67d86f642e7d,1,1.0,0.0,0.0,0.0,0.0,0.0,0.0,0.0
716,jl_a7f3995532167e78,1,1.0,0.0,0.0,0.0,0.0,0.0,1.0,0.0
717,jl_40fb12be97ac5ab3,1,0.0,0.0,0.0,0.0,0.0,0.0,1.0,0.0
718,jl_1b0708ad7e04ea1d,1,1.0,1.0,0.0,0.0,0.0,0.0,1.0,0.0
719,jl_85df5c44dfaaeed6,1,0.0,0.0,0.0,0.0,0.0,1.0,0.0,0.0
720,jl_e169e3e130593e06,1,1.0,1.0,0.0,0.0,0.0,0.0,0.0,0.0
721,jl_a67fe5b77afb9bcf,1,0.0,0.0,0.0,0.0,1.0,0.0,1.0,0.0
722,jl_23b719cdba1a6daf,1,0.0,0.0,0.0,0.0,0.0,1.0,1.0,0.0
723,jl_1d44c682610460d1,1,1.0,0.0,0.0,0.0,0.0,0.0,0.0,0.0
724,jl_df6c83c586335166,1,0.0,1.0,0.0,0.0,0.0,0.0,1.0,0.0
725,jl_d5000e1b28ef943a,1,0.0,0.0,0.0,0.0,0.0,1.0,0.0,0.0
726,jl_f98dce131b521345,1,0.0,0.0,0.0,1.0,0.0,0.0,0.0,0.0
727,jl_5348f8e5059d9c0d,1,0.0,1.0,0.0,0.0,0.0,0.0,1.0,0.0
728,jl_debcabe0e4fb3f6c,1,0.0,0.0,0.0,1.0,0.0,0.0,0.0,0.0
729,jl_0708474eb21f6cf6,1,0.0,0.0,0.0,0.0,0.0,0.0,0.0,0.0
730,jl_03a7134583d29211,1,1.0,0.0,0.0,0.0,0.0,1.0,0.0,0.0
731,jl_feee65f60f168d6e,1,1.0,0.0,0.0,1.0,0.0,0.0,0.0,0.0
732,jl_c3eb39943a76df84,1,0.0,1.0,0.0,0.0,0.0,0.0,1.0,0.0
733,jl_0775c714e6f41f6c,1,1.0,1.0,0.0,0.0,0.0,0.0,1.0,0.0
734,jl_88b93cf557fdfd70,1,0.0,1.0,0.0,0.0,0.0,0.0,0.0,0.0
735,jl_fb8286adb29faf68,1,0.0,1.0,0.0,0.0,0.0,0.0,0.0,0.0
736,jl_797026b99e3fb913,1,0.0,0.0,0.0,0.0,0.0,0.0,0.0,0.0
737,jl_8bb2f0604ca3130f,1,1.0,0.0,0.0,0.0,0.0,0.0,0.0,0.0
738,jl_7202bf4791ee168c,1,1.0,0.0,0.0,0.0,0.0,0.0,0.0,0.0
739,jl_76b1b84aae8e2fd1,1,0.0,0.0,0.0,1.0,0.0,0.0,0.0,0.0
740,jl_3e2ddf43a2b11919,1,0.0,0.0,0.0,0.0,0.0,1.0,1.0,0.0
741,jl_129c6a447b9af825,1,0.0,0.0,0.0,0.0,0.0,0.0,0.0,0.0
742,jl_8b76d398a82297ea,1,0.0,1.0,0.0,0.0,0.0,0.0,0.0,0.0
743,jl_1c1bfee3fe5e61c6,1,0.0,1.0,0.0,0.0,0.0,0.0,0.0,0.0
744,jl_92771cfb5916cfb8,1,1.0,0.0,0.0,0.0,0.0,1.0,0.0,0.0
745,jl_e7565f7e6153540d,1,0.0,0.0,0.0,0.0,0.0,0.0,1.0,0.0
746,jl_296ab9058caf5e24,1,1.0,1.0,0.0,0.0,0.0,0.0,1.0,0.0
747,jl_2be39678142fa1a2,1,0.0,0.0,0.0,0.0,0.0,0.0,0.0,0.0
748,jl_f43e40458ae750f7,1,0.0,0.0,0.0,1.0,0.0,0.0,0.0,0.0
749,jl_899906041b34b07b,1,0.0,0.0,0.0,0.0,0.0,0.0,0.0,0.0
750,jl_53777f80cfd3de1d,1,0.0,0.0,0.0,0.0,0.0,0.0,0.0,0.0
751,jl_78e929012461d450,1,0.0,0.0,0.0,0.0,0.0,1.0,0.0,0.0
752,jl_c110f141fea2888f,1,0.0,0.0,0.0,0.0,0.0,0.0,1.0,0.0
753,jl_ba29f67e688108c5,1,1.0,0.0,0.0,1.0,0.0,0.0,0.0,0.0
754,jl_10becf8503b54a86,1,0.0,0.0,0.0,0.0,0.0,1.0,1.0,0.0
755,jl_bf84c091eac6c525,1,0.0,0.0,0.0,0.0,0.0,1.0,0.0,0.0
756,jl_a6e054a4c171a552,1,0.0,0.0,0.0,0.0,0.0,1.0,0.0,0.0
757,jl_ecb3f8dff0b8cfc0,1,1.0,0.0,0.0,0.0,0.0,0.0,0.0,1.0
758,jl_a6a332c03fae43ff,1,1.0,0.0,0.0,0.0,1.0,0.0,1.0,1.0
759,jl_6cc2143244cb3dae,1,0.0,0.0,0.0,1.0,0.0,0.0,1.0,0.0
760,jl_c70cb33067b1f007,1,0.0,0.0,0.0,0.0,0.0,0.0,1.0,0.0
761,jl_6454e8a52ec9fe83,1,0.0,0.0,0.0,0.0,0.0,0.0,0.0,0.0
762,jl_c2e361dbb71ecbf8,1,0.0,0.0,0.0,0.0,0.0,1.0,1.0,0.0
763,jl_81aecdad83c51b93,1,0.0,0.0,0.0,0.0,0.0,0.0,0.0,0.0
764,jl_e399641afa27d098,1,0.0,0.0,0.0,0.0,0.0,1.0,0.0,0.0
765,jl_4576f50fc80a54eb,1,1.0,0.0,0.0,0.0,0.0,0.0,0.0,1.0
766,jl_945d2c24951198ea,1,1.0,0.0,0.0,0.0,1.0,0.0,1.0,0.0
767,jl_c8c8d305379d71d2,1,0.0,0.0,0.0,0.0,0.0,1.0,1.0,0.0
768,jl_2297c2310db8a379,1,0.0,0.0,0.0,0.0,0.0,1.0,0.0,0.0
769,jl_7c6833653354142f,1,0.0,0.0,0.0,0.0,0.0,0.0,0.0,0.0
770,jl_c5fed7d21d5c5c5c,1,1.0,0.0,0.0,1.0,0.0,0.0,0.0,0.0
771,jl_4d96c101d81ece9b,1,1.0,1.0,0.0,0.0,0.0,0.0,1.0,0.0
772,jl_99e0374d2cd46091,1,0.0,1.0,0.0,0.0,0.0,0.0,0.0,0.0
773,jl_6d0b7bcd478dbb3c,1,1.0,0.0,0.0,0.0,0.0,1.0,0.0,0.0
774,jl_41d8a9a99327af72,1,0.0,0.0,0.0,0.0,0.0,0.0,0.0,1.0
775,jl_3057f60266379f36,1,1.0,0.0,0.0,0.0,0.0,1.0,1.0,0.0
776,jl_04bb52a92d4f229d,1,0.0,1.0,0.0,0.0,0.0,0.0,1.0,0.0
777,jl_860e0ccf2c016d3a,1,0.0,0.0,0.0,0.0,0.0,1.0,0.0,0.0
778,jl_009047ba89f82da3,1,0.0,0.0,0.0,0.0,0.0,0.0,1.0,0.0
779,jl_e8f8047093724ebf,1,0.0,1.0,0.0,0.0,0.0,0.0,0.0,0.0
780,jl_888c13a083803b8a,1,0.0,0.0,0.0,0.0,0.0,0.0,1.0,0.0
781,jl_1ef2bd28d19cbcde,1,0.0,0.0,0.0,0.0,1.0,0.0,0.0,0.0
782,jl_404bd34f24a158ba,1,0.0,0.0,0.0,0.0,0.0,0.0,0.0,0.0
783,jl_21a46de3c190c6cf,1,0.0,0.0,0.0,0.0,0.0,0.0,0.0,1.0
784,jl_fb61ba1d2469e928,1,0.0,1.0,0.0,0.0,0.0,0.0,0.0,0.0
785,jl_bac7bb8567ddcaa5,1,0.0,0.0,0.0,0.0,0.0,0.0,0.0,0.0
786,jl_adf47463432c3a11,1,1.0,0.0,0.0,1.0,0.0,0.0,0.0,0.0
787,jl_33f74adee38cf5dc,1,0.0,0.0,0.0,0.0,0.0,0.0,1.0,0.0
788,jl_80f2955f0cbfd8cd,1,0.0,0.0,0.0,1.0,0.0,0.0,0.0,1.0
789,jl_92307eb3ac5acb6d,1,0.0,0.0,0.0,0.0,0.0,1.0,1.0,1.0
790,jl_5f0f4fe544fd2c7e,1,0.0,0.0,0.0,0.0,0.0,1.0,0.0,0.0
791,jl_153dc9d7804c5c70,1,0.0,0.0,0.0,1.0,0.0,0.0,0.0,0.0
792,jl_ee39ae71ab74406d,1,0.0,0.0,0.0,0.0,0.0,1.0,1.0,0.0
793,jl_fb5f8a6be35f453d,1,0.0,0.0,0.0,0.0,0.0,1.0,0.0,0.0
794,jl_a93519cd9cc82925,1,0.0,1.0,0.0,0.0,0.0,0.0,0.0,1.0
795,jl_0eec3ed19f8d32df,1,0.0,0.0,0.0,1.0,0.0,0.0,0.0,0.0
796,jl_e257b07567e33a04,1,0.0,0.0,0.0,0.0,0.0,0.0,0.0,0.0
797,jl_b97a4744d470ac46,1,1.0,0.0,0.0,0.0,1.0,0.0,1.0,0.0
798,jl_40269c8463be3015,1,0.0,0.0,0.0,0.0,0.0,0.0,0.0,0.0
799,jl_f5264968f6e69951,1,0.0,0.0,0.0,0.0,1.0,0.0,1.0,0.0
800,jl_8db0cd92498e762e,1,0.0,0.0,0.0,0.0,0.0,0.0,1.0,0.0
801,jl_25caa726fe6d5e24,1,0.0,0.0,0.0,0.0,0.0,0.0,0.0,0.0
802,jl_91b954fe8609bc62,1,1.0,0.0,0.0,0.0,0.0,1.0,0.0,0.0
803,jl_77ec63e387b3bce8,1,0.0,1.0,0.0,0.0,0.0,0.0,0.0,0.0
804,jl_efe1f6009c414c19,1,1.0,0.0,0.0,0.0,0.0,0.0,1.0,0.0
805,jl_256cf445cff32ba8,1,0.0,0.0,0.0,0.0,0.0,0.0,1.0,0.0
806,jl_e81fef3c196bc1a6,1,0.0,0.0,0.0,0.0,0.0,0.0,0.0,0.0
807,jl_b5fbf95706d473b4,1,0.0,0.0,0.0,0.0,0.0,0.0,1.0,0.0
808,jl_07f0610171b9aaa1,1,0.0,0.0,0.0,0.0,0.0,0.0,0.0,0.0
809,jl_c588d107ec38a3c4,1,0.0,0.0,0.0,0.0,0.0,0.0,0.0,0.0
810,jl_3434e08258be7549,1,0.0,0.0,0.0,0.0,0.0,0.0,1.0,0.0
811,jl_2d567cadcdaf3888,1,0.0,0.0,0.0,0.0,0.0,0.0,0.0,0.0
812,jl_e82d2fa409c92914,1,1.0,0.0,0.0,0.0,0.0,0.0,1.0,0.0
813,jl_b4c7c825a7a6b003,1,0.0,0.0,0.0,0.0,1.0,0.0,0.0,0.0
814,jl_27fb322b38cf33f8,1,0.0,0.0,0.0,0.0,0.0,0.0,0.0,0.0
815,jl_b9d4a3dd221de435,1,1.0,1.0,0.0,0.0,0.0,0.0,0.0,0.0
816,jl_0c9c4d12f6d795af,1,0.0,0.0,0.0,0.0,0.0,0.0,0.0,0.0
817,jl_5a89ea030350bd4c,1,0.0,1.0,0.0,0.0,0.0,0.0,0.0,0.0
818,jl_685de1553b1c8ac2,1,1.0,1.0,0.0,0.0,0.0,0.0,0.0,0.0
819,jl_af1acc505fdeece5,1,0.0,0.0,0.0,0.0,0.0,0.0,1.0,0.0
820,jl_dc9231ae5b1abeed,1,0.0,0.0,0.0,0.0,0.0,0.0,1.0,0.0
821,jl_6afe6cf53719ff4d,1,0.0,0.0,0.0,0.0,0.0,0.0,0.0,0.0
822,jl_b5539914daac6508,1,1.0,1.0,0.0,0.0,0.0,0.0,0.0,0.0
823,jl_9441717ee65b9177,1,1.0,0.0,0.0,1.0,0.0,0.0,1.0,0.0
824,jl_e5b80bea2dd0b64d,1,0.0,0.0,0.0,1.0,0.0,0.0,0.0,0.0
825,jl_6819841d9c89bd86,1,0.0,0.0,0.0,1.0,0.0,0.0,0.0,0.0
826,jl_30e157fb71ba8637,1,1.0,0.0,0.0,0.0,0.0,1.0,1.0,0.0
827,jl_646ce7296f32f4e0,1,0.0,0.0,0.0,0.0,0.0,1.0,0.0,0.0
828,jl_4e4376beed58ad79,1,0.0,0.0,0.0,0.0,0.0,0.0,0.0,0.0
829,jl_876e38b6ddc4449e,1,0.0,0.0,0.0,0.0,0.0,0.0,0.0,0.0
830,jl_f63f67b22c3e659b,1,0.0,0.0,0.0,0.0,0.0,0.0,0.0,0.0
831,jl_b5ce6f6be95d20fa,1,0.0,0.0,0.0,0.0,0.0,0.0,1.0,0.0
832,jl_74ca15f928a1ae74,1,0.0,0.0,0.0,0.0,0.0,0.0,0.0,0.0
833,jl_06b836eb618ffa74,1,0.0,0.0,1.0,0.0,0.0,0.0,1.0,0.0
834,jl_711f6870454f056c,1,1.0,0.0,0.0,1.0,0.0,0.0,0.0,0.0
835,jl_ee36f52bb9bd3cc4,1,0.0,0.0,0.0,0.0,0.0,1.0,0.0,0.0
836,jl_633a9c84744f3ab0,1,1.0,0.0,0.0,0.0,0.0,0.0,0.0,0.0
837,jl_8d8bcc4b94231180,1,0.0,0.0,0.0,0.0,0.0,0.0,1.0,0.0
838,jl_077fcaea78c12b7b,1,0.0,0.0,0.0,0.0,0.0,0.0,0.0,0.0
839,jl_933aff337be8492f,1,0.0,0.0,0.0,0.0,0.0,1.0,0.0,0.0
840,jl_952541280e473ae9,1,1.0,0.0,0.0,0.0,0.0,0.0,0.0,0.0
841,jl_837284a697a315bb,1,0.0,0.0,0.0,0.0,0.0,0.0,0.0,0.0
842,jl_df1d624f65f1a068,1,0.0,0.0,0.0,0.0,0.0,0.0,0.0,0.0
843,jl_c3234fcad65e6300,1,0.0,0.0,0.0,0.0,0.0,0.0,0.0,0.0
844,jl_a6a9559f32a9a269,1,0.0,0.0,0.0,0.0,0.0,1.0,0.0,0.0
845,jl_7c7971f22ea79fe1,1,0.0,0.0,0.0,0.0,0.0,0.0,0.0,0.0
846,jl_92444c8e49c260c6,1,1.0,0.0,0.0,0.0,0.0,0.0,1.0,0.0
847,jl_97a90ab695f12337,1,1.0,0.0,0.0,1.0,0.0,0.0,1.0,0.0
848,jl_f7807a6ff42fa9cd,1,0.0,0.0,0.0,0.0,0.0,0.0,1.0,0.0
849,jl_1bcd8f5dff60d9ea,1,0.0,0.0,0.0,0.0,0.0,1.0,0.0,0.0
850,jl_537c51a243de988e,1,0.0,0.0,0.0,0.0,0.0,0.0,0.0,0.0
851,jl_064f558e10b67da0,1,0.0,0.0,0.0,0.0,1.0,0.0,0.0,0.0
852,jl_0ec5dd47e2a91c42,1,0.0,0.0,0.0,0.0,0.0,1.0,0.0,0.0
853,jl_b03c777983d5b739,1,0.0,0.0,0.0,0.0,0.0,0.0,0.0,0.0
854,jl_50639cbfc6508f11,1,1.0,1.0,0.0,0.0,0.0,0.0,0.0,0.0
855,jl_df8bf9b054a58b3c,1,0.0,0.0,0.0,0.0,0.0,0.0,0.0,0.0
856,jl_278117f393ec7ada,1,0.0,0.0,0.0,0.0,1.0,0.0,0.0,0.0
857,jl_032a4eee0ef08011,1,0.0,0.0,0.0,0.0,0.0,0.0,0.0,0.0
858,jl_ead9b2b957b62c91,1,1.0,0.0,0.0,0.0,0.0,0.0,0.0,0.0
859,jl_27952ac140bbbd06,1,0.0,0.0,0.0,0.0,0.0,0.0,0.0,1.0
860,jl_9f11d88d32527285,1,0.0,0.0,0.0,0.0,0.0,0.0,0.0,0.0
861,jl_68455d2dc943b499,1,0.0,1.0,0.0,0.0,0.0,0.0,0.0,0.0
862,jl_b4b6456a72609881,1,1.0,1.0,0.0,0.0,0.0,0.0,0.0,0.0
863,jl_d19269bd7b02ec4d,1,0.0,0.0,0.0,1.0,0.0,0.0,0.0,0.0
864,jl_d82d9b3732788c99,1,0.0,0.0,0.0,0.0,0.0,0.0,1.0,0.0
865,jl_988e8c1eefab7d3a,1,0.0,0.0,0.0,0.0,0.0,0.0,0.0,0.0
866,jl_d9145a1c2f636c28,1,1.0,0.0,0.0,0.0,1.0,0.0,0.0,0.0
867,jl_cded8d3d4ae27f2d,1,0.0,0.0,0.0,0.0,0.0,1.0,0.0,0.0
868,jl_e7f2a6affb394fc9,1,0.0,0.0,0.0,0.0,0.0,0.0,1.0,0.0
869,jl_c5c4be7df5600aff,1,0.0,0.0,0.0,1.0,0.0,0.0,1.0,0.0
870,jl_089f591e30eeed8c,1,1.0,0.0,0.0,0.0,0.0,1.0,0.0,1.0
871,jl_825908bad8fc45b8,1,0.0,0.0,0.0,0.0,0.0,0.0,0.0,0.0
872,jl_c502cc5eeed7219b,1,0.0,0.0,0.0,1.0,0.0,0.0,0.0,0.0
873,jl_ec9d038790d4c362,1,0.0,0.0,0.0,0.0,1.0,0.0,1.0,0.0
874,jl_e411139b32fad4c4,1,0.0,0.0,0.0,0.0,0.0,0.0,0.0,0.0
875,jl_6bfb87a89a0f2928,1,1.0,0.0,0.0,0.0,0.0,0.0,1.0,0.0
876,jl_ba4614716f918819,1,0.0,0.0,0.0,0.0,0.0,0.0,0.0,0.0
877,jl_8d01e6c535b4a890,1,0.0,0.0,0.0,0.0,0.0,0.0,0.0,0.0
878,jl_425b55d25103b6cb,1,0.0,1.0,0.0,0.0,0.0,0.0,0.0,0.0
879,jl_09fc86b6840a40ea,1,0.0,0.0,0.0,0.0,1.0,0.0,1.0,0.0
880,jl_df85f4d467781d2b,1,0.0,0.0,0.0,0.0,0.0,0.0,0.0,0.0
881,jl_7c0f0c72027254ef,1,0.0,0.0,0.0,0.0,0.0,0.0,0.0,0.0
882,jl_cd9cddef657eb0ef,1,0.0,0.0,0.0,0.0,0.0,0.0,0.0,0.0
883,jl_87031e141096a78e,1,0.0,0.0,0.0,0.0,0.0,1.0,0.0,0.0
884,jl_924d8b45572f5e59,1,0.0,0.0,0.0,0.0,0.0,0.0,0.0,0.0
885,jl_0355211d34b6c8da,1,0.0,0.0,0.0,0.0,0.0,0.0,0.0,0.0
886,jl_0fbf587bef4e90eb,1,0.0,0.0,0.0,0.0,0.0,0.0,1.0,0.0
887,jl_93681f0484115f0c,1,0.0,0.0,0.0,0.0,0.0,0.0,0.0,0.0
888,jl_14682eae4320278e,1,1.0,0.0,0.0,1.0,0.0,0.0,0.0,0.0
889,jl_496cf4c0a5e536d9,1,0.0,0.0,0.0,0.0,1.0,0.0,1.0,0.0
890,jl_cd9d6a821ccebd35,1,1.0,0.0,0.0,0.0,1.0,0.0,0.0,0.0
891,jl_1b70f9b746843e7e,1,0.0,0.0,0.0,0.0,0.0,0.0,0.0,0.0
892,jl_747f6858a2be64e3,1,0.0,0.0,0.0,0.0,1.0,0.0,0.0,0.0
893,jl_b5e0539887534cc2,1,1.0,0.0,0.0,0.0,0.0,1.0,0.0,0.0
894,jl_1155b9c0cb2e9ea7,1,0.0,0.0,0.0,0.0,0.0,1.0,0.0,0.0
895,jl_4323fcbd22a29a1a,1,0.0,0.0,0.0,0.0,0.0,0.0,0.0,0.0
896,jl_9e903cec0f7fc7bb,1,0.0,0.0,0.0,1.0,0.0,0.0,0.0,0.0
897,jl_56a526f9757fc61b,1,1.0,0.0,0.0,0.0,1.0,0.0,1.0,0.0
898,jl_0e485591e9a7daff,1,0.0,0.0,0.0,0.0,0.0,0.0,0.0,0.0
899,jl_8424422a297608b4,1,0.0,0.0,0.0,0.0,0.0,0.0,1.0,0.0
900,jl_96b2276dc6ba782e,1,0.0,1.0,0.0,0.0,0.0,0.0,0.0,0.0
901,jl_05f19a5d24137747,1,0.0,0.0,0.0,0.0,0.0,1.0,0.0,0.0
902,jl_936f64d202f47fa3,1,0.0,0.0,1.0,0.0,0.0,0.0,0.0,0.0
903,jl_f62e92d1bb2e7f06,1,0.0,0.0,0.0,0.0,0.0,0.0,0.0,0.0
904,jl_05d122c5a0ad3761,1,0.0,0.0,0.0,0.0,0.0,1.0,0.0,0.0
905,jl_046ce6aba3c4bf2c,1,0.0,0.0,0.0,0.0,1.0,0.0,0.0,0.0
906,jl_bbc64dd2906bfedb,1,0.0,0.0,0.0,0.0,0.0,0.0,1.0,0.0
907,jl_5b812ed8af350a74,1,0.0,0.0,0.0,0.0,0.0,1.0,0.0,0.0
908,jl_d3952dc4c4d1b99a,1,0.0,0.0,0.0,0.0,0.0,1.0,0.0,1.0
909,jl_2c7ee2718213fa32,1,0.0,0.0,0.0,0.0,0.0,0.0,0.0,0.0
910,jl_710f66a6c716d386,1,0.0,0.0,0.0,0.0,0.0,0.0,0.0,0.0
911,jl_6fce84d7aedcfa62,1,0.0,0.0,0.0,0.0,0.0,1.0,0.0,0.0
912,jl_7fdc1099541d5aeb,1,0.0,1.0,0.0,0.0,0.0,0.0,1.0,0.0
913,jl_5cef0c3c8fec89d8,1,0.0,1.0,0.0,0.0,0.0,0.0,0.0,1.0
914,jl_2f952787f067faf8,1,1.0,0.0,1.0,0.0,0.0,0.0,0.0,1.0
915,jl_57b148246084bd99,1,0.0,0.0,0.0,0.0,0.0,0.0,0.0,0.0
916,jl_fc88fe68f05aaf18,1,0.0,0.0,0.0,0.0,0.0,0.0,1.0,0.0
917,jl_32a011e572cc35b8,1,0.0,0.0,0.0,0.0,1.0,0.0,0.0,0.0
918,jl_460decf55f256e18,1,0.0,0.0,0.0,1.0,0.0,0.0,0.0,0.0
919,jl_2eae31bc9151c2c8,1,0.0,0.0,0.0,0.0,0.0,0.0,0.0,0.0
920,jl_8a9efdfc6b44ded9,1,0.0,0.0,0.0,0.0,0.0,1.0,0.0,0.0
921,jl_4648fe02ab7759d6,1,0.0,0.0,0.0,0.0,1.0,0.0,0.0,0.0
922,jl_c0dfece2cb14d963,1,0.0,0.0,0.0,0.0,1.0,0.0,0.0,0.0
923,jl_4dcb49af622cef2d,1,0.0,0.0,0.0,0.0,0.0,1.0,0.0,0.0
924,jl_05057391e1c76b90,1,0.0,0.0,0.0,0.0,0.0,0.0,0.0,0.0
925,jl_7e226087f46a55d2,1,0.0,0.0,0.0,0.0,0.0,0.0,0.0,1.0
926,jl_439123a7f45c64f1,1,0.0,0.0,0.0,0.0,1.0,0.0,0.0,0.0
927,jl_047b7e8442ef128a,1,0.0,0.0,0.0,0.0,0.0,1.0,0.0,0.0
928,jl_560b29655820c67b,1,0.0,1.0,0.0,0.0,0.0,0.0,0.0,0.0
929,jl_7d4fe7cf28a1f0ad,1,0.0,0.0,0.0,0.0,0.0,1.0,0.0,0.0
930,jl_fc04adde63b4abd8,1,0.0,0.0,0.0,0.0,0.0,0.0,0.0,0.0
931,jl_2e526d09ec2e5e11,1,0.0,1.0,0.0,0.0,0.0,0.0,0.0,0.0
932,jl_dc7b575443d8a1d9,1,0.0,0.0,0.0,0.0,0.0,0.0,0.0,0.0
933,jl_260a614757781bcf,1,0.0,0.0,0.0,0.0,0.0,0.0,0.0,0.0
934,jl_363d957aa1aada51,1,1.0,0.0,0.0,1.0,0.0,0.0,1.0,0.0
935,jl_3b6453d05750a5d3,1,0.0,0.0,0.0,0.0,0.0,0.0,0.0,0.0
936,jl_430c72375af72021,1,0.0,0.0,0.0,0.0,0.0,0.0,1.0,0.0
937,jl_65d088fbd9d17248,1,0.0,0.0,0.0,0.0,0.0,1.0,1.0,0.0
938,jl_b0ee18cc14538704,1,0.0,0.0,0.0,0.0,0.0,0.0,0.0,0.0
939,jl_d4af01204e873ebb,1,0.0,0.0,0.0,0.0,1.0,0.0,1.0,0.0
940,jl_8b926687779de5d9,1,0.0,0.0,0.0,0.0,0.0,0.0,0.0,0.0
941,jl_3d7d20fabddecd8f,1,1.0,0.0,0.0,0.0,0.0,1.0,0.0,0.0
942,jl_38f5684d89814092,1,0.0,0.0,0.0,0.0,0.0,0.0,0.0,0.0
943,jl_75a5388a6ec22e24,1,1.0,0.0,0.0,0.0,0.0,0.0,0.0,0.0
944,jl_607a415fad0ea278,1,0.0,0.0,0.0,0.0,0.0,0.0,1.0,0.0
945,jl_202272d85630250e,1,0.0,1.0,0.0,0.0,0.0,0.0,0.0,0.0
946,jl_7cf08d1496ecb769,1,0.0,1.0,0.0,0.0,0.0,0.0,1.0,0.0
947,jl_e8dcd5616a128c05,1,0.0,0.0,0.0,0.0,0.0,1.0,0.0,0.0
948,jl_e1e0192be81ac2d3,1,1.0,0.0,0.0,0.0,0.0,1.0,0.0,0.0
949,jl_0427e6a0fbbe079c,1,0.0,1.0,0.0,0.0,0.0,0.0,0.0,0.0
950,jl_068a3979b3d7481e,1,0.0,0.0,0.0,0.0,0.0,1.0,0.0,0.0
951,jl_f56b905b2d02273b,1,0.0,0.0,0.0,0.0,0.0,0.0,1.0,0.0
952,jl_a4bbae96f02d4499,1,0.0,0.0,0.0,0.0,0.0,1.0,1.0,0.0
953,jl_cd5a74e5f7dfee81,1,0.0,0.0,0.0,0.0,0.0,1.0,0.0,0.0
954,jl_149d31c4f6d79b5e,1,0.0,0.0,0.0,1.0,0.0,0.0,0.0,0.0
955,jl_87f40fcb796da2d6,1,0.0,0.0,0.0,0.0,1.0,0.0,0.0,0.0
956,jl_252ce2d7bee328ac,1,0.0,0.0,0.0,0.0,0.0,0.0,0.0,0.0
957,jl_58e0edacff347dd4,1,0.0,0.0,0.0,0.0,0.0,1.0,0.0,1.0
958,jl_c9f3d74dfec2b58a,1,1.0,0.0,0.0,0.0,0.0,0.0,1.0,1.0
959,jl_d8bcfdd349b22c22,1,0.0,1.0,0.0,0.0,0.0,0.0,0.0,0.0
960,jl_e75063ec293d6d0f,1,0.0,0.0,0.0,0.0,0.0,0.0,0.0,0.0
961,jl_526f27a8d12cfb36,1,0.0,1.0,0.0,0.0,0.0,0.0,0.0,0.0
962,jl_7ff2615e4b62177e,1,0.0,0.0,0.0,0.0,0.0,0.0,0.0,0.0
963,jl_7b94192d446afb79,1,0.0,0.0,0.0,1.0,0.0,0.0,0.0,0.0
964,jl_47a1bf7305801ae9,1,0.0,0.0,0.0,0.0,0.0,0.0,0.0,0.0
965,jl_a47c1eeebef5735e,1,0.0,1.0,0.0,0.0,0.0,0.0,0.0,0.0
966,jl_0ec431f1262d6f80,1,0.0,1.0,0.0,0.0,0.0,0.0,1.0,0.0
967,jl_87fb5100b56774da,1,0.0,0.0,0.0,1.0,0.0,0.0,1.0,0.0
968,jl_05670f64b525a32b,1,0.0,0.0,0.0,0.0,0.0,0.0,0.0,0.0
969,jl_8514967d25ce80d3,1,1.0,0.0,0.0,0.0,0.0,0.0,0.0,0.0
970,jl_6ea9738fed1dfbbb,1,0.0,0.0,0.0,1.0,0.0,0.0,1.0,0.0
971,jl_a4700d71c77467b2,1,0.0,0.0,0.0,0.0,0.0,0.0,0.0,0.0
972,jl_8d82455aaea80d06,1,0.0,0.0,0.0,0.0,0.0,0.0,1.0,0.0
973,jl_13dfdb937816c38b,1,0.0,0.0,0.0,0.0,0.0,1.0,0.0,0.0
974,jl_8695d095dacc7a13,1,1.0,0.0,0.0,0.0,0.0,0.0,0.0,0.0
975,jl_6af721714581f547,1,1.0,0.0,0.0,0.0,0.0,0.0,0.0,0.0
976,jl_c5ba0dd2179cabfa,1,0.0,0.0,0.0,0.0,0.0,0.0,0.0,0.0
977,jl_1cab93f7b55785d8,1,0.0,0.0,0.0,0.0,1.0,0.0,0.0,0.0
978,jl_2c54b66cef2ad25f,1,0.0,0.0,0.0,0.0,0.0,0.0,1.0,0.0
979,jl_778ec07a84ce71b3,1,1.0,0.0,0.0,1.0,0.0,0.0,0.0,0.0
980,jl_bd531aa0b00fa421,1,1.0,0.0,1.0,0.0,0.0,0.0,0.0,0.0
981,jl_eb1ada7e963b6f2b,1,0.0,0.0,0.0,0.0,0.0,1.0,0.0,0.0
982,jl_7c388e417a4c39f2,1,1.0,0.0,0.0,0.0,0.0,0.0,0.0,0.0
983,jl_acbc4bf3ea6401bb,1,0.0,0.0,0.0,0.0,0.0,0.0,0.0,0.0
984,jl_506ead9021c7fd81,1,0.0,0.0,0.0,0.0,0.0,0.0,0.0,0.0
985,jl_61fc0250265e49b9,1,0.0,0.0,0.0,0.0,0.0,0.0,0.0,0.0
986,jl_12af4286e57c1164,1,0.0,0.0,0.0,0.0,0.0,0.0,1.0,0.0
987,jl_4554fafebbcef9dc,1,1.0,0.0,0.0,0.0,0.0,0.0,0.0,0.0
988,jl_ba3d69ed03904b9c,1,0.0,0.0,0.0,0.0,0.0,1.0,0.0,0.0
989,jl_22b8fda60b261103,1,0.0,0.0,0.0,0.0,0.0,1.0,0.0,0.0
990,jl_76af30a6c2f392e1,1,0.0,0.0,0.0,0.0,0.0,0.0,0.0,0.0
991,jl_97a611caab239c99,1,1.0,0.0,0.0,0.0,1.0,0.0,1.0,1.0
992,jl_6a0f588f119af7cb,1,0.0,0.0,0.0,0.0,0.0,0.0,0.0,0.0
993,jl_312d2606c04afae2,1,0.0,0.0,0.0,0.0,0.0,0.0,0.0,0.0
994,jl_50da5c3e5214740e,1,0.0,0.0,1.0,0.0,0.0,0.0,0.0,0.0
995,jl_5c8ba2006575d4ed,1,0.0,0.0,0.0,0.0,0.0,0.0,1.0,0.0
996,jl_70fcabbb2c6ee104,1,0.0,0.0,0.0,0.0,0.0,0.0,0.0,0.0
997,jl_a6ea4510e7a307aa,1,0.0,0.0,0.0,0.0,0.0,0.0,0.0,0.0
998,jl_5aea1585f02740da,1,0.0,0.0,0.0,0.0,0.0,0.0,0.0,0.0
999,jl_0232e54f3dc8233a,1,0.0,0.0,0.0,0.0,0.0,0.0,0.0,0.0
1000,jl_c5ae07cfe3202e0a,1,0.0,0.0,0.0,1.0,0.0,0.0,0.0,0.0
1001,jl_4319a7b5e26f65bf,1,0.0,0.0,0.0,0.0,0.0,1.0,0.0,0.0
1002,jl_9a4712954b2ae843,1,1.0,0.0,1.0,0.0,0.0,0.0,0.0,0.0
1003,jl_32f5acfd7a7b7cbb,1,0.0,0.0,0.0,0.0,0.0,0.0,0.0,0.0
1004,jl_2534b1b7bcc5a4a4,1,0.0,0.0,0.0,0.0,0.0,0.0,1.0,0.0
1005,jl_2922d9e0c8b21613,1,0.0,0.0,0.0,0.0,0.0,0.0,1.0,0.0
1006,jl_ff62f477c813f686,1,0.0,1.0,0.0,0.0,0.0,0.0,0.0,0.0
1007,jl_18214d812acba678,1,0.0,0.0,0.0,0.0,1.0,0.0,1.0,0.0
1008,jl_20649ecb991873ed,1,1.0,0.0,0.0,0.0,1.0,0.0,1.0,0.0
1009,jl_90adc7e952924bb6,1,0.0,0.0,0.0,1.0,0.0,0.0,0.0,0.0
1010,jl_fc5751eca4401ecc,1,0.0,0.0,0.0,0.0,1.0,0.0,0.0,0.0
1011,jl_5dedeced904a85f7,1,0.0,0.0,0.0,0.0,0.0,1.0,1.0,0.0
1012,jl_e6ed0ac4745db0fa,1,0.0,0.0,0.0,0.0,0.0,0.0,0.0,0.0
1013,jl_692e7df17a61510a,1,0.0,0.0,0.0,0.0,0.0,0.0,0.0,0.0
1014,jl_24cb08371208a539,1,0.0,0.0,0.0,1.0,0.0,0.0,0.0,0.0
1015,jl_3355ed5bef8a1b80,1,0.0,0.0,0.0,0.0,0.0,1.0,0.0,0.0
1016,jl_8b277ada46fe0a50,1,0.0,0.0,0.0,0.0,0.0,0.0,0.0,1.0
1017,jl_ae9cfbef41233d6b,1,0.0,1.0,0.0,0.0,0.0,0.0,1.0,1.0
1018,jl_08b514f4a446280a,1,0.0,0.0,0.0,0.0,0.0,0.0,0.0,1.0
1019,jl_09c3e2ecd79a4809,1,0.0,0.0,0.0,0.0,0.0,0.0,0.0,0.0
1020,jl_d8de2180dc709548,1,0.0,0.0,0.0,0.0,0.0,0.0,0.0,0.0
1021,jl_5a067325a46c60da,1,1.0,1.0,0.0,0.0,0.0,0.0,0.0,0.0
1022,jl_d68c6ed113c980e5,1,0.0,0.0,0.0,0.0,0.0,0.0,0.0,0.0
1023,jl_3659418d8d2e4f95,1,0.0,0.0,0.0,0.0,0.0,0.0,0.0,0.0
1024,jl_d83a2b74995c9ec4,1,0.0,1.0,0.0,0.0,0.0,0.0,1.0,0.0
1025,jl_1ff91744c8e5ab32,1,0.0,0.0,0.0,0.0,0.0,0.0,0.0,0.0
1026,jl_4fdd3c07c35f1534,1,1.0,0.0,0.0,0.0,0.0,0.0,0.0,0.0
1027,jl_fdc80868e79f458a,1,0.0,0.0,0.0,0.0,0.0,0.0,1.0,0.0
1028,jl_0f87d0f659df75a5,1,1.0,1.0,0.0,0.0,0.0,0.0,1.0,0.0
1029,jl_9ffa35a19d0fab79,1,0.0,0.0,0.0,0.0,0.0,1.0,0.0,0.0
1030,jl_6708273de3aa053f,1,0.0,0.0,0.0,0.0,0.0,0.0,0.0,0.0
1031,jl_d6baff3e82b1db8f,1,1.0,1.0,0.0,0.0,0.0,0.0,1.0,0.0
1032,jl_0a8284dc7eb2838c,1,0.0,0.0,0.0,0.0,0.0,0.0,0.0,0.0
1033,jl_c664f2d9d5ab5708,1,0.0,0.0,0.0,1.0,0.0,0.0,0.0,0.0
1034,jl_17e09680e8e03c44,1,0.0,1.0,0.0,0.0,0.0,0.0,1.0,0.0
1035,jl_cdb163b6cc86c54c,1,0.0,0.0,0.0,0.0,0.0,0.0,0.0,0.0
1036,jl_75db9129d662a27b,1,0.0,0.0,0.0,0.0,0.0,0.0,0.0,0.0
1037,jl_e0d070fde70f4315,1,0.0,0.0,0.0,0.0,0.0,0.0,0.0,0.0
1038,jl_baa9d7201515ccaf,1,1.0,0.0,0.0,0.0,0.0,0.0,0.0,1.0
1039,jl_ec2404401bb94faf,1,0.0,0.0,0.0,0.0,0.0,0.0,0.0,0.0
1040,jl_2471538c70b44aaf,1,0.0,0.0,0.0,0.0,0.0,0.0,1.0,0.0
1041,jl_6f1969f9bde9a93f,1,0.0,0.0,0.0,0.0,0.0,0.0,1.0,0.0
1042,jl_46314eac15b370fb,1,0.0,1.0,0.0,0.0,0.0,0.0,0.0,0.0
1043,jl_fda42ac0efb2b26b,1,1.0,0.0,0.0,0.0,0.0,0.0,0.0,1.0
1044,jl_688311d0b8457ad7,1,0.0,0.0,0.0,0.0,0.0,0.0,0.0,1.0
1045,jl_a5e4263995d2c9b4,1,0.0,0.0,0.0,0.0,0.0,0.0,0.0,0.0
1046,jl_43481848e1116be4,1,0.0,0.0,0.0,0.0,0.0,1.0,0.0,0.0
1047,jl_b15a3aecc286f785,1,0.0,0.0,0.0,0.0,1.0,0.0,0.0,0.0
1048,jl_a15d50dc0c1c2035,1,0.0,0.0,0.0,0.0,0.0,1.0,0.0,0.0
1049,jl_de2022ddd527014b,1,1.0,0.0,0.0,0.0,0.0,0.0,0.0,0.0
1050,jl_17337709d0c856bb,1,0.0,0.0,0.0,0.0,0.0,1.0,0.0,0.0
1051,jl_05812ba77fa73922,1,1.0,0.0,0.0,0.0,0.0,0.0,0.0,0.0
1052,jl_60c00ae9e15f9b07,1,0.0,0.0,0.0,0.0,0.0,1.0,0.0,1.0
1053,jl_b39c4036169c614d,1,1.0,0.0,0.0,0.0,0.0,1.0,0.0,0.0
1054,jl_e4b8d9a769dc46f8,1,0.0,0.0,0.0,0.0,0.0,0.0,1.0,0.0
1055,jl_06c77350e7794eaa,1,1.0,1.0,0.0,0.0,0.0,0.0,0.0,0.0
1056,jl_0bf82be2cbdda685,1,1.0,1.0,0.0,0.0,0.0,0.0,0.0,0.0
1057,jl_21b8f2d75ccf375e,1,1.0,0.0,0.0,0.0,0.0,0.0,0.0,1.0
1058,jl_7f53f8a7cd5a7725,1,1.0,0.0,0.0,0.0,0.0,0.0,0.0,1.0
1059,jl_b05c63c4c15fc39a,1,0.0,0.0,0.0,0.0,0.0,0.0,1.0,0.0
1060,jl_2980b883c17f295e,1,1.0,0.0,0.0,0.0,0.0,0.0,0.0,1.0
1061,jl_0851b211dbf3e3e8,1,1.0,0.0,0.0,0.0,0.0,0.0,0.0,1.0
1062,jl_c8f54d2003b4e465,1,0.0,1.0,0.0,0.0,0.0,0.0,0.0,0.0
1063,jl_fac3198ce3e26fe8,1,0.0,0.0,0.0,0.0,0.0,0.0,0.0,0.0
1064,jl_245db200f5d3556e,1,0.0,0.0,0.0,0.0,0.0,0.0,0.0,1.0
1065,jl_5bb9b8fd7a2f6111,1,0.0,0.0,0.0,0.0,0.0,0.0,1.0,0.0
1066,jl_1251f9d97df48f19,1,0.0,0.0,0.0,0.0,1.0,0.0,0.0,0.0
1067,jl_04406a71a9e70212,1,0.0,0.0,0.0,0.0,0.0,1.0,0.0,0.0
1068,jl_0e2dd682ec7d0a23,1,0.0,0.0,0.0,0.0,0.0,1.0,0.0,0.0
1069,jl_ccd0d8f5006c1270,1,0.0,0.0,0.0,0.0,0.0,0.0,0.0,0.0
1070,jl_ee8f67b5ae176ca2,1,0.0,0.0,0.0,0.0,0.0,0.0,0.0,0.0
1071,jl_7031c6dd541a6f8c,1,1.0,0.0,0.0,0.0,0.0,1.0,0.0,0.0
1072,jl_fa70460613febfb0,1,0.0,1.0,0.0,0.0,0.0,0.0,0.0,0.0
1073,jl_5298143fd4cdc199,1,0.0,0.0,0.0,0.0,0.0,1.0,0.0,0.0
1074,jl_d0815b91b35fc73b,1,0.0,0.0,0.0,0.0,0.0,0.0,0.0,0.0
1075,jl_a86248808a0adf3c,1,0.0,0.0,0.0,0.0,1.0,0.0,0.0,0.0
1076,jl_6e39ed6e8d884048,1,0.0,1.0,0.0,0.0,0.0,0.0,0.0,0.0
1077,jl_cba03bc61748b82c,1,0.0,0.0,0.0,0.0,0.0,1.0,0.0,0.0
1078,jl_741d0d548041a226,1,0.0,0.0,0.0,0.0,0.0,0.0,0.0,0.0
1079,jl_49d8e621971193e3,1,1.0,0.0,0.0,0.0,0.0,0.0,0.0,0.0
1080,jl_6e6a4cd1484ba980,1,0.0,0.0,0.0,0.0,0.0,1.0,0.0,0.0
1081,jl_c8bc79a053042fad,1,0.0,0.0,0.0,0.0,0.0,0.0,0.0,0.0
1082,jl_c0b58f7118adfe7c,1,0.0,0.0,0.0,0.0,0.0,0.0,0.0,0.0
1083,jl_c92470f7720e0198,1,0.0,0.0,0.0,0.0,0.0,0.0,0.0,0.0
1084,jl_29c0202cfc89d948,1,0.0,0.0,0.0,0.0,0.0,0.0,0.0,0.0
1085,jl_6273aa1157ff787a,1,0.0,0.0,0.0,0.0,0.0,0.0,0.0,0.0
1086,jl_8d5beb279210b992,1,0.0,0.0,0.0,0.0,0.0,1.0,0.0,0.0
1087,jl_1e1193426396dad7,1,0.0,0.0,0.0,1.0,0.0,0.0,0.0,0.0
1088,jl_57d36d880dc90113,1,0.0,0.0,0.0,0.0,0.0,1.0,0.0,0.0
1089,jl_63bae70959e9b779,1,0.0,0.0,0.0,0.0,0.0,1.0,0.0,0.0
1090,jl_20eb70540763535f,1,0.0,1.0,0.0,0.0,0.0,0.0,0.0,0.0
1091,jl_ed98ec96c07dede6,1,0.0,1.0,0.0,0.0,0.0,0.0,0.0,0.0
1092,jl_e4a489c291e9abea,1,0.0,0.0,0.0,0.0,0.0,0.0,0.0,0.0
1093,jl_43eb2134fc17d0bf,1,0.0,0.0,0.0,0.0,0.0,0.0,1.0,0.0
1094,jl_dfa3709ac3503f76,1,0.0,1.0,0.0,0.0,0.0,0.0,0.0,0.0
1095,jl_14f72ccbbad6c125,1,1.0,0.0,0.0,0.0,0.0,0.0,0.0,1.0
1096,jl_a6333bbfef5e5f59,1,0.0,0.0,0.0,0.0,0.0,0.0,0.0,0.0
1097,jl_6d726d356420d872,1,0.0,1.0,0.0,0.0,0.0,0.0,0.0,0.0
1098,jl_c324e34081c43ddf,1,0.0,1.0,0.0,0.0,0.0,0.0,0.0,1.0
1099,jl_ff8cabc30ff0cef3,1,0.0,1.0,0.0,0.0,0.0,0.0,0.0,0.0
1100,jl_949cf516ca65f9ae,1,0.0,1.0,0.0,0.0,0.0,0.0,0.0,0.0
1101,jl_d4d9b14b3514459d,1,0.0,0.0,0.0,0.0,0.0,0.0,0.0,1.0
1102,jl_21256e89833ec14b,1,0.0,1.0,0.0,0.0,0.0,0.0,0.0,0.0
1103,jl_75a0849ad4ff3a1a,1,0.0,0.0,0.0,0.0,0.0,0.0,0.0,0.0
1104,jl_1130793f98655196,1,0.0,0.0,0.0,0.0,1.0,0.0,1.0,0.0
1105,jl_689430243e6a7bea,1,0.0,0.0,0.0,0.0,0.0,0.0,0.0,0.0
1106,jl_36ec4280da68fad1,1,0.0,1.0,0.0,0.0,0.0,0.0,0.0,0.0
1107,jl_15e88f9a846c0934,1,0.0,1.0,0.0,0.0,0.0,0.0,0.0,0.0
1108,jl_8a3e91781bf16ddb,1,0.0,0.0,0.0,0.0,0.0,1.0,1.0,0.0
1109,jl_849a440bd44fd715,1,0.0,0.0,0.0,0.0,0.0,0.0,0.0,0.0
1110,jl_204fc1c1fc7667e5,1,0.0,1.0,0.0,0.0,0.0,0.0,0.0,0.0
1111,jl_5002db1bbda7ff3b,1,0.0,0.0,0.0,0.0,0.0,0.0,0.0,0.0
1112,jl_7ca7ec20e8a87bef,1,1.0,0.0,0.0,0.0,0.0,1.0,1.0,1.0
1113,jl_79c5965a53eb6f49,1,0.0,0.0,0.0,0.0,0.0,0.0,0.0,0.0
1114,jl_fc1f842786c79ede,1,0.0,0.0,0.0,0.0,0.0,0.0,1.0,0.0
1115,jl_3e2ccec369db9512,1,0.0,0.0,0.0,0.0,0.0,0.0,0.0,0.0
1116,jl_7e2dba1124b29dcf,1,0.0,0.0,0.0,0.0,0.0,0.0,0.0,0.0
1117,jl_a742c28826776c08,1,0.0,0.0,0.0,0.0,0.0,0.0,1.0,0.0
1118,jl_4c69168b5581484e,1,1.0,0.0,0.0,0.0,0.0,0.0,0.0,1.0
1119,jl_6417b88c1e033352,1,0.0,0.0,0.0,0.0,0.0,0.0,0.0,1.0
1120,jl_e2f0fd8d785c83a3,1,0.0,0.0,0.0,0.0,0.0,1.0,0.0,1.0
1121,jl_69fb1078a82813db,1,0.0,0.0,0.0,0.0,0.0,1.0,0.0,0.0
1122,jl_7baab1e1b0e8e234,1,0.0,0.0,0.0,0.0,0.0,0.0,0.0,0.0
1123,jl_1510a78a5449aebd,1,1.0,0.0,0.0,0.0,0.0,0.0,0.0,1.0
1124,jl_72b70793a17036c8,1,1.0,0.0,0.0,0.0,0.0,0.0,0.0,1.0
